[pid=21800] - [2026-08-13 15:51:35,054] - [core.config.settings] - [INFO] - [Executing get_settings function]
[pid=21800] - [2026-08-13 15:51:36,698] - [core.apis.routes.health_router] - [INFO] - [Calling GET /health endpoint]
[pid=21800] - [2026-08-13 15:51:36,699] - [core.controllers.health_controller] - [INFO] - [Executing HealthController.get_health]
[pid=21800] - [2026-08-13 15:51:36,699] - [core.database.database] - [INFO] - [Executing ping function]
[pid=21800] - [2026-08-13 15:51:36,699] - [core.database.database] - [INFO] - [Executing MongoDatabase function]
[pid=21800] - [2026-08-13 15:51:36,699] - [core.database.database] - [INFO] - [Executing _MongoClientSingleton.__new__ | DB: whitfield_wms]
[pid=21800] - [2026-08-13 15:51:36,734] - [core.database.database] - [INFO] - [MongoDB singleton initialized successfully | URI: mongodb://localhost:27017]
[pid=21800] - [2026-08-13 15:51:36,783] - [core.database.database] - [INFO] - [MongoDB ping successful]
[pid=21800] - [2026-08-13 15:51:36,793] - [core.utils.ticket_generator] - [INFO] - [Executing TicketGenerator.generate_ticket_id for WH: RNO]
[pid=21800] - [2026-08-13 15:51:36,793] - [core.utils.ticket_generator] - [INFO] - [Generated ticket ID: RNO-20260813-014]
[pid=26528] - [2026-08-13 15:53:46,667] - [core.config.settings] - [INFO] - [Executing get_settings function]
[pid=11404] - [2026-08-13 15:53:58,481] - [core.config.settings] - [INFO] - [Executing get_settings function]
[pid=11404] - [2026-08-13 15:53:59,107] - [commons.auth] - [INFO] - [Executing hash_password function]
[pid=11404] - [2026-08-13 15:53:59,467] - [core.apis.routes.auth_router] - [INFO] - [Calling POST /auth/login endpoint]
[pid=11404] - [2026-08-13 15:53:59,467] - [core.controllers.auth_controller] - [INFO] - [Executing AuthController.login]
[pid=11404] - [2026-08-13 15:53:59,467] - [core.cruds.user_crud] - [INFO] - [Executing CRUDUser.get_by_email for: owner@whitfield.com]
[pid=11404] - [2026-08-13 15:53:59,467] - [commons.auth] - [INFO] - [Executing verify_password function]
[pid=11404] - [2026-08-13 15:53:59,739] - [commons.auth] - [INFO] - [Executing create_access_token function]
[pid=11404] - [2026-08-13 15:53:59,744] - [commons.auth] - [INFO] - [Executing create_refresh_token function]
[pid=11404] - [2026-08-13 15:53:59,744] - [core.controllers.auth_controller] - [INFO] - [User login successful: owner@whitfield.com (OWNER)]
[pid=11404] - [2026-08-13 15:53:59,750] - [commons.auth] - [INFO] - [Executing hash_password function]
[pid=11404] - [2026-08-13 15:54:00,046] - [core.apis.routes.auth_router] - [INFO] - [Calling POST /auth/login endpoint]
[pid=11404] - [2026-08-13 15:54:00,046] - [core.controllers.auth_controller] - [INFO] - [Executing AuthController.login]
[pid=11404] - [2026-08-13 15:54:00,046] - [core.cruds.user_crud] - [INFO] - [Executing CRUDUser.get_by_email for: owner@whitfield.com]
[pid=11404] - [2026-08-13 15:54:00,046] - [commons.auth] - [INFO] - [Executing verify_password function]
[pid=11404] - [2026-08-13 15:54:00,351] - [core.controllers.auth_controller] - [WARNING] - [Login failed: invalid password for user (owner@whitfield.com)]
[pid=11404] - [2026-08-13 15:54:00,351] - [core.apis.routes.auth_router] - [ERROR] - [Error in POST /auth/login endpoint: 401: Invalid email or password]
[pid=11404] - [2026-08-13 15:54:00,357] - [commons.auth] - [INFO] - [Executing get_current_user dependency]
[pid=11404] - [2026-08-13 15:54:00,357] - [commons.auth] - [INFO] - [Executing require_roles dependency check]
[pid=11404] - [2026-08-13 15:54:00,358] - [core.apis.routes.warehouse_router] - [INFO] - [Calling POST /warehouses endpoint]
[pid=11404] - [2026-08-13 15:54:00,358] - [core.services.audit_service] - [INFO] - [Executing AuditService.__init__]
[pid=11404] - [2026-08-13 15:54:00,359] - [core.controllers.warehouse_controller] - [INFO] - [Executing WarehouseController.create_warehouse]
[pid=11404] - [2026-08-13 15:54:00,359] - [core.controllers.warehouse_controller] - [ERROR] - [Error in WarehouseController.create_warehouse: 'id']
[pid=11404] - [2026-08-13 15:54:00,359] - [core.apis.routes.warehouse_router] - [ERROR] - [Error in POST /warehouses endpoint: 500: Internal Server Error]
[pid=11404] - [2026-08-13 15:54:00,497] - [core.apis.routes.health_router] - [INFO] - [Calling GET /health endpoint]
[pid=11404] - [2026-08-13 15:54:00,497] - [core.controllers.health_controller] - [INFO] - [Executing HealthController.get_health]
[pid=11404] - [2026-08-13 15:54:00,497] - [core.database.database] - [INFO] - [Executing ping function]
[pid=11404] - [2026-08-13 15:54:00,497] - [core.database.database] - [INFO] - [Executing MongoDatabase function]
[pid=11404] - [2026-08-13 15:54:00,497] - [core.database.database] - [INFO] - [Executing _MongoClientSingleton.__new__ | DB: whitfield_wms]
[pid=11404] - [2026-08-13 15:54:00,506] - [core.database.database] - [INFO] - [MongoDB singleton initialized successfully | URI: mongodb://localhost:27017]
[pid=11404] - [2026-08-13 15:54:00,520] - [core.database.database] - [INFO] - [MongoDB ping successful]
[pid=11404] - [2026-08-13 15:54:00,524] - [core.utils.ticket_generator] - [INFO] - [Executing TicketGenerator.generate_ticket_id for WH: RNO]
[pid=11404] - [2026-08-13 15:54:00,524] - [core.utils.ticket_generator] - [INFO] - [Generated ticket ID: RNO-20260813-014]
[pid=22692] - [2026-08-13 15:54:17,181] - [core.config.settings] - [INFO] - [Executing get_settings function]
[pid=22692] - [2026-08-13 15:54:17,736] - [commons.auth] - [INFO] - [Executing hash_password function]
[pid=22692] - [2026-08-13 15:54:18,021] - [core.apis.routes.auth_router] - [INFO] - [Calling POST /auth/login endpoint]
[pid=22692] - [2026-08-13 15:54:18,021] - [core.controllers.auth_controller] - [INFO] - [Executing AuthController.login]
[pid=22692] - [2026-08-13 15:54:18,022] - [core.cruds.user_crud] - [INFO] - [Executing CRUDUser.get_by_email for: owner@whitfield.com]
[pid=22692] - [2026-08-13 15:54:18,022] - [core.cruds.user_crud] - [ERROR] - [Error in CRUDUser.get_by_email: '_id']
[pid=22692] - [2026-08-13 15:54:18,022] - [core.controllers.auth_controller] - [ERROR] - [Error in AuthController.login: '_id']
[pid=22692] - [2026-08-13 15:54:18,025] - [core.apis.routes.auth_router] - [ERROR] - [Error in POST /auth/login endpoint: 500: Internal Server Error]
[pid=22692] - [2026-08-13 15:54:18,169] - [commons.auth] - [INFO] - [Executing hash_password function]
[pid=22692] - [2026-08-13 15:54:18,456] - [core.apis.routes.auth_router] - [INFO] - [Calling POST /auth/login endpoint]
[pid=22692] - [2026-08-13 15:54:18,457] - [core.controllers.auth_controller] - [INFO] - [Executing AuthController.login]
[pid=22692] - [2026-08-13 15:54:18,457] - [core.cruds.user_crud] - [INFO] - [Executing CRUDUser.get_by_email for: owner@whitfield.com]
[pid=22692] - [2026-08-13 15:54:18,457] - [core.cruds.user_crud] - [ERROR] - [Error in CRUDUser.get_by_email: '_id']
[pid=22692] - [2026-08-13 15:54:18,457] - [core.controllers.auth_controller] - [ERROR] - [Error in AuthController.login: '_id']
[pid=22692] - [2026-08-13 15:54:18,457] - [core.apis.routes.auth_router] - [ERROR] - [Error in POST /auth/login endpoint: 500: Internal Server Error]
[pid=22692] - [2026-08-13 15:54:18,468] - [commons.auth] - [INFO] - [Executing get_current_user dependency]
[pid=22692] - [2026-08-13 15:54:18,468] - [commons.auth] - [INFO] - [Executing require_roles dependency check]
[pid=22692] - [2026-08-13 15:54:18,469] - [core.apis.routes.warehouse_router] - [INFO] - [Calling POST /warehouses endpoint]
[pid=22692] - [2026-08-13 15:54:18,469] - [core.services.audit_service] - [INFO] - [Executing AuditService.__init__]
[pid=22692] - [2026-08-13 15:54:18,469] - [core.controllers.warehouse_controller] - [INFO] - [Executing WarehouseController.create_warehouse]
[pid=22692] - [2026-08-13 15:54:18,469] - [core.services.audit_service] - [INFO] - [Executing AuditService.log_mutation | Action: CREATE | Collection: warehouses]
[pid=22692] - [2026-08-13 15:54:18,469] - [core.controllers.warehouse_controller] - [INFO] - [Warehouse created successfully: RNO]
[pid=22692] - [2026-08-13 15:54:18,476] - [commons.auth] - [INFO] - [Executing get_current_user dependency]
[pid=22692] - [2026-08-13 15:54:18,477] - [commons.auth] - [INFO] - [Executing require_roles dependency check]
[pid=22692] - [2026-08-13 15:54:18,479] - [core.apis.routes.user_router] - [INFO] - [Calling POST /users/managers endpoint]
[pid=22692] - [2026-08-13 15:54:18,479] - [core.controllers.user_controller] - [INFO] - [Executing UserController.create_manager]
[pid=22692] - [2026-08-13 15:54:18,479] - [commons.auth] - [INFO] - [Executing hash_password function]
[pid=22692] - [2026-08-13 15:54:18,801] - [core.services.audit_service] - [INFO] - [Executing AuditService.log_mutation | Action: CREATE | Collection: users]
[pid=22692] - [2026-08-13 15:54:18,802] - [core.controllers.user_controller] - [INFO] - [Manager user created successfully: manager.rno@whitfield.com]
[pid=22692] - [2026-08-13 15:54:18,815] - [commons.auth] - [INFO] - [Executing get_current_user dependency]
[pid=22692] - [2026-08-13 15:54:18,815] - [commons.auth] - [INFO] - [Executing require_roles dependency check]
[pid=22692] - [2026-08-13 15:54:18,821] - [core.apis.routes.user_router] - [INFO] - [Calling POST /users/staff endpoint]
[pid=22692] - [2026-08-13 15:54:18,821] - [core.controllers.user_controller] - [INFO] - [Executing UserController.create_staff]
[pid=22692] - [2026-08-13 15:54:18,821] - [commons.auth] - [INFO] - [Executing hash_password function]
[pid=22692] - [2026-08-13 15:54:19,098] - [core.services.audit_service] - [INFO] - [Executing AuditService.log_mutation | Action: CREATE | Collection: users]
[pid=22692] - [2026-08-13 15:54:19,098] - [core.controllers.user_controller] - [INFO] - [Staff user created successfully: staff.rookie@whitfield.com for WH: 607f1f77bcf86cd799439022]
[pid=22692] - [2026-08-13 15:54:19,104] - [commons.auth] - [INFO] - [Executing get_current_user dependency]
[pid=22692] - [2026-08-13 15:54:19,104] - [commons.auth] - [INFO] - [Executing require_roles dependency check]
[pid=22692] - [2026-08-13 15:54:19,105] - [commons.auth] - [WARNING] - [User staff.rookie@whitfield.com with role STAFF denied access. Required: ['OWNER']]
[pid=22692] - [2026-08-13 15:54:19,123] - [commons.auth] - [INFO] - [Executing get_current_user dependency]
[pid=22692] - [2026-08-13 15:54:19,123] - [commons.auth] - [INFO] - [Executing require_roles dependency check]
[pid=22692] - [2026-08-13 15:54:19,124] - [core.apis.routes.audit_router] - [INFO] - [Calling GET /audit endpoint]
[pid=22692] - [2026-08-13 15:54:19,124] - [core.controllers.audit_controller] - [INFO] - [Executing AuditController.get_audit_logs]
[pid=22692] - [2026-08-13 15:54:19,134] - [core.apis.routes.health_router] - [INFO] - [Calling GET /health endpoint]
[pid=22692] - [2026-08-13 15:54:19,134] - [core.controllers.health_controller] - [INFO] - [Executing HealthController.get_health]
[pid=22692] - [2026-08-13 15:54:19,134] - [core.database.database] - [INFO] - [Executing ping function]
[pid=22692] - [2026-08-13 15:54:19,134] - [core.database.database] - [INFO] - [Executing MongoDatabase function]
[pid=22692] - [2026-08-13 15:54:19,134] - [core.database.database] - [INFO] - [Executing _MongoClientSingleton.__new__ | DB: whitfield_wms]
[pid=22692] - [2026-08-13 15:54:19,142] - [core.database.database] - [INFO] - [MongoDB singleton initialized successfully | URI: mongodb://localhost:27017]
[pid=22692] - [2026-08-13 15:54:19,183] - [core.database.database] - [INFO] - [MongoDB ping successful]
[pid=22692] - [2026-08-13 15:54:19,189] - [core.utils.ticket_generator] - [INFO] - [Executing TicketGenerator.generate_ticket_id for WH: RNO]
[pid=22692] - [2026-08-13 15:54:19,189] - [core.utils.ticket_generator] - [INFO] - [Generated ticket ID: RNO-20260813-014]
[pid=8296] - [2026-08-13 15:54:40,113] - [core.config.settings] - [INFO] - [Executing get_settings function]
[pid=8296] - [2026-08-13 15:54:40,753] - [commons.auth] - [INFO] - [Executing hash_password function]
[pid=8296] - [2026-08-13 15:54:41,074] - [core.apis.routes.auth_router] - [INFO] - [Calling POST /auth/login endpoint]
[pid=8296] - [2026-08-13 15:54:41,074] - [core.controllers.auth_controller] - [INFO] - [Executing AuthController.login]
[pid=8296] - [2026-08-13 15:54:41,074] - [core.cruds.user_crud] - [INFO] - [Executing CRUDUser.get_by_email for: owner@whitfield.com]
[pid=8296] - [2026-08-13 15:54:41,074] - [commons.auth] - [INFO] - [Executing verify_password function]
[pid=8296] - [2026-08-13 15:54:41,362] - [commons.auth] - [INFO] - [Executing create_access_token function]
[pid=8296] - [2026-08-13 15:54:41,365] - [commons.auth] - [INFO] - [Executing create_refresh_token function]
[pid=8296] - [2026-08-13 15:54:41,365] - [core.controllers.auth_controller] - [INFO] - [User login successful: owner@whitfield.com (OWNER)]
[pid=8296] - [2026-08-13 15:54:41,370] - [commons.auth] - [INFO] - [Executing hash_password function]
[pid=8296] - [2026-08-13 15:54:41,656] - [core.apis.routes.auth_router] - [INFO] - [Calling POST /auth/login endpoint]
[pid=8296] - [2026-08-13 15:54:41,656] - [core.controllers.auth_controller] - [INFO] - [Executing AuthController.login]
[pid=8296] - [2026-08-13 15:54:41,656] - [core.cruds.user_crud] - [INFO] - [Executing CRUDUser.get_by_email for: owner@whitfield.com]
[pid=8296] - [2026-08-13 15:54:41,656] - [commons.auth] - [INFO] - [Executing verify_password function]
[pid=8296] - [2026-08-13 15:54:41,977] - [core.controllers.auth_controller] - [WARNING] - [Login failed: invalid password for user (owner@whitfield.com)]
[pid=8296] - [2026-08-13 15:54:41,978] - [core.apis.routes.auth_router] - [ERROR] - [Error in POST /auth/login endpoint: 401: Invalid email or password]
[pid=8296] - [2026-08-13 15:54:41,984] - [commons.auth] - [INFO] - [Executing get_current_user dependency]
[pid=8296] - [2026-08-13 15:54:41,984] - [commons.auth] - [INFO] - [Executing require_roles dependency check]
[pid=8296] - [2026-08-13 15:54:41,985] - [core.apis.routes.warehouse_router] - [INFO] - [Calling POST /warehouses endpoint]
[pid=8296] - [2026-08-13 15:54:41,985] - [core.services.audit_service] - [INFO] - [Executing AuditService.__init__]
[pid=8296] - [2026-08-13 15:54:41,985] - [core.controllers.warehouse_controller] - [INFO] - [Executing WarehouseController.create_warehouse]
[pid=8296] - [2026-08-13 15:54:41,985] - [core.services.audit_service] - [INFO] - [Executing AuditService.log_mutation | Action: CREATE | Collection: warehouses]
[pid=8296] - [2026-08-13 15:54:41,985] - [core.controllers.warehouse_controller] - [INFO] - [Warehouse created successfully: RNO]
[pid=8296] - [2026-08-13 15:54:41,992] - [commons.auth] - [INFO] - [Executing get_current_user dependency]
[pid=8296] - [2026-08-13 15:54:41,993] - [commons.auth] - [INFO] - [Executing require_roles dependency check]
[pid=8296] - [2026-08-13 15:54:41,995] - [core.apis.routes.user_router] - [INFO] - [Calling POST /users/managers endpoint]
[pid=8296] - [2026-08-13 15:54:41,996] - [core.controllers.user_controller] - [INFO] - [Executing UserController.create_manager]
[pid=8296] - [2026-08-13 15:54:41,996] - [commons.auth] - [INFO] - [Executing hash_password function]
[pid=8296] - [2026-08-13 15:54:42,271] - [core.services.audit_service] - [INFO] - [Executing AuditService.log_mutation | Action: CREATE | Collection: users]
[pid=8296] - [2026-08-13 15:54:42,271] - [core.controllers.user_controller] - [INFO] - [Manager user created successfully: manager.rno@whitfield.com]
[pid=8296] - [2026-08-13 15:54:42,277] - [commons.auth] - [INFO] - [Executing get_current_user dependency]
[pid=8296] - [2026-08-13 15:54:42,278] - [commons.auth] - [INFO] - [Executing require_roles dependency check]
[pid=8296] - [2026-08-13 15:54:42,280] - [core.apis.routes.user_router] - [INFO] - [Calling POST /users/staff endpoint]
[pid=8296] - [2026-08-13 15:54:42,280] - [core.controllers.user_controller] - [INFO] - [Executing UserController.create_staff]
[pid=8296] - [2026-08-13 15:54:42,281] - [commons.auth] - [INFO] - [Executing hash_password function]
[pid=8296] - [2026-08-13 15:54:42,563] - [core.services.audit_service] - [INFO] - [Executing AuditService.log_mutation | Action: CREATE | Collection: users]
[pid=8296] - [2026-08-13 15:54:42,564] - [core.controllers.user_controller] - [INFO] - [Staff user created successfully: staff.rookie@whitfield.com for WH: 607f1f77bcf86cd799439022]
[pid=8296] - [2026-08-13 15:54:42,569] - [commons.auth] - [INFO] - [Executing get_current_user dependency]
[pid=8296] - [2026-08-13 15:54:42,569] - [commons.auth] - [INFO] - [Executing require_roles dependency check]
[pid=8296] - [2026-08-13 15:54:42,569] - [commons.auth] - [WARNING] - [User staff.rookie@whitfield.com with role STAFF denied access. Required: ['OWNER']]
[pid=8296] - [2026-08-13 15:54:42,574] - [commons.auth] - [INFO] - [Executing get_current_user dependency]
[pid=8296] - [2026-08-13 15:54:42,575] - [commons.auth] - [INFO] - [Executing require_roles dependency check]
[pid=8296] - [2026-08-13 15:54:42,575] - [core.apis.routes.audit_router] - [INFO] - [Calling GET /audit endpoint]
[pid=8296] - [2026-08-13 15:54:42,575] - [core.controllers.audit_controller] - [INFO] - [Executing AuditController.get_audit_logs]
[pid=8296] - [2026-08-13 15:54:42,585] - [core.apis.routes.health_router] - [INFO] - [Calling GET /health endpoint]
[pid=8296] - [2026-08-13 15:54:42,585] - [core.controllers.health_controller] - [INFO] - [Executing HealthController.get_health]
[pid=8296] - [2026-08-13 15:54:42,586] - [core.database.database] - [INFO] - [Executing ping function]
[pid=8296] - [2026-08-13 15:54:42,586] - [core.database.database] - [INFO] - [Executing MongoDatabase function]
[pid=8296] - [2026-08-13 15:54:42,586] - [core.database.database] - [INFO] - [Executing _MongoClientSingleton.__new__ | DB: whitfield_wms]
[pid=8296] - [2026-08-13 15:54:42,594] - [core.database.database] - [INFO] - [MongoDB singleton initialized successfully | URI: mongodb://localhost:27017]
[pid=8296] - [2026-08-13 15:54:42,603] - [core.database.database] - [INFO] - [MongoDB ping successful]
[pid=8296] - [2026-08-13 15:54:42,608] - [core.utils.ticket_generator] - [INFO] - [Executing TicketGenerator.generate_ticket_id for WH: RNO]
[pid=8296] - [2026-08-13 15:54:42,608] - [core.utils.ticket_generator] - [INFO] - [Generated ticket ID: RNO-20260813-014]
[pid=13244] - [2026-08-13 15:57:28,496] - [core.config.settings] - [INFO] - [Executing get_settings function]
[pid=13244] - [2026-08-13 15:57:29,427] - [commons.auth] - [INFO] - [Executing hash_password function]
[pid=13244] - [2026-08-13 15:57:29,903] - [core.apis.routes.auth_router] - [INFO] - [Calling POST /auth/login endpoint]
[pid=13244] - [2026-08-13 15:57:29,904] - [core.controllers.auth_controller] - [INFO] - [Executing AuthController.login]
[pid=13244] - [2026-08-13 15:57:29,905] - [core.cruds.user_crud] - [INFO] - [Executing CRUDUser.get_by_email for: owner@whitfield.com]
[pid=13244] - [2026-08-13 15:57:29,906] - [commons.auth] - [INFO] - [Executing verify_password function]
[pid=13244] - [2026-08-13 15:57:30,322] - [commons.auth] - [INFO] - [Executing create_access_token function]
[pid=13244] - [2026-08-13 15:57:30,327] - [commons.auth] - [INFO] - [Executing create_refresh_token function]
[pid=13244] - [2026-08-13 15:57:30,328] - [core.controllers.auth_controller] - [INFO] - [User login successful: owner@whitfield.com (OWNER)]
[pid=13244] - [2026-08-13 15:57:30,337] - [commons.auth] - [INFO] - [Executing hash_password function]
[pid=13244] - [2026-08-13 15:57:30,768] - [core.apis.routes.auth_router] - [INFO] - [Calling POST /auth/login endpoint]
[pid=13244] - [2026-08-13 15:57:30,768] - [core.controllers.auth_controller] - [INFO] - [Executing AuthController.login]
[pid=13244] - [2026-08-13 15:57:30,768] - [core.cruds.user_crud] - [INFO] - [Executing CRUDUser.get_by_email for: owner@whitfield.com]
[pid=13244] - [2026-08-13 15:57:30,769] - [commons.auth] - [INFO] - [Executing verify_password function]
[pid=13244] - [2026-08-13 15:57:31,241] - [core.controllers.auth_controller] - [WARNING] - [Login failed: invalid password for user (owner@whitfield.com)]
[pid=13244] - [2026-08-13 15:57:31,241] - [core.apis.routes.auth_router] - [ERROR] - [Error in POST /auth/login endpoint: 401: Invalid email or password]
[pid=13244] - [2026-08-13 15:57:31,260] - [commons.auth] - [INFO] - [Executing get_current_user dependency]
[pid=13244] - [2026-08-13 15:57:31,261] - [commons.auth] - [INFO] - [Executing require_roles dependency check]
[pid=13244] - [2026-08-13 15:57:31,264] - [core.apis.routes.warehouse_router] - [INFO] - [Calling POST /warehouses endpoint]
[pid=13244] - [2026-08-13 15:57:31,265] - [core.services.audit_service] - [INFO] - [Executing AuditService.__init__]
[pid=13244] - [2026-08-13 15:57:31,265] - [core.controllers.warehouse_controller] - [INFO] - [Executing WarehouseController.create_warehouse]
[pid=13244] - [2026-08-13 15:57:31,265] - [core.services.audit_service] - [INFO] - [Executing AuditService.log_mutation | Action: CREATE | Collection: warehouses]
[pid=13244] - [2026-08-13 15:57:31,266] - [core.controllers.warehouse_controller] - [INFO] - [Warehouse created successfully: RNO]
[pid=13244] - [2026-08-13 15:57:31,283] - [commons.auth] - [INFO] - [Executing get_current_user dependency]
[pid=13244] - [2026-08-13 15:57:31,284] - [commons.auth] - [INFO] - [Executing require_roles dependency check]
[pid=13244] - [2026-08-13 15:57:31,291] - [core.apis.routes.user_router] - [INFO] - [Calling POST /users/managers endpoint]
[pid=13244] - [2026-08-13 15:57:31,291] - [core.controllers.user_controller] - [INFO] - [Executing UserController.create_manager]
[pid=13244] - [2026-08-13 15:57:31,292] - [commons.auth] - [INFO] - [Executing hash_password function]
[pid=13244] - [2026-08-13 15:57:31,731] - [core.services.audit_service] - [INFO] - [Executing AuditService.log_mutation | Action: CREATE | Collection: users]
[pid=13244] - [2026-08-13 15:57:31,732] - [core.controllers.user_controller] - [INFO] - [Manager user created successfully: manager.rno@whitfield.com]
[pid=13244] - [2026-08-13 15:57:31,761] - [commons.auth] - [INFO] - [Executing get_current_user dependency]
[pid=13244] - [2026-08-13 15:57:31,763] - [commons.auth] - [INFO] - [Executing require_roles dependency check]
[pid=13244] - [2026-08-13 15:57:31,770] - [core.apis.routes.user_router] - [INFO] - [Calling POST /users/staff endpoint]
[pid=13244] - [2026-08-13 15:57:31,771] - [core.controllers.user_controller] - [INFO] - [Executing UserController.create_staff]
[pid=13244] - [2026-08-13 15:57:31,771] - [commons.auth] - [INFO] - [Executing hash_password function]
[pid=13244] - [2026-08-13 15:57:32,204] - [core.services.audit_service] - [INFO] - [Executing AuditService.log_mutation | Action: CREATE | Collection: users]
[pid=13244] - [2026-08-13 15:57:32,204] - [core.controllers.user_controller] - [INFO] - [Staff user created successfully: staff.rookie@whitfield.com for WH: 607f1f77bcf86cd799439022]
[pid=13244] - [2026-08-13 15:57:32,218] - [commons.auth] - [INFO] - [Executing get_current_user dependency]
[pid=13244] - [2026-08-13 15:57:32,219] - [commons.auth] - [INFO] - [Executing require_roles dependency check]
[pid=13244] - [2026-08-13 15:57:32,219] - [commons.auth] - [WARNING] - [User staff.rookie@whitfield.com with role STAFF denied access. Required: ['OWNER']]
[pid=13244] - [2026-08-13 15:57:32,231] - [commons.auth] - [INFO] - [Executing get_current_user dependency]
[pid=13244] - [2026-08-13 15:57:32,232] - [commons.auth] - [INFO] - [Executing require_roles dependency check]
[pid=13244] - [2026-08-13 15:57:32,232] - [core.apis.routes.audit_router] - [INFO] - [Calling GET /audit endpoint]
[pid=13244] - [2026-08-13 15:57:32,233] - [core.controllers.audit_controller] - [INFO] - [Executing AuditController.get_audit_logs]
[pid=13244] - [2026-08-13 15:57:32,258] - [core.apis.routes.health_router] - [INFO] - [Calling GET /health endpoint]
[pid=13244] - [2026-08-13 15:57:32,258] - [core.controllers.health_controller] - [INFO] - [Executing HealthController.get_health]
[pid=13244] - [2026-08-13 15:57:32,259] - [core.database.database] - [INFO] - [Executing ping function]
[pid=13244] - [2026-08-13 15:57:32,259] - [core.database.database] - [INFO] - [Executing MongoDatabase function]
[pid=13244] - [2026-08-13 15:57:32,259] - [core.database.database] - [INFO] - [Executing _MongoClientSingleton.__new__ | DB: whitfield_wms]
[pid=13244] - [2026-08-13 15:57:32,282] - [core.database.database] - [INFO] - [MongoDB singleton initialized successfully | URI: mongodb://localhost:27017]
[pid=13244] - [2026-08-13 15:57:32,301] - [core.database.database] - [INFO] - [MongoDB ping successful]
[pid=13244] - [2026-08-13 15:57:32,326] - [commons.auth] - [INFO] - [Executing get_current_user dependency]
[pid=13244] - [2026-08-13 15:57:32,329] - [core.apis.routes.arrival_router] - [INFO] - [Calling POST /arrivals endpoint]
[pid=13244] - [2026-08-13 15:57:32,329] - [core.controllers.arrival_controller] - [INFO] - [Executing ArrivalController.process_arrival]
[pid=13244] - [2026-08-13 15:57:32,329] - [core.utils.ticket_generator] - [INFO] - [Executing TicketGenerator.generate_ticket_id for WH: RNO]
[pid=13244] - [2026-08-13 15:57:32,330] - [core.database.database] - [INFO] - [Executing MongoDatabase function]
[pid=13244] - [2026-08-13 15:57:32,330] - [core.utils.ticket_generator] - [ERROR] - [Error in TicketGenerator.generate_ticket_id: Event loop is closed]
[pid=13244] - [2026-08-13 15:57:32,330] - [core.controllers.arrival_controller] - [ERROR] - [Error in ArrivalController.process_arrival: Event loop is closed]
[pid=13244] - [2026-08-13 15:57:32,331] - [core.apis.routes.arrival_router] - [ERROR] - [Error in POST /arrivals endpoint: 500: Internal Server Error]
[pid=13244] - [2026-08-13 15:57:32,858] - [commons.auth] - [INFO] - [Executing get_current_user dependency]
[pid=13244] - [2026-08-13 15:57:32,859] - [core.apis.routes.arrival_router] - [INFO] - [Calling POST /arrivals endpoint]
[pid=13244] - [2026-08-13 15:57:32,860] - [core.controllers.arrival_controller] - [INFO] - [Executing ArrivalController.process_arrival]
[pid=13244] - [2026-08-13 15:57:32,860] - [core.utils.ticket_generator] - [INFO] - [Executing TicketGenerator.generate_ticket_id for WH: LAX]
[pid=13244] - [2026-08-13 15:57:32,860] - [core.database.database] - [INFO] - [Executing MongoDatabase function]
[pid=13244] - [2026-08-13 15:57:32,861] - [core.utils.ticket_generator] - [ERROR] - [Error in TicketGenerator.generate_ticket_id: Event loop is closed]
[pid=13244] - [2026-08-13 15:57:32,861] - [core.controllers.arrival_controller] - [ERROR] - [Error in ArrivalController.process_arrival: Event loop is closed]
[pid=13244] - [2026-08-13 15:57:32,861] - [core.apis.routes.arrival_router] - [ERROR] - [Error in POST /arrivals endpoint: 500: Internal Server Error]
[pid=13244] - [2026-08-13 15:57:32,881] - [core.utils.ticket_generator] - [INFO] - [Executing TicketGenerator.generate_ticket_id for WH: RNO]
[pid=13244] - [2026-08-13 15:57:32,882] - [core.utils.ticket_generator] - [INFO] - [Generated ticket ID: RNO-20260813-014]
[pid=24916] - [2026-08-13 15:57:37,977] - [core.config.settings] - [INFO] - [Executing get_settings function]
[pid=24916] - [2026-08-13 15:57:38,704] - [commons.auth] - [INFO] - [Executing get_current_user dependency]
[pid=24916] - [2026-08-13 15:57:38,706] - [core.apis.routes.arrival_router] - [INFO] - [Calling POST /arrivals endpoint]
[pid=24916] - [2026-08-13 15:57:38,706] - [core.services.audit_service] - [INFO] - [Executing AuditService.__init__]
[pid=24916] - [2026-08-13 15:57:38,706] - [core.controllers.arrival_controller] - [INFO] - [Executing ArrivalController.process_arrival]
[pid=24916] - [2026-08-13 15:57:38,706] - [core.utils.ticket_generator] - [INFO] - [Executing TicketGenerator.generate_ticket_id for WH: RNO]
[pid=24916] - [2026-08-13 15:57:38,710] - [core.database.database] - [INFO] - [Executing MongoDatabase function]
[pid=24916] - [2026-08-13 15:57:38,710] - [core.database.database] - [INFO] - [Executing _MongoClientSingleton.__new__ | DB: whitfield_wms]
[pid=24916] - [2026-08-13 15:57:38,721] - [core.database.database] - [INFO] - [MongoDB singleton initialized successfully | URI: mongodb://localhost:27017]
[pid=24916] - [2026-08-13 15:57:38,820] - [core.utils.ticket_generator] - [INFO] - [Generated ticket ID: RNO-20260813-001]
[pid=24916] - [2026-08-13 15:57:38,820] - [core.services.audit_service] - [INFO] - [Executing AuditService.log_mutation | Action: ARRIVE | Collection: tickets]
[pid=24916] - [2026-08-13 15:57:38,821] - [core.controllers.arrival_controller] - [INFO] - [Arrival processed successfully! Generated Ticket ID: RNO-20260813-001]
[pid=24916] - [2026-08-13 15:57:38,827] - [commons.auth] - [INFO] - [Executing get_current_user dependency]
[pid=24916] - [2026-08-13 15:57:38,833] - [core.apis.routes.ticket_router] - [INFO] - [Calling POST /tickets/RNO-20260813-001/items endpoint]
[pid=24916] - [2026-08-13 15:57:38,834] - [core.controllers.ticket_controller] - [INFO] - [Executing TicketController.log_item_scan for ticket: RNO-20260813-001]
[pid=24916] - [2026-08-13 15:57:38,835] - [core.services.audit_service] - [INFO] - [Executing AuditService.log_mutation | Action: SCAN_ITEM | Collection: items]
[pid=24916] - [2026-08-13 15:57:38,835] - [core.controllers.ticket_controller] - [INFO] - [Item scanned and logged successfully! Unit Seq: 1 under Ticket: RNO-20260813-001]
[pid=24916] - [2026-08-13 15:57:38,838] - [commons.auth] - [INFO] - [Executing get_current_user dependency]
[pid=24916] - [2026-08-13 15:57:38,838] - [core.apis.routes.ticket_router] - [INFO] - [Calling PUT /tickets/ticket123/submit-inspection endpoint]
[pid=24916] - [2026-08-13 15:57:38,839] - [core.controllers.ticket_controller] - [INFO] - [Executing TicketController.submit_inspection for: ticket123]
[pid=24916] - [2026-08-13 15:57:38,839] - [core.services.audit_service] - [INFO] - [Executing AuditService.log_mutation | Action: SUBMIT_INSPECTION | Collection: tickets]
[pid=24916] - [2026-08-13 15:57:38,839] - [core.controllers.ticket_controller] - [INFO] - [Ticket submitted for inspection approval: RNO-20260813-001]
[pid=24916] - [2026-08-13 15:57:38,842] - [commons.auth] - [INFO] - [Executing get_current_user dependency]
[pid=24916] - [2026-08-13 15:57:38,842] - [commons.auth] - [INFO] - [Executing require_roles dependency check]
[pid=24916] - [2026-08-13 15:57:38,843] - [core.apis.routes.ticket_router] - [INFO] - [Calling POST /tickets/ticket123/approve endpoint]
[pid=24916] - [2026-08-13 15:57:38,843] - [core.controllers.ticket_controller] - [INFO] - [Executing TicketController.approve_ticket: ticket123]
[pid=24916] - [2026-08-13 15:57:38,843] - [core.services.audit_service] - [INFO] - [Executing AuditService.log_mutation | Action: APPROVE_SHIPMENT | Collection: tickets]
[pid=24916] - [2026-08-13 15:57:38,844] - [core.controllers.ticket_controller] - [INFO] - [Ticket inspection APPROVED! Status: SHIPMENT_ARRIVED for Ticket: RNO-20260813-001]
[pid=24916] - [2026-08-13 15:57:38,847] - [commons.auth] - [INFO] - [Executing get_current_user dependency]
[pid=24916] - [2026-08-13 15:57:38,848] - [core.apis.routes.ticket_router] - [INFO] - [Calling POST /tickets/ticket123/store endpoint]
[pid=24916] - [2026-08-13 15:57:38,848] - [core.controllers.ticket_controller] - [INFO] - [Executing TicketController.store_ticket: ticket123 -> A-04-12]
[pid=24916] - [2026-08-13 15:57:38,848] - [core.cruds.item_crud] - [INFO] - [Executing CRUDItem.update_item: item123]
[pid=24916] - [2026-08-13 15:57:38,848] - [core.database.database] - [INFO] - [Executing MongoDatabase function]
[pid=24916] - [2026-08-13 15:57:38,851] - [core.services.audit_service] - [INFO] - [Executing AuditService.log_mutation | Action: STORE_TICKET | Collection: tickets]
[pid=24916] - [2026-08-13 15:57:38,852] - [core.controllers.ticket_controller] - [INFO] - [Ticket STORED successfully at location: A-04-12]
[pid=24916] - [2026-08-13 15:57:38,863] - [commons.auth] - [INFO] - [Executing get_current_user dependency]
[pid=24916] - [2026-08-13 15:57:38,863] - [core.apis.routes.arrival_router] - [INFO] - [Calling POST /arrivals endpoint]
[pid=24916] - [2026-08-13 15:57:38,863] - [core.controllers.arrival_controller] - [INFO] - [Executing ArrivalController.process_arrival]
[pid=24916] - [2026-08-13 15:57:38,863] - [core.utils.ticket_generator] - [INFO] - [Executing TicketGenerator.generate_ticket_id for WH: LAX]
[pid=24916] - [2026-08-13 15:57:38,863] - [core.database.database] - [INFO] - [Executing MongoDatabase function]
[pid=24916] - [2026-08-13 15:57:38,864] - [core.utils.ticket_generator] - [ERROR] - [Error in TicketGenerator.generate_ticket_id: Event loop is closed]
[pid=24916] - [2026-08-13 15:57:38,864] - [core.controllers.arrival_controller] - [ERROR] - [Error in ArrivalController.process_arrival: Event loop is closed]
[pid=24916] - [2026-08-13 15:57:38,864] - [core.apis.routes.arrival_router] - [ERROR] - [Error in POST /arrivals endpoint: 500: Internal Server Error]
[pid=8980] - [2026-08-13 15:57:50,444] - [core.config.settings] - [INFO] - [Executing get_settings function]
[pid=8980] - [2026-08-13 15:57:51,159] - [commons.auth] - [INFO] - [Executing hash_password function]
[pid=8980] - [2026-08-13 15:57:51,512] - [core.apis.routes.auth_router] - [INFO] - [Calling POST /auth/login endpoint]
[pid=8980] - [2026-08-13 15:57:51,512] - [core.controllers.auth_controller] - [INFO] - [Executing AuthController.login]
[pid=8980] - [2026-08-13 15:57:51,512] - [core.cruds.user_crud] - [INFO] - [Executing CRUDUser.get_by_email for: owner@whitfield.com]
[pid=8980] - [2026-08-13 15:57:51,512] - [commons.auth] - [INFO] - [Executing verify_password function]
[pid=8980] - [2026-08-13 15:57:51,933] - [commons.auth] - [INFO] - [Executing create_access_token function]
[pid=8980] - [2026-08-13 15:57:51,938] - [commons.auth] - [INFO] - [Executing create_refresh_token function]
[pid=8980] - [2026-08-13 15:57:51,938] - [core.controllers.auth_controller] - [INFO] - [User login successful: owner@whitfield.com (OWNER)]
[pid=8980] - [2026-08-13 15:57:51,948] - [commons.auth] - [INFO] - [Executing hash_password function]
[pid=8980] - [2026-08-13 15:57:52,434] - [core.apis.routes.auth_router] - [INFO] - [Calling POST /auth/login endpoint]
[pid=8980] - [2026-08-13 15:57:52,434] - [core.controllers.auth_controller] - [INFO] - [Executing AuthController.login]
[pid=8980] - [2026-08-13 15:57:52,435] - [core.cruds.user_crud] - [INFO] - [Executing CRUDUser.get_by_email for: owner@whitfield.com]
[pid=8980] - [2026-08-13 15:57:52,435] - [commons.auth] - [INFO] - [Executing verify_password function]
[pid=8980] - [2026-08-13 15:57:52,881] - [core.controllers.auth_controller] - [WARNING] - [Login failed: invalid password for user (owner@whitfield.com)]
[pid=8980] - [2026-08-13 15:57:52,882] - [core.apis.routes.auth_router] - [ERROR] - [Error in POST /auth/login endpoint: 401: Invalid email or password]
[pid=8980] - [2026-08-13 15:57:52,896] - [commons.auth] - [INFO] - [Executing get_current_user dependency]
[pid=8980] - [2026-08-13 15:57:52,896] - [commons.auth] - [INFO] - [Executing require_roles dependency check]
[pid=8980] - [2026-08-13 15:57:52,899] - [core.apis.routes.warehouse_router] - [INFO] - [Calling POST /warehouses endpoint]
[pid=8980] - [2026-08-13 15:57:52,899] - [core.services.audit_service] - [INFO] - [Executing AuditService.__init__]
[pid=8980] - [2026-08-13 15:57:52,900] - [core.controllers.warehouse_controller] - [INFO] - [Executing WarehouseController.create_warehouse]
[pid=8980] - [2026-08-13 15:57:52,900] - [core.services.audit_service] - [INFO] - [Executing AuditService.log_mutation | Action: CREATE | Collection: warehouses]
[pid=8980] - [2026-08-13 15:57:52,900] - [core.controllers.warehouse_controller] - [INFO] - [Warehouse created successfully: RNO]
[pid=8980] - [2026-08-13 15:57:52,921] - [commons.auth] - [INFO] - [Executing get_current_user dependency]
[pid=8980] - [2026-08-13 15:57:52,922] - [commons.auth] - [INFO] - [Executing require_roles dependency check]
[pid=8980] - [2026-08-13 15:57:52,927] - [core.apis.routes.user_router] - [INFO] - [Calling POST /users/managers endpoint]
[pid=8980] - [2026-08-13 15:57:52,928] - [core.controllers.user_controller] - [INFO] - [Executing UserController.create_manager]
[pid=8980] - [2026-08-13 15:57:52,928] - [commons.auth] - [INFO] - [Executing hash_password function]
[pid=8980] - [2026-08-13 15:57:53,379] - [core.services.audit_service] - [INFO] - [Executing AuditService.log_mutation | Action: CREATE | Collection: users]
[pid=8980] - [2026-08-13 15:57:53,379] - [core.controllers.user_controller] - [INFO] - [Manager user created successfully: manager.rno@whitfield.com]
[pid=8980] - [2026-08-13 15:57:53,404] - [commons.auth] - [INFO] - [Executing get_current_user dependency]
[pid=8980] - [2026-08-13 15:57:53,407] - [commons.auth] - [INFO] - [Executing require_roles dependency check]
[pid=8980] - [2026-08-13 15:57:53,423] - [core.apis.routes.user_router] - [INFO] - [Calling POST /users/staff endpoint]
[pid=8980] - [2026-08-13 15:57:53,423] - [core.controllers.user_controller] - [INFO] - [Executing UserController.create_staff]
[pid=8980] - [2026-08-13 15:57:53,424] - [commons.auth] - [INFO] - [Executing hash_password function]
[pid=8980] - [2026-08-13 15:57:53,897] - [core.services.audit_service] - [INFO] - [Executing AuditService.log_mutation | Action: CREATE | Collection: users]
[pid=8980] - [2026-08-13 15:57:53,898] - [core.controllers.user_controller] - [INFO] - [Staff user created successfully: staff.rookie@whitfield.com for WH: 607f1f77bcf86cd799439022]
[pid=8980] - [2026-08-13 15:57:53,921] - [commons.auth] - [INFO] - [Executing get_current_user dependency]
[pid=8980] - [2026-08-13 15:57:53,922] - [commons.auth] - [INFO] - [Executing require_roles dependency check]
[pid=8980] - [2026-08-13 15:57:53,923] - [commons.auth] - [WARNING] - [User staff.rookie@whitfield.com with role STAFF denied access. Required: ['OWNER']]
[pid=8980] - [2026-08-13 15:57:53,941] - [commons.auth] - [INFO] - [Executing get_current_user dependency]
[pid=8980] - [2026-08-13 15:57:53,942] - [commons.auth] - [INFO] - [Executing require_roles dependency check]
[pid=8980] - [2026-08-13 15:57:53,943] - [core.apis.routes.audit_router] - [INFO] - [Calling GET /audit endpoint]
[pid=8980] - [2026-08-13 15:57:53,943] - [core.controllers.audit_controller] - [INFO] - [Executing AuditController.get_audit_logs]
[pid=8980] - [2026-08-13 15:57:53,988] - [core.apis.routes.health_router] - [INFO] - [Calling GET /health endpoint]
[pid=8980] - [2026-08-13 15:57:53,989] - [core.controllers.health_controller] - [INFO] - [Executing HealthController.get_health]
[pid=8980] - [2026-08-13 15:57:53,990] - [core.database.database] - [INFO] - [Executing ping function]
[pid=8980] - [2026-08-13 15:57:53,990] - [core.database.database] - [INFO] - [Executing MongoDatabase function]
[pid=8980] - [2026-08-13 15:57:53,991] - [core.database.database] - [INFO] - [Executing _MongoClientSingleton.__new__ | DB: whitfield_wms]
[pid=8980] - [2026-08-13 15:57:54,017] - [core.database.database] - [INFO] - [MongoDB singleton initialized successfully | URI: mongodb://localhost:27017]
[pid=8980] - [2026-08-13 15:57:54,039] - [core.database.database] - [INFO] - [MongoDB ping successful]
[pid=8980] - [2026-08-13 15:57:54,062] - [commons.auth] - [INFO] - [Executing get_current_user dependency]
[pid=8980] - [2026-08-13 15:57:54,065] - [core.apis.routes.arrival_router] - [INFO] - [Calling POST /arrivals endpoint]
[pid=8980] - [2026-08-13 15:57:54,066] - [core.controllers.arrival_controller] - [INFO] - [Executing ArrivalController.process_arrival]
[pid=8980] - [2026-08-13 15:57:54,066] - [core.services.audit_service] - [INFO] - [Executing AuditService.log_mutation | Action: ARRIVE | Collection: tickets]
[pid=8980] - [2026-08-13 15:57:54,067] - [core.controllers.arrival_controller] - [INFO] - [Arrival processed successfully! Generated Ticket ID: RNO-20260813-001]
[pid=8980] - [2026-08-13 15:57:54,070] - [commons.auth] - [INFO] - [Executing get_current_user dependency]
[pid=8980] - [2026-08-13 15:57:54,077] - [core.apis.routes.ticket_router] - [INFO] - [Calling POST /tickets/RNO-20260813-001/items endpoint]
[pid=8980] - [2026-08-13 15:57:54,077] - [core.controllers.ticket_controller] - [INFO] - [Executing TicketController.log_item_scan for ticket: RNO-20260813-001]
[pid=8980] - [2026-08-13 15:57:54,078] - [core.services.audit_service] - [INFO] - [Executing AuditService.log_mutation | Action: SCAN_ITEM | Collection: items]
[pid=8980] - [2026-08-13 15:57:54,078] - [core.controllers.ticket_controller] - [INFO] - [Item scanned and logged successfully! Unit Seq: 1 under Ticket: RNO-20260813-001]
[pid=8980] - [2026-08-13 15:57:54,080] - [commons.auth] - [INFO] - [Executing get_current_user dependency]
[pid=8980] - [2026-08-13 15:57:54,081] - [core.apis.routes.ticket_router] - [INFO] - [Calling PUT /tickets/ticket123/submit-inspection endpoint]
[pid=8980] - [2026-08-13 15:57:54,081] - [core.controllers.ticket_controller] - [INFO] - [Executing TicketController.submit_inspection for: ticket123]
[pid=8980] - [2026-08-13 15:57:54,082] - [core.services.audit_service] - [INFO] - [Executing AuditService.log_mutation | Action: SUBMIT_INSPECTION | Collection: tickets]
[pid=8980] - [2026-08-13 15:57:54,083] - [core.controllers.ticket_controller] - [INFO] - [Ticket submitted for inspection approval: RNO-20260813-001]
[pid=8980] - [2026-08-13 15:57:54,085] - [commons.auth] - [INFO] - [Executing get_current_user dependency]
[pid=8980] - [2026-08-13 15:57:54,085] - [commons.auth] - [INFO] - [Executing require_roles dependency check]
[pid=8980] - [2026-08-13 15:57:54,086] - [core.apis.routes.ticket_router] - [INFO] - [Calling POST /tickets/ticket123/approve endpoint]
[pid=8980] - [2026-08-13 15:57:54,086] - [core.controllers.ticket_controller] - [INFO] - [Executing TicketController.approve_ticket: ticket123]
[pid=8980] - [2026-08-13 15:57:54,086] - [core.services.audit_service] - [INFO] - [Executing AuditService.log_mutation | Action: APPROVE_SHIPMENT | Collection: tickets]
[pid=8980] - [2026-08-13 15:57:54,087] - [core.controllers.ticket_controller] - [INFO] - [Ticket inspection APPROVED! Status: SHIPMENT_ARRIVED for Ticket: RNO-20260813-001]
[pid=8980] - [2026-08-13 15:57:54,090] - [commons.auth] - [INFO] - [Executing get_current_user dependency]
[pid=8980] - [2026-08-13 15:57:54,091] - [core.apis.routes.ticket_router] - [INFO] - [Calling POST /tickets/ticket123/store endpoint]
[pid=8980] - [2026-08-13 15:57:54,091] - [core.controllers.ticket_controller] - [INFO] - [Executing TicketController.store_ticket: ticket123 -> A-04-12]
[pid=8980] - [2026-08-13 15:57:54,092] - [core.cruds.item_crud] - [INFO] - [Executing CRUDItem.update_item: item123]
[pid=8980] - [2026-08-13 15:57:54,092] - [core.database.database] - [INFO] - [Executing MongoDatabase function]
[pid=8980] - [2026-08-13 15:57:54,093] - [core.cruds.item_crud] - [ERROR] - [Error in CRUDItem.update_item: Event loop is closed]
[pid=8980] - [2026-08-13 15:57:54,093] - [core.controllers.ticket_controller] - [ERROR] - [Error in TicketController.store_ticket: Event loop is closed]
[pid=8980] - [2026-08-13 15:57:54,093] - [core.apis.routes.ticket_router] - [ERROR] - [Error in POST /tickets/ticket123/store endpoint: 500: Internal Server Error]
[pid=8980] - [2026-08-13 15:57:54,608] - [commons.auth] - [INFO] - [Executing get_current_user dependency]
[pid=8980] - [2026-08-13 15:57:54,609] - [core.apis.routes.arrival_router] - [INFO] - [Calling POST /arrivals endpoint]
[pid=8980] - [2026-08-13 15:57:54,609] - [core.controllers.arrival_controller] - [INFO] - [Executing ArrivalController.process_arrival]
[pid=8980] - [2026-08-13 15:57:54,610] - [core.services.audit_service] - [INFO] - [Executing AuditService.log_mutation | Action: ARRIVE | Collection: tickets]
[pid=8980] - [2026-08-13 15:57:54,610] - [core.controllers.arrival_controller] - [INFO] - [Arrival processed successfully! Generated Ticket ID: LAX-20260813-001]
[pid=8980] - [2026-08-13 15:57:54,621] - [core.utils.ticket_generator] - [INFO] - [Executing TicketGenerator.generate_ticket_id for WH: RNO]
[pid=8980] - [2026-08-13 15:57:54,622] - [core.utils.ticket_generator] - [INFO] - [Generated ticket ID: RNO-20260813-014]
[pid=5136] - [2026-08-13 15:58:06,570] - [core.config.settings] - [INFO] - [Executing get_settings function]
[pid=5136] - [2026-08-13 15:58:07,203] - [commons.auth] - [INFO] - [Executing hash_password function]
[pid=5136] - [2026-08-13 15:58:07,500] - [core.apis.routes.auth_router] - [INFO] - [Calling POST /auth/login endpoint]
[pid=5136] - [2026-08-13 15:58:07,501] - [core.controllers.auth_controller] - [INFO] - [Executing AuthController.login]
[pid=5136] - [2026-08-13 15:58:07,501] - [core.cruds.user_crud] - [INFO] - [Executing CRUDUser.get_by_email for: owner@whitfield.com]
[pid=5136] - [2026-08-13 15:58:07,501] - [commons.auth] - [INFO] - [Executing verify_password function]
[pid=5136] - [2026-08-13 15:58:07,780] - [commons.auth] - [INFO] - [Executing create_access_token function]
[pid=5136] - [2026-08-13 15:58:07,782] - [commons.auth] - [INFO] - [Executing create_refresh_token function]
[pid=5136] - [2026-08-13 15:58:07,782] - [core.controllers.auth_controller] - [INFO] - [User login successful: owner@whitfield.com (OWNER)]
[pid=5136] - [2026-08-13 15:58:07,790] - [commons.auth] - [INFO] - [Executing hash_password function]
[pid=5136] - [2026-08-13 15:58:08,063] - [core.apis.routes.auth_router] - [INFO] - [Calling POST /auth/login endpoint]
[pid=5136] - [2026-08-13 15:58:08,063] - [core.controllers.auth_controller] - [INFO] - [Executing AuthController.login]
[pid=5136] - [2026-08-13 15:58:08,064] - [core.cruds.user_crud] - [INFO] - [Executing CRUDUser.get_by_email for: owner@whitfield.com]
[pid=5136] - [2026-08-13 15:58:08,064] - [commons.auth] - [INFO] - [Executing verify_password function]
[pid=5136] - [2026-08-13 15:58:08,356] - [core.controllers.auth_controller] - [WARNING] - [Login failed: invalid password for user (owner@whitfield.com)]
[pid=5136] - [2026-08-13 15:58:08,357] - [core.apis.routes.auth_router] - [ERROR] - [Error in POST /auth/login endpoint: 401: Invalid email or password]
[pid=5136] - [2026-08-13 15:58:08,363] - [commons.auth] - [INFO] - [Executing get_current_user dependency]
[pid=5136] - [2026-08-13 15:58:08,363] - [commons.auth] - [INFO] - [Executing require_roles dependency check]
[pid=5136] - [2026-08-13 15:58:08,365] - [core.apis.routes.warehouse_router] - [INFO] - [Calling POST /warehouses endpoint]
[pid=5136] - [2026-08-13 15:58:08,365] - [core.services.audit_service] - [INFO] - [Executing AuditService.__init__]
[pid=5136] - [2026-08-13 15:58:08,365] - [core.controllers.warehouse_controller] - [INFO] - [Executing WarehouseController.create_warehouse]
[pid=5136] - [2026-08-13 15:58:08,365] - [core.services.audit_service] - [INFO] - [Executing AuditService.log_mutation | Action: CREATE | Collection: warehouses]
[pid=5136] - [2026-08-13 15:58:08,365] - [core.controllers.warehouse_controller] - [INFO] - [Warehouse created successfully: RNO]
[pid=5136] - [2026-08-13 15:58:08,374] - [commons.auth] - [INFO] - [Executing get_current_user dependency]
[pid=5136] - [2026-08-13 15:58:08,374] - [commons.auth] - [INFO] - [Executing require_roles dependency check]
[pid=5136] - [2026-08-13 15:58:08,378] - [core.apis.routes.user_router] - [INFO] - [Calling POST /users/managers endpoint]
[pid=5136] - [2026-08-13 15:58:08,378] - [core.controllers.user_controller] - [INFO] - [Executing UserController.create_manager]
[pid=5136] - [2026-08-13 15:58:08,378] - [commons.auth] - [INFO] - [Executing hash_password function]
[pid=5136] - [2026-08-13 15:58:08,657] - [core.services.audit_service] - [INFO] - [Executing AuditService.log_mutation | Action: CREATE | Collection: users]
[pid=5136] - [2026-08-13 15:58:08,657] - [core.controllers.user_controller] - [INFO] - [Manager user created successfully: manager.rno@whitfield.com]
[pid=5136] - [2026-08-13 15:58:08,663] - [commons.auth] - [INFO] - [Executing get_current_user dependency]
[pid=5136] - [2026-08-13 15:58:08,663] - [commons.auth] - [INFO] - [Executing require_roles dependency check]
[pid=5136] - [2026-08-13 15:58:08,666] - [core.apis.routes.user_router] - [INFO] - [Calling POST /users/staff endpoint]
[pid=5136] - [2026-08-13 15:58:08,666] - [core.controllers.user_controller] - [INFO] - [Executing UserController.create_staff]
[pid=5136] - [2026-08-13 15:58:08,666] - [commons.auth] - [INFO] - [Executing hash_password function]
[pid=5136] - [2026-08-13 15:58:08,935] - [core.services.audit_service] - [INFO] - [Executing AuditService.log_mutation | Action: CREATE | Collection: users]
[pid=5136] - [2026-08-13 15:58:08,935] - [core.controllers.user_controller] - [INFO] - [Staff user created successfully: staff.rookie@whitfield.com for WH: 607f1f77bcf86cd799439022]
[pid=5136] - [2026-08-13 15:58:08,942] - [commons.auth] - [INFO] - [Executing get_current_user dependency]
[pid=5136] - [2026-08-13 15:58:08,942] - [commons.auth] - [INFO] - [Executing require_roles dependency check]
[pid=5136] - [2026-08-13 15:58:08,942] - [commons.auth] - [WARNING] - [User staff.rookie@whitfield.com with role STAFF denied access. Required: ['OWNER']]
[pid=5136] - [2026-08-13 15:58:08,971] - [commons.auth] - [INFO] - [Executing get_current_user dependency]
[pid=5136] - [2026-08-13 15:58:08,971] - [commons.auth] - [INFO] - [Executing require_roles dependency check]
[pid=5136] - [2026-08-13 15:58:08,972] - [core.apis.routes.audit_router] - [INFO] - [Calling GET /audit endpoint]
[pid=5136] - [2026-08-13 15:58:08,972] - [core.controllers.audit_controller] - [INFO] - [Executing AuditController.get_audit_logs]
[pid=5136] - [2026-08-13 15:58:08,982] - [core.apis.routes.health_router] - [INFO] - [Calling GET /health endpoint]
[pid=5136] - [2026-08-13 15:58:08,982] - [core.controllers.health_controller] - [INFO] - [Executing HealthController.get_health]
[pid=5136] - [2026-08-13 15:58:08,982] - [core.database.database] - [INFO] - [Executing ping function]
[pid=5136] - [2026-08-13 15:58:08,982] - [core.database.database] - [INFO] - [Executing MongoDatabase function]
[pid=5136] - [2026-08-13 15:58:08,982] - [core.database.database] - [INFO] - [Executing _MongoClientSingleton.__new__ | DB: whitfield_wms]
[pid=5136] - [2026-08-13 15:58:08,990] - [core.database.database] - [INFO] - [MongoDB singleton initialized successfully | URI: mongodb://localhost:27017]
[pid=5136] - [2026-08-13 15:58:09,016] - [core.database.database] - [INFO] - [MongoDB ping successful]
[pid=5136] - [2026-08-13 15:58:09,025] - [commons.auth] - [INFO] - [Executing get_current_user dependency]
[pid=5136] - [2026-08-13 15:58:09,026] - [core.apis.routes.arrival_router] - [INFO] - [Calling POST /arrivals endpoint]
[pid=5136] - [2026-08-13 15:58:09,027] - [core.controllers.arrival_controller] - [INFO] - [Executing ArrivalController.process_arrival]
[pid=5136] - [2026-08-13 15:58:09,027] - [core.services.audit_service] - [INFO] - [Executing AuditService.log_mutation | Action: ARRIVE | Collection: tickets]
[pid=5136] - [2026-08-13 15:58:09,027] - [core.controllers.arrival_controller] - [INFO] - [Arrival processed successfully! Generated Ticket ID: RNO-20260813-001]
[pid=5136] - [2026-08-13 15:58:09,028] - [commons.auth] - [INFO] - [Executing get_current_user dependency]
[pid=5136] - [2026-08-13 15:58:09,030] - [core.apis.routes.ticket_router] - [INFO] - [Calling POST /tickets/RNO-20260813-001/items endpoint]
[pid=5136] - [2026-08-13 15:58:09,031] - [core.controllers.ticket_controller] - [INFO] - [Executing TicketController.log_item_scan for ticket: RNO-20260813-001]
[pid=5136] - [2026-08-13 15:58:09,031] - [core.services.audit_service] - [INFO] - [Executing AuditService.log_mutation | Action: SCAN_ITEM | Collection: items]
[pid=5136] - [2026-08-13 15:58:09,031] - [core.controllers.ticket_controller] - [INFO] - [Item scanned and logged successfully! Unit Seq: 1 under Ticket: RNO-20260813-001]
[pid=5136] - [2026-08-13 15:58:09,032] - [commons.auth] - [INFO] - [Executing get_current_user dependency]
[pid=5136] - [2026-08-13 15:58:09,032] - [core.apis.routes.ticket_router] - [INFO] - [Calling PUT /tickets/ticket123/submit-inspection endpoint]
[pid=5136] - [2026-08-13 15:58:09,032] - [core.controllers.ticket_controller] - [INFO] - [Executing TicketController.submit_inspection for: ticket123]
[pid=5136] - [2026-08-13 15:58:09,032] - [core.services.audit_service] - [INFO] - [Executing AuditService.log_mutation | Action: SUBMIT_INSPECTION | Collection: tickets]
[pid=5136] - [2026-08-13 15:58:09,032] - [core.controllers.ticket_controller] - [INFO] - [Ticket submitted for inspection approval: RNO-20260813-001]
[pid=5136] - [2026-08-13 15:58:09,033] - [commons.auth] - [INFO] - [Executing get_current_user dependency]
[pid=5136] - [2026-08-13 15:58:09,033] - [commons.auth] - [INFO] - [Executing require_roles dependency check]
[pid=5136] - [2026-08-13 15:58:09,034] - [core.apis.routes.ticket_router] - [INFO] - [Calling POST /tickets/ticket123/approve endpoint]
[pid=5136] - [2026-08-13 15:58:09,034] - [core.controllers.ticket_controller] - [INFO] - [Executing TicketController.approve_ticket: ticket123]
[pid=5136] - [2026-08-13 15:58:09,034] - [core.services.audit_service] - [INFO] - [Executing AuditService.log_mutation | Action: APPROVE_SHIPMENT | Collection: tickets]
[pid=5136] - [2026-08-13 15:58:09,034] - [core.controllers.ticket_controller] - [INFO] - [Ticket inspection APPROVED! Status: SHIPMENT_ARRIVED for Ticket: RNO-20260813-001]
[pid=5136] - [2026-08-13 15:58:09,035] - [commons.auth] - [INFO] - [Executing get_current_user dependency]
[pid=5136] - [2026-08-13 15:58:09,036] - [core.apis.routes.ticket_router] - [INFO] - [Calling POST /tickets/ticket123/store endpoint]
[pid=5136] - [2026-08-13 15:58:09,036] - [core.controllers.ticket_controller] - [INFO] - [Executing TicketController.store_ticket: ticket123 -> A-04-12]
[pid=5136] - [2026-08-13 15:58:09,036] - [core.services.audit_service] - [INFO] - [Executing AuditService.log_mutation | Action: STORE_TICKET | Collection: tickets]
[pid=5136] - [2026-08-13 15:58:09,036] - [core.controllers.ticket_controller] - [INFO] - [Ticket STORED successfully at location: A-04-12]
[pid=5136] - [2026-08-13 15:58:09,042] - [commons.auth] - [INFO] - [Executing get_current_user dependency]
[pid=5136] - [2026-08-13 15:58:09,042] - [core.apis.routes.arrival_router] - [INFO] - [Calling POST /arrivals endpoint]
[pid=5136] - [2026-08-13 15:58:09,043] - [core.controllers.arrival_controller] - [INFO] - [Executing ArrivalController.process_arrival]
[pid=5136] - [2026-08-13 15:58:09,043] - [core.services.audit_service] - [INFO] - [Executing AuditService.log_mutation | Action: ARRIVE | Collection: tickets]
[pid=5136] - [2026-08-13 15:58:09,043] - [core.controllers.arrival_controller] - [INFO] - [Arrival processed successfully! Generated Ticket ID: LAX-20260813-001]
[pid=5136] - [2026-08-13 15:58:09,048] - [core.utils.ticket_generator] - [INFO] - [Executing TicketGenerator.generate_ticket_id for WH: RNO]
[pid=5136] - [2026-08-13 15:58:09,048] - [core.utils.ticket_generator] - [INFO] - [Generated ticket ID: RNO-20260813-014]
[pid=19676] - [2026-08-13 15:59:05,199] - [core.config.settings] - [INFO] - [Executing get_settings function]
[pid=19676] - [2026-08-13 15:59:05,930] - [commons.auth] - [INFO] - [Executing hash_password function]
[pid=19676] - [2026-08-13 15:59:06,260] - [core.apis.routes.auth_router] - [INFO] - [Calling POST /auth/login endpoint]
[pid=19676] - [2026-08-13 15:59:06,260] - [core.controllers.auth_controller] - [INFO] - [Executing AuthController.login]
[pid=19676] - [2026-08-13 15:59:06,260] - [core.cruds.user_crud] - [INFO] - [Executing CRUDUser.get_by_email for: owner@whitfield.com]
[pid=19676] - [2026-08-13 15:59:06,261] - [commons.auth] - [INFO] - [Executing verify_password function]
[pid=19676] - [2026-08-13 15:59:06,692] - [commons.auth] - [INFO] - [Executing create_access_token function]
[pid=19676] - [2026-08-13 15:59:06,694] - [commons.auth] - [INFO] - [Executing create_refresh_token function]
[pid=19676] - [2026-08-13 15:59:06,694] - [core.controllers.auth_controller] - [INFO] - [User login successful: owner@whitfield.com (OWNER)]
[pid=19676] - [2026-08-13 15:59:06,705] - [commons.auth] - [INFO] - [Executing hash_password function]
[pid=19676] - [2026-08-13 15:59:07,184] - [core.apis.routes.auth_router] - [INFO] - [Calling POST /auth/login endpoint]
[pid=19676] - [2026-08-13 15:59:07,184] - [core.controllers.auth_controller] - [INFO] - [Executing AuthController.login]
[pid=19676] - [2026-08-13 15:59:07,184] - [core.cruds.user_crud] - [INFO] - [Executing CRUDUser.get_by_email for: owner@whitfield.com]
[pid=19676] - [2026-08-13 15:59:07,185] - [commons.auth] - [INFO] - [Executing verify_password function]
[pid=19676] - [2026-08-13 15:59:07,649] - [core.controllers.auth_controller] - [WARNING] - [Login failed: invalid password for user (owner@whitfield.com)]
[pid=19676] - [2026-08-13 15:59:07,649] - [core.apis.routes.auth_router] - [ERROR] - [Error in POST /auth/login endpoint: 401: Invalid email or password]
[pid=19676] - [2026-08-13 15:59:07,666] - [commons.auth] - [INFO] - [Executing get_current_user dependency]
[pid=19676] - [2026-08-13 15:59:07,667] - [commons.auth] - [INFO] - [Executing require_roles dependency check]
[pid=19676] - [2026-08-13 15:59:07,671] - [core.apis.routes.warehouse_router] - [INFO] - [Calling POST /warehouses endpoint]
[pid=19676] - [2026-08-13 15:59:07,672] - [core.services.audit_service] - [INFO] - [Executing AuditService.__init__]
[pid=19676] - [2026-08-13 15:59:07,673] - [core.controllers.warehouse_controller] - [INFO] - [Executing WarehouseController.create_warehouse]
[pid=19676] - [2026-08-13 15:59:07,673] - [core.services.audit_service] - [INFO] - [Executing AuditService.log_mutation | Action: CREATE | Collection: warehouses]
[pid=19676] - [2026-08-13 15:59:07,674] - [core.controllers.warehouse_controller] - [INFO] - [Warehouse created successfully: RNO]
[pid=19676] - [2026-08-13 15:59:07,698] - [commons.auth] - [INFO] - [Executing get_current_user dependency]
[pid=19676] - [2026-08-13 15:59:07,698] - [commons.auth] - [INFO] - [Executing require_roles dependency check]
[pid=19676] - [2026-08-13 15:59:07,704] - [core.apis.routes.user_router] - [INFO] - [Calling POST /users/managers endpoint]
[pid=19676] - [2026-08-13 15:59:07,704] - [core.controllers.user_controller] - [INFO] - [Executing UserController.create_manager]
[pid=19676] - [2026-08-13 15:59:07,705] - [commons.auth] - [INFO] - [Executing hash_password function]
[pid=19676] - [2026-08-13 15:59:08,190] - [core.services.audit_service] - [INFO] - [Executing AuditService.log_mutation | Action: CREATE | Collection: users]
[pid=19676] - [2026-08-13 15:59:08,191] - [core.controllers.user_controller] - [INFO] - [Manager user created successfully: manager.rno@whitfield.com]
[pid=19676] - [2026-08-13 15:59:08,207] - [commons.auth] - [INFO] - [Executing get_current_user dependency]
[pid=19676] - [2026-08-13 15:59:08,208] - [commons.auth] - [INFO] - [Executing require_roles dependency check]
[pid=19676] - [2026-08-13 15:59:08,218] - [core.apis.routes.user_router] - [INFO] - [Calling POST /users/staff endpoint]
[pid=19676] - [2026-08-13 15:59:08,218] - [core.controllers.user_controller] - [INFO] - [Executing UserController.create_staff]
[pid=19676] - [2026-08-13 15:59:08,219] - [commons.auth] - [INFO] - [Executing hash_password function]
[pid=19676] - [2026-08-13 15:59:08,623] - [core.services.audit_service] - [INFO] - [Executing AuditService.log_mutation | Action: CREATE | Collection: users]
[pid=19676] - [2026-08-13 15:59:08,623] - [core.controllers.user_controller] - [INFO] - [Staff user created successfully: staff.rookie@whitfield.com for WH: 607f1f77bcf86cd799439022]
[pid=19676] - [2026-08-13 15:59:08,639] - [commons.auth] - [INFO] - [Executing get_current_user dependency]
[pid=19676] - [2026-08-13 15:59:08,640] - [commons.auth] - [INFO] - [Executing require_roles dependency check]
[pid=19676] - [2026-08-13 15:59:08,640] - [commons.auth] - [WARNING] - [User staff.rookie@whitfield.com with role STAFF denied access. Required: ['OWNER']]
[pid=19676] - [2026-08-13 15:59:08,654] - [commons.auth] - [INFO] - [Executing get_current_user dependency]
[pid=19676] - [2026-08-13 15:59:08,655] - [commons.auth] - [INFO] - [Executing require_roles dependency check]
[pid=19676] - [2026-08-13 15:59:08,656] - [core.apis.routes.audit_router] - [INFO] - [Calling GET /audit endpoint]
[pid=19676] - [2026-08-13 15:59:08,656] - [core.controllers.audit_controller] - [INFO] - [Executing AuditController.get_audit_logs]
[pid=19676] - [2026-08-13 15:59:08,688] - [core.apis.routes.health_router] - [INFO] - [Calling GET /health endpoint]
[pid=19676] - [2026-08-13 15:59:08,689] - [core.controllers.health_controller] - [INFO] - [Executing HealthController.get_health]
[pid=19676] - [2026-08-13 15:59:08,689] - [core.database.database] - [INFO] - [Executing ping function]
[pid=19676] - [2026-08-13 15:59:08,689] - [core.database.database] - [INFO] - [Executing MongoDatabase function]
[pid=19676] - [2026-08-13 15:59:08,690] - [core.database.database] - [INFO] - [Executing _MongoClientSingleton.__new__ | DB: whitfield_wms]
[pid=19676] - [2026-08-13 15:59:08,715] - [core.database.database] - [INFO] - [MongoDB singleton initialized successfully | URI: mongodb://localhost:27017]
[pid=19676] - [2026-08-13 15:59:08,765] - [core.database.database] - [INFO] - [MongoDB ping successful]
[pid=19676] - [2026-08-13 15:59:08,794] - [commons.auth] - [INFO] - [Executing get_current_user dependency]
[pid=19676] - [2026-08-13 15:59:08,799] - [core.apis.routes.arrival_router] - [INFO] - [Calling POST /arrivals endpoint]
[pid=19676] - [2026-08-13 15:59:08,799] - [core.controllers.arrival_controller] - [INFO] - [Executing ArrivalController.process_arrival]
[pid=19676] - [2026-08-13 15:59:08,800] - [core.services.audit_service] - [INFO] - [Executing AuditService.log_mutation | Action: ARRIVE | Collection: tickets]
[pid=19676] - [2026-08-13 15:59:08,801] - [core.controllers.arrival_controller] - [INFO] - [Arrival processed successfully! Generated Ticket ID: RNO-20260813-001]
[pid=19676] - [2026-08-13 15:59:08,806] - [commons.auth] - [INFO] - [Executing get_current_user dependency]
[pid=19676] - [2026-08-13 15:59:08,815] - [core.apis.routes.ticket_router] - [INFO] - [Calling POST /tickets/RNO-20260813-001/items endpoint]
[pid=19676] - [2026-08-13 15:59:08,816] - [core.controllers.ticket_controller] - [INFO] - [Executing TicketController.log_item_scan for ticket: RNO-20260813-001]
[pid=19676] - [2026-08-13 15:59:08,816] - [core.services.audit_service] - [INFO] - [Executing AuditService.log_mutation | Action: SCAN_ITEM | Collection: items]
[pid=19676] - [2026-08-13 15:59:08,817] - [core.controllers.ticket_controller] - [INFO] - [Item scanned and logged successfully! Unit Seq: 1 under Ticket: RNO-20260813-001]
[pid=19676] - [2026-08-13 15:59:08,821] - [commons.auth] - [INFO] - [Executing get_current_user dependency]
[pid=19676] - [2026-08-13 15:59:08,821] - [core.apis.routes.ticket_router] - [INFO] - [Calling PUT /tickets/ticket123/submit-inspection endpoint]
[pid=19676] - [2026-08-13 15:59:08,822] - [core.controllers.ticket_controller] - [INFO] - [Executing TicketController.submit_inspection for: ticket123]
[pid=19676] - [2026-08-13 15:59:08,822] - [core.services.audit_service] - [INFO] - [Executing AuditService.log_mutation | Action: SUBMIT_INSPECTION | Collection: tickets]
[pid=19676] - [2026-08-13 15:59:08,822] - [core.controllers.ticket_controller] - [INFO] - [Ticket submitted for inspection approval: RNO-20260813-001]
[pid=19676] - [2026-08-13 15:59:08,827] - [commons.auth] - [INFO] - [Executing get_current_user dependency]
[pid=19676] - [2026-08-13 15:59:08,827] - [commons.auth] - [INFO] - [Executing require_roles dependency check]
[pid=19676] - [2026-08-13 15:59:08,827] - [core.apis.routes.ticket_router] - [INFO] - [Calling POST /tickets/ticket123/approve endpoint]
[pid=19676] - [2026-08-13 15:59:08,828] - [core.controllers.ticket_controller] - [INFO] - [Executing TicketController.approve_ticket: ticket123]
[pid=19676] - [2026-08-13 15:59:08,828] - [core.services.audit_service] - [INFO] - [Executing AuditService.log_mutation | Action: APPROVE_SHIPMENT | Collection: tickets]
[pid=19676] - [2026-08-13 15:59:08,828] - [core.controllers.ticket_controller] - [INFO] - [Ticket inspection APPROVED! Status: SHIPMENT_ARRIVED for Ticket: RNO-20260813-001]
[pid=19676] - [2026-08-13 15:59:08,832] - [commons.auth] - [INFO] - [Executing get_current_user dependency]
[pid=19676] - [2026-08-13 15:59:08,833] - [core.apis.routes.ticket_router] - [INFO] - [Calling POST /tickets/ticket123/store endpoint]
[pid=19676] - [2026-08-13 15:59:08,833] - [core.controllers.ticket_controller] - [INFO] - [Executing TicketController.store_ticket: ticket123 -> A-04-12]
[pid=19676] - [2026-08-13 15:59:08,834] - [core.services.audit_service] - [INFO] - [Executing AuditService.log_mutation | Action: STORE_TICKET | Collection: tickets]
[pid=19676] - [2026-08-13 15:59:08,834] - [core.controllers.ticket_controller] - [INFO] - [Ticket STORED successfully at location: A-04-12]
[pid=19676] - [2026-08-13 15:59:08,850] - [commons.auth] - [INFO] - [Executing get_current_user dependency]
[pid=19676] - [2026-08-13 15:59:08,852] - [core.apis.routes.arrival_router] - [INFO] - [Calling POST /arrivals endpoint]
[pid=19676] - [2026-08-13 15:59:08,856] - [core.controllers.arrival_controller] - [INFO] - [Executing ArrivalController.process_arrival]
[pid=19676] - [2026-08-13 15:59:08,858] - [core.services.audit_service] - [INFO] - [Executing AuditService.log_mutation | Action: ARRIVE | Collection: tickets]
[pid=19676] - [2026-08-13 15:59:08,859] - [core.controllers.arrival_controller] - [INFO] - [Arrival processed successfully! Generated Ticket ID: LAX-20260813-001]
[pid=19676] - [2026-08-13 15:59:08,879] - [commons.auth] - [INFO] - [Executing get_current_user dependency]
[pid=19676] - [2026-08-13 15:59:08,882] - [core.apis.routes.order_router] - [INFO] - [Calling POST /orders endpoint]
[pid=19676] - [2026-08-13 15:59:08,883] - [core.controllers.order_controller] - [INFO] - [Executing OrderController.create_order]
[pid=19676] - [2026-08-13 15:59:08,883] - [core.controllers.order_controller] - [WARNING] - [Order creation rejected: order_id ORD-1001 already exists]
[pid=19676] - [2026-08-13 15:59:08,883] - [core.apis.routes.order_router] - [ERROR] - [Error in POST /orders endpoint: 400: Order with ID 'ORD-1001' already exists]
[pid=19676] - [2026-08-13 15:59:09,520] - [core.utils.ticket_generator] - [INFO] - [Executing TicketGenerator.generate_ticket_id for WH: RNO]
[pid=19676] - [2026-08-13 15:59:09,522] - [core.utils.ticket_generator] - [INFO] - [Generated ticket ID: RNO-20260813-014]
[pid=13664] - [2026-08-13 15:59:20,710] - [core.config.settings] - [INFO] - [Executing get_settings function]
[pid=13664] - [2026-08-13 15:59:21,380] - [commons.auth] - [INFO] - [Executing hash_password function]
[pid=13664] - [2026-08-13 15:59:21,688] - [core.apis.routes.auth_router] - [INFO] - [Calling POST /auth/login endpoint]
[pid=13664] - [2026-08-13 15:59:21,689] - [core.controllers.auth_controller] - [INFO] - [Executing AuthController.login]
[pid=13664] - [2026-08-13 15:59:21,689] - [core.cruds.user_crud] - [INFO] - [Executing CRUDUser.get_by_email for: owner@whitfield.com]
[pid=13664] - [2026-08-13 15:59:21,689] - [commons.auth] - [INFO] - [Executing verify_password function]
[pid=13664] - [2026-08-13 15:59:22,007] - [commons.auth] - [INFO] - [Executing create_access_token function]
[pid=13664] - [2026-08-13 15:59:22,011] - [commons.auth] - [INFO] - [Executing create_refresh_token function]
[pid=13664] - [2026-08-13 15:59:22,011] - [core.controllers.auth_controller] - [INFO] - [User login successful: owner@whitfield.com (OWNER)]
[pid=13664] - [2026-08-13 15:59:22,025] - [commons.auth] - [INFO] - [Executing hash_password function]
[pid=13664] - [2026-08-13 15:59:22,459] - [core.apis.routes.auth_router] - [INFO] - [Calling POST /auth/login endpoint]
[pid=13664] - [2026-08-13 15:59:22,460] - [core.controllers.auth_controller] - [INFO] - [Executing AuthController.login]
[pid=13664] - [2026-08-13 15:59:22,460] - [core.cruds.user_crud] - [INFO] - [Executing CRUDUser.get_by_email for: owner@whitfield.com]
[pid=13664] - [2026-08-13 15:59:22,461] - [commons.auth] - [INFO] - [Executing verify_password function]
[pid=13664] - [2026-08-13 15:59:22,909] - [core.controllers.auth_controller] - [WARNING] - [Login failed: invalid password for user (owner@whitfield.com)]
[pid=13664] - [2026-08-13 15:59:22,909] - [core.apis.routes.auth_router] - [ERROR] - [Error in POST /auth/login endpoint: 401: Invalid email or password]
[pid=13664] - [2026-08-13 15:59:22,950] - [commons.auth] - [INFO] - [Executing get_current_user dependency]
[pid=13664] - [2026-08-13 15:59:22,956] - [commons.auth] - [INFO] - [Executing require_roles dependency check]
[pid=13664] - [2026-08-13 15:59:22,966] - [core.apis.routes.warehouse_router] - [INFO] - [Calling POST /warehouses endpoint]
[pid=13664] - [2026-08-13 15:59:22,967] - [core.services.audit_service] - [INFO] - [Executing AuditService.__init__]
[pid=13664] - [2026-08-13 15:59:22,967] - [core.controllers.warehouse_controller] - [INFO] - [Executing WarehouseController.create_warehouse]
[pid=13664] - [2026-08-13 15:59:22,974] - [core.services.audit_service] - [INFO] - [Executing AuditService.log_mutation | Action: CREATE | Collection: warehouses]
[pid=13664] - [2026-08-13 15:59:22,974] - [core.controllers.warehouse_controller] - [INFO] - [Warehouse created successfully: RNO]
[pid=13664] - [2026-08-13 15:59:23,023] - [commons.auth] - [INFO] - [Executing get_current_user dependency]
[pid=13664] - [2026-08-13 15:59:23,025] - [commons.auth] - [INFO] - [Executing require_roles dependency check]
[pid=13664] - [2026-08-13 15:59:23,044] - [core.apis.routes.user_router] - [INFO] - [Calling POST /users/managers endpoint]
[pid=13664] - [2026-08-13 15:59:23,044] - [core.controllers.user_controller] - [INFO] - [Executing UserController.create_manager]
[pid=13664] - [2026-08-13 15:59:23,045] - [commons.auth] - [INFO] - [Executing hash_password function]
[pid=13664] - [2026-08-13 15:59:23,557] - [core.services.audit_service] - [INFO] - [Executing AuditService.log_mutation | Action: CREATE | Collection: users]
[pid=13664] - [2026-08-13 15:59:23,557] - [core.controllers.user_controller] - [INFO] - [Manager user created successfully: manager.rno@whitfield.com]
[pid=13664] - [2026-08-13 15:59:23,572] - [commons.auth] - [INFO] - [Executing get_current_user dependency]
[pid=13664] - [2026-08-13 15:59:23,573] - [commons.auth] - [INFO] - [Executing require_roles dependency check]
[pid=13664] - [2026-08-13 15:59:23,579] - [core.apis.routes.user_router] - [INFO] - [Calling POST /users/staff endpoint]
[pid=13664] - [2026-08-13 15:59:23,579] - [core.controllers.user_controller] - [INFO] - [Executing UserController.create_staff]
[pid=13664] - [2026-08-13 15:59:23,580] - [commons.auth] - [INFO] - [Executing hash_password function]
[pid=13664] - [2026-08-13 15:59:24,020] - [core.services.audit_service] - [INFO] - [Executing AuditService.log_mutation | Action: CREATE | Collection: users]
[pid=13664] - [2026-08-13 15:59:24,020] - [core.controllers.user_controller] - [INFO] - [Staff user created successfully: staff.rookie@whitfield.com for WH: 607f1f77bcf86cd799439022]
[pid=13664] - [2026-08-13 15:59:24,037] - [commons.auth] - [INFO] - [Executing get_current_user dependency]
[pid=13664] - [2026-08-13 15:59:24,038] - [commons.auth] - [INFO] - [Executing require_roles dependency check]
[pid=13664] - [2026-08-13 15:59:24,038] - [commons.auth] - [WARNING] - [User staff.rookie@whitfield.com with role STAFF denied access. Required: ['OWNER']]
[pid=13664] - [2026-08-13 15:59:24,053] - [commons.auth] - [INFO] - [Executing get_current_user dependency]
[pid=13664] - [2026-08-13 15:59:24,054] - [commons.auth] - [INFO] - [Executing require_roles dependency check]
[pid=13664] - [2026-08-13 15:59:24,055] - [core.apis.routes.audit_router] - [INFO] - [Calling GET /audit endpoint]
[pid=13664] - [2026-08-13 15:59:24,055] - [core.controllers.audit_controller] - [INFO] - [Executing AuditController.get_audit_logs]
[pid=13664] - [2026-08-13 15:59:24,089] - [core.apis.routes.health_router] - [INFO] - [Calling GET /health endpoint]
[pid=13664] - [2026-08-13 15:59:24,090] - [core.controllers.health_controller] - [INFO] - [Executing HealthController.get_health]
[pid=13664] - [2026-08-13 15:59:24,090] - [core.database.database] - [INFO] - [Executing ping function]
[pid=13664] - [2026-08-13 15:59:24,090] - [core.database.database] - [INFO] - [Executing MongoDatabase function]
[pid=13664] - [2026-08-13 15:59:24,091] - [core.database.database] - [INFO] - [Executing _MongoClientSingleton.__new__ | DB: whitfield_wms]
[pid=13664] - [2026-08-13 15:59:24,111] - [core.database.database] - [INFO] - [MongoDB singleton initialized successfully | URI: mongodb://localhost:27017]
[pid=13664] - [2026-08-13 15:59:24,160] - [core.database.database] - [INFO] - [MongoDB ping successful]
[pid=13664] - [2026-08-13 15:59:24,188] - [commons.auth] - [INFO] - [Executing get_current_user dependency]
[pid=13664] - [2026-08-13 15:59:24,192] - [core.apis.routes.arrival_router] - [INFO] - [Calling POST /arrivals endpoint]
[pid=13664] - [2026-08-13 15:59:24,192] - [core.controllers.arrival_controller] - [INFO] - [Executing ArrivalController.process_arrival]
[pid=13664] - [2026-08-13 15:59:24,193] - [core.services.audit_service] - [INFO] - [Executing AuditService.log_mutation | Action: ARRIVE | Collection: tickets]
[pid=13664] - [2026-08-13 15:59:24,193] - [core.controllers.arrival_controller] - [INFO] - [Arrival processed successfully! Generated Ticket ID: RNO-20260813-001]
[pid=13664] - [2026-08-13 15:59:24,196] - [commons.auth] - [INFO] - [Executing get_current_user dependency]
[pid=13664] - [2026-08-13 15:59:24,201] - [core.apis.routes.ticket_router] - [INFO] - [Calling POST /tickets/RNO-20260813-001/items endpoint]
[pid=13664] - [2026-08-13 15:59:24,201] - [core.controllers.ticket_controller] - [INFO] - [Executing TicketController.log_item_scan for ticket: RNO-20260813-001]
[pid=13664] - [2026-08-13 15:59:24,202] - [core.services.audit_service] - [INFO] - [Executing AuditService.log_mutation | Action: SCAN_ITEM | Collection: items]
[pid=13664] - [2026-08-13 15:59:24,202] - [core.controllers.ticket_controller] - [INFO] - [Item scanned and logged successfully! Unit Seq: 1 under Ticket: RNO-20260813-001]
[pid=13664] - [2026-08-13 15:59:24,205] - [commons.auth] - [INFO] - [Executing get_current_user dependency]
[pid=13664] - [2026-08-13 15:59:24,207] - [core.apis.routes.ticket_router] - [INFO] - [Calling PUT /tickets/ticket123/submit-inspection endpoint]
[pid=13664] - [2026-08-13 15:59:24,208] - [core.controllers.ticket_controller] - [INFO] - [Executing TicketController.submit_inspection for: ticket123]
[pid=13664] - [2026-08-13 15:59:24,208] - [core.services.audit_service] - [INFO] - [Executing AuditService.log_mutation | Action: SUBMIT_INSPECTION | Collection: tickets]
[pid=13664] - [2026-08-13 15:59:24,209] - [core.controllers.ticket_controller] - [INFO] - [Ticket submitted for inspection approval: RNO-20260813-001]
[pid=13664] - [2026-08-13 15:59:24,211] - [commons.auth] - [INFO] - [Executing get_current_user dependency]
[pid=13664] - [2026-08-13 15:59:24,212] - [commons.auth] - [INFO] - [Executing require_roles dependency check]
[pid=13664] - [2026-08-13 15:59:24,212] - [core.apis.routes.ticket_router] - [INFO] - [Calling POST /tickets/ticket123/approve endpoint]
[pid=13664] - [2026-08-13 15:59:24,213] - [core.controllers.ticket_controller] - [INFO] - [Executing TicketController.approve_ticket: ticket123]
[pid=13664] - [2026-08-13 15:59:24,213] - [core.services.audit_service] - [INFO] - [Executing AuditService.log_mutation | Action: APPROVE_SHIPMENT | Collection: tickets]
[pid=13664] - [2026-08-13 15:59:24,213] - [core.controllers.ticket_controller] - [INFO] - [Ticket inspection APPROVED! Status: SHIPMENT_ARRIVED for Ticket: RNO-20260813-001]
[pid=13664] - [2026-08-13 15:59:24,217] - [commons.auth] - [INFO] - [Executing get_current_user dependency]
[pid=13664] - [2026-08-13 15:59:24,219] - [core.apis.routes.ticket_router] - [INFO] - [Calling POST /tickets/ticket123/store endpoint]
[pid=13664] - [2026-08-13 15:59:24,219] - [core.controllers.ticket_controller] - [INFO] - [Executing TicketController.store_ticket: ticket123 -> A-04-12]
[pid=13664] - [2026-08-13 15:59:24,219] - [core.services.audit_service] - [INFO] - [Executing AuditService.log_mutation | Action: STORE_TICKET | Collection: tickets]
[pid=13664] - [2026-08-13 15:59:24,220] - [core.controllers.ticket_controller] - [INFO] - [Ticket STORED successfully at location: A-04-12]
[pid=13664] - [2026-08-13 15:59:24,235] - [commons.auth] - [INFO] - [Executing get_current_user dependency]
[pid=13664] - [2026-08-13 15:59:24,236] - [core.apis.routes.arrival_router] - [INFO] - [Calling POST /arrivals endpoint]
[pid=13664] - [2026-08-13 15:59:24,236] - [core.controllers.arrival_controller] - [INFO] - [Executing ArrivalController.process_arrival]
[pid=13664] - [2026-08-13 15:59:24,237] - [core.services.audit_service] - [INFO] - [Executing AuditService.log_mutation | Action: ARRIVE | Collection: tickets]
[pid=13664] - [2026-08-13 15:59:24,237] - [core.controllers.arrival_controller] - [INFO] - [Arrival processed successfully! Generated Ticket ID: LAX-20260813-001]
[pid=13664] - [2026-08-13 15:59:24,260] - [commons.auth] - [INFO] - [Executing get_current_user dependency]
[pid=13664] - [2026-08-13 15:59:24,263] - [core.apis.routes.order_router] - [INFO] - [Calling POST /orders endpoint]
[pid=13664] - [2026-08-13 15:59:24,263] - [core.controllers.order_controller] - [INFO] - [Executing OrderController.create_order]
[pid=13664] - [2026-08-13 15:59:24,264] - [core.services.audit_service] - [INFO] - [Executing AuditService.log_mutation | Action: CREATE | Collection: orders]
[pid=13664] - [2026-08-13 15:59:24,264] - [core.controllers.order_controller] - [INFO] - [Customer order created successfully: ORD-1001]
[pid=13664] - [2026-08-13 15:59:24,275] - [commons.auth] - [INFO] - [Executing get_current_user dependency]
[pid=13664] - [2026-08-13 15:59:24,276] - [core.apis.routes.order_router] - [INFO] - [Calling POST /orders/ORD-1001/reserve endpoint]
[pid=13664] - [2026-08-13 15:59:24,276] - [core.controllers.order_controller] - [INFO] - [Executing OrderController.reserve_order for: ORD-1001]
[pid=13664] - [2026-08-13 15:59:24,277] - [core.controllers.order_controller] - [ERROR] - [Error in OrderController.reserve_order: 'coroutine' object does not support the asynchronous context manager protocol]
[pid=13664] - [2026-08-13 15:59:24,277] - [core.apis.routes.order_router] - [ERROR] - [Error in POST /orders/ORD-1001/reserve endpoint: 500: Internal Server Error]
[pid=13664] - [2026-08-13 15:59:24,716] - [core.utils.ticket_generator] - [INFO] - [Executing TicketGenerator.generate_ticket_id for WH: RNO]
[pid=13664] - [2026-08-13 15:59:24,717] - [core.utils.ticket_generator] - [INFO] - [Generated ticket ID: RNO-20260813-014]
[pid=18660] - [2026-08-13 15:59:39,502] - [core.config.settings] - [INFO] - [Executing get_settings function]
[pid=18660] - [2026-08-13 15:59:40,150] - [commons.auth] - [INFO] - [Executing hash_password function]
[pid=18660] - [2026-08-13 15:59:40,488] - [core.apis.routes.auth_router] - [INFO] - [Calling POST /auth/login endpoint]
[pid=18660] - [2026-08-13 15:59:40,488] - [core.controllers.auth_controller] - [INFO] - [Executing AuthController.login]
[pid=18660] - [2026-08-13 15:59:40,488] - [core.cruds.user_crud] - [INFO] - [Executing CRUDUser.get_by_email for: owner@whitfield.com]
[pid=18660] - [2026-08-13 15:59:40,489] - [commons.auth] - [INFO] - [Executing verify_password function]
[pid=18660] - [2026-08-13 15:59:40,820] - [commons.auth] - [INFO] - [Executing create_access_token function]
[pid=18660] - [2026-08-13 15:59:40,821] - [commons.auth] - [INFO] - [Executing create_refresh_token function]
[pid=18660] - [2026-08-13 15:59:40,821] - [core.controllers.auth_controller] - [INFO] - [User login successful: owner@whitfield.com (OWNER)]
[pid=18660] - [2026-08-13 15:59:40,827] - [commons.auth] - [INFO] - [Executing hash_password function]
[pid=18660] - [2026-08-13 15:59:41,292] - [core.apis.routes.auth_router] - [INFO] - [Calling POST /auth/login endpoint]
[pid=18660] - [2026-08-13 15:59:41,292] - [core.controllers.auth_controller] - [INFO] - [Executing AuthController.login]
[pid=18660] - [2026-08-13 15:59:41,292] - [core.cruds.user_crud] - [INFO] - [Executing CRUDUser.get_by_email for: owner@whitfield.com]
[pid=18660] - [2026-08-13 15:59:41,293] - [commons.auth] - [INFO] - [Executing verify_password function]
[pid=18660] - [2026-08-13 15:59:41,753] - [core.controllers.auth_controller] - [WARNING] - [Login failed: invalid password for user (owner@whitfield.com)]
[pid=18660] - [2026-08-13 15:59:41,753] - [core.apis.routes.auth_router] - [ERROR] - [Error in POST /auth/login endpoint: 401: Invalid email or password]
[pid=18660] - [2026-08-13 15:59:41,767] - [commons.auth] - [INFO] - [Executing get_current_user dependency]
[pid=18660] - [2026-08-13 15:59:41,767] - [commons.auth] - [INFO] - [Executing require_roles dependency check]
[pid=18660] - [2026-08-13 15:59:41,770] - [core.apis.routes.warehouse_router] - [INFO] - [Calling POST /warehouses endpoint]
[pid=18660] - [2026-08-13 15:59:41,770] - [core.services.audit_service] - [INFO] - [Executing AuditService.__init__]
[pid=18660] - [2026-08-13 15:59:41,770] - [core.controllers.warehouse_controller] - [INFO] - [Executing WarehouseController.create_warehouse]
[pid=18660] - [2026-08-13 15:59:41,771] - [core.services.audit_service] - [INFO] - [Executing AuditService.log_mutation | Action: CREATE | Collection: warehouses]
[pid=18660] - [2026-08-13 15:59:41,771] - [core.controllers.warehouse_controller] - [INFO] - [Warehouse created successfully: RNO]
[pid=18660] - [2026-08-13 15:59:41,795] - [commons.auth] - [INFO] - [Executing get_current_user dependency]
[pid=18660] - [2026-08-13 15:59:41,796] - [commons.auth] - [INFO] - [Executing require_roles dependency check]
[pid=18660] - [2026-08-13 15:59:41,808] - [core.apis.routes.user_router] - [INFO] - [Calling POST /users/managers endpoint]
[pid=18660] - [2026-08-13 15:59:41,808] - [core.controllers.user_controller] - [INFO] - [Executing UserController.create_manager]
[pid=18660] - [2026-08-13 15:59:41,809] - [commons.auth] - [INFO] - [Executing hash_password function]
[pid=18660] - [2026-08-13 15:59:42,255] - [core.services.audit_service] - [INFO] - [Executing AuditService.log_mutation | Action: CREATE | Collection: users]
[pid=18660] - [2026-08-13 15:59:42,256] - [core.controllers.user_controller] - [INFO] - [Manager user created successfully: manager.rno@whitfield.com]
[pid=18660] - [2026-08-13 15:59:42,268] - [commons.auth] - [INFO] - [Executing get_current_user dependency]
[pid=18660] - [2026-08-13 15:59:42,269] - [commons.auth] - [INFO] - [Executing require_roles dependency check]
[pid=18660] - [2026-08-13 15:59:42,275] - [core.apis.routes.user_router] - [INFO] - [Calling POST /users/staff endpoint]
[pid=18660] - [2026-08-13 15:59:42,275] - [core.controllers.user_controller] - [INFO] - [Executing UserController.create_staff]
[pid=18660] - [2026-08-13 15:59:42,275] - [commons.auth] - [INFO] - [Executing hash_password function]
[pid=18660] - [2026-08-13 15:59:42,751] - [core.services.audit_service] - [INFO] - [Executing AuditService.log_mutation | Action: CREATE | Collection: users]
[pid=18660] - [2026-08-13 15:59:42,752] - [core.controllers.user_controller] - [INFO] - [Staff user created successfully: staff.rookie@whitfield.com for WH: 607f1f77bcf86cd799439022]
[pid=18660] - [2026-08-13 15:59:42,765] - [commons.auth] - [INFO] - [Executing get_current_user dependency]
[pid=18660] - [2026-08-13 15:59:42,766] - [commons.auth] - [INFO] - [Executing require_roles dependency check]
[pid=18660] - [2026-08-13 15:59:42,766] - [commons.auth] - [WARNING] - [User staff.rookie@whitfield.com with role STAFF denied access. Required: ['OWNER']]
[pid=18660] - [2026-08-13 15:59:42,777] - [commons.auth] - [INFO] - [Executing get_current_user dependency]
[pid=18660] - [2026-08-13 15:59:42,778] - [commons.auth] - [INFO] - [Executing require_roles dependency check]
[pid=18660] - [2026-08-13 15:59:42,779] - [core.apis.routes.audit_router] - [INFO] - [Calling GET /audit endpoint]
[pid=18660] - [2026-08-13 15:59:42,779] - [core.controllers.audit_controller] - [INFO] - [Executing AuditController.get_audit_logs]
[pid=18660] - [2026-08-13 15:59:42,806] - [core.apis.routes.health_router] - [INFO] - [Calling GET /health endpoint]
[pid=18660] - [2026-08-13 15:59:42,807] - [core.controllers.health_controller] - [INFO] - [Executing HealthController.get_health]
[pid=18660] - [2026-08-13 15:59:42,808] - [core.database.database] - [INFO] - [Executing ping function]
[pid=18660] - [2026-08-13 15:59:42,808] - [core.database.database] - [INFO] - [Executing MongoDatabase function]
[pid=18660] - [2026-08-13 15:59:42,808] - [core.database.database] - [INFO] - [Executing _MongoClientSingleton.__new__ | DB: whitfield_wms]
[pid=18660] - [2026-08-13 15:59:42,829] - [core.database.database] - [INFO] - [MongoDB singleton initialized successfully | URI: mongodb://localhost:27017]
[pid=18660] - [2026-08-13 15:59:42,851] - [core.database.database] - [INFO] - [MongoDB ping successful]
[pid=18660] - [2026-08-13 15:59:42,871] - [commons.auth] - [INFO] - [Executing get_current_user dependency]
[pid=18660] - [2026-08-13 15:59:42,874] - [core.apis.routes.arrival_router] - [INFO] - [Calling POST /arrivals endpoint]
[pid=18660] - [2026-08-13 15:59:42,874] - [core.controllers.arrival_controller] - [INFO] - [Executing ArrivalController.process_arrival]
[pid=18660] - [2026-08-13 15:59:42,875] - [core.services.audit_service] - [INFO] - [Executing AuditService.log_mutation | Action: ARRIVE | Collection: tickets]
[pid=18660] - [2026-08-13 15:59:42,875] - [core.controllers.arrival_controller] - [INFO] - [Arrival processed successfully! Generated Ticket ID: RNO-20260813-001]
[pid=18660] - [2026-08-13 15:59:42,879] - [commons.auth] - [INFO] - [Executing get_current_user dependency]
[pid=18660] - [2026-08-13 15:59:42,884] - [core.apis.routes.ticket_router] - [INFO] - [Calling POST /tickets/RNO-20260813-001/items endpoint]
[pid=18660] - [2026-08-13 15:59:42,884] - [core.controllers.ticket_controller] - [INFO] - [Executing TicketController.log_item_scan for ticket: RNO-20260813-001]
[pid=18660] - [2026-08-13 15:59:42,886] - [core.services.audit_service] - [INFO] - [Executing AuditService.log_mutation | Action: SCAN_ITEM | Collection: items]
[pid=18660] - [2026-08-13 15:59:42,886] - [core.controllers.ticket_controller] - [INFO] - [Item scanned and logged successfully! Unit Seq: 1 under Ticket: RNO-20260813-001]
[pid=18660] - [2026-08-13 15:59:42,889] - [commons.auth] - [INFO] - [Executing get_current_user dependency]
[pid=18660] - [2026-08-13 15:59:42,890] - [core.apis.routes.ticket_router] - [INFO] - [Calling PUT /tickets/ticket123/submit-inspection endpoint]
[pid=18660] - [2026-08-13 15:59:42,891] - [core.controllers.ticket_controller] - [INFO] - [Executing TicketController.submit_inspection for: ticket123]
[pid=18660] - [2026-08-13 15:59:42,891] - [core.services.audit_service] - [INFO] - [Executing AuditService.log_mutation | Action: SUBMIT_INSPECTION | Collection: tickets]
[pid=18660] - [2026-08-13 15:59:42,892] - [core.controllers.ticket_controller] - [INFO] - [Ticket submitted for inspection approval: RNO-20260813-001]
[pid=18660] - [2026-08-13 15:59:42,897] - [commons.auth] - [INFO] - [Executing get_current_user dependency]
[pid=18660] - [2026-08-13 15:59:42,898] - [commons.auth] - [INFO] - [Executing require_roles dependency check]
[pid=18660] - [2026-08-13 15:59:42,898] - [core.apis.routes.ticket_router] - [INFO] - [Calling POST /tickets/ticket123/approve endpoint]
[pid=18660] - [2026-08-13 15:59:42,898] - [core.controllers.ticket_controller] - [INFO] - [Executing TicketController.approve_ticket: ticket123]
[pid=18660] - [2026-08-13 15:59:42,899] - [core.services.audit_service] - [INFO] - [Executing AuditService.log_mutation | Action: APPROVE_SHIPMENT | Collection: tickets]
[pid=18660] - [2026-08-13 15:59:42,899] - [core.controllers.ticket_controller] - [INFO] - [Ticket inspection APPROVED! Status: SHIPMENT_ARRIVED for Ticket: RNO-20260813-001]
[pid=18660] - [2026-08-13 15:59:42,903] - [commons.auth] - [INFO] - [Executing get_current_user dependency]
[pid=18660] - [2026-08-13 15:59:42,904] - [core.apis.routes.ticket_router] - [INFO] - [Calling POST /tickets/ticket123/store endpoint]
[pid=18660] - [2026-08-13 15:59:42,905] - [core.controllers.ticket_controller] - [INFO] - [Executing TicketController.store_ticket: ticket123 -> A-04-12]
[pid=18660] - [2026-08-13 15:59:42,905] - [core.services.audit_service] - [INFO] - [Executing AuditService.log_mutation | Action: STORE_TICKET | Collection: tickets]
[pid=18660] - [2026-08-13 15:59:42,905] - [core.controllers.ticket_controller] - [INFO] - [Ticket STORED successfully at location: A-04-12]
[pid=18660] - [2026-08-13 15:59:42,920] - [commons.auth] - [INFO] - [Executing get_current_user dependency]
[pid=18660] - [2026-08-13 15:59:42,921] - [core.apis.routes.arrival_router] - [INFO] - [Calling POST /arrivals endpoint]
[pid=18660] - [2026-08-13 15:59:42,921] - [core.controllers.arrival_controller] - [INFO] - [Executing ArrivalController.process_arrival]
[pid=18660] - [2026-08-13 15:59:42,921] - [core.services.audit_service] - [INFO] - [Executing AuditService.log_mutation | Action: ARRIVE | Collection: tickets]
[pid=18660] - [2026-08-13 15:59:42,922] - [core.controllers.arrival_controller] - [INFO] - [Arrival processed successfully! Generated Ticket ID: LAX-20260813-001]
[pid=18660] - [2026-08-13 15:59:42,939] - [commons.auth] - [INFO] - [Executing get_current_user dependency]
[pid=18660] - [2026-08-13 15:59:42,942] - [core.apis.routes.order_router] - [INFO] - [Calling POST /orders endpoint]
[pid=18660] - [2026-08-13 15:59:42,943] - [core.controllers.order_controller] - [INFO] - [Executing OrderController.create_order]
[pid=18660] - [2026-08-13 15:59:42,943] - [core.services.audit_service] - [INFO] - [Executing AuditService.log_mutation | Action: CREATE | Collection: orders]
[pid=18660] - [2026-08-13 15:59:42,944] - [core.controllers.order_controller] - [INFO] - [Customer order created successfully: ORD-1001]
[pid=18660] - [2026-08-13 15:59:42,952] - [commons.auth] - [INFO] - [Executing get_current_user dependency]
[pid=18660] - [2026-08-13 15:59:42,953] - [core.apis.routes.order_router] - [INFO] - [Calling POST /orders/ORD-1001/reserve endpoint]
[pid=18660] - [2026-08-13 15:59:42,953] - [core.controllers.order_controller] - [INFO] - [Executing OrderController.reserve_order for: ORD-1001]
[pid=18660] - [2026-08-13 15:59:42,956] - [core.services.audit_service] - [INFO] - [Executing AuditService.log_mutation | Action: RESERVE_ORDER | Collection: orders]
[pid=18660] - [2026-08-13 15:59:42,956] - [core.controllers.order_controller] - [INFO] - [Order stock reserved successfully! Order ID: ORD-1001]
[pid=18660] - [2026-08-13 15:59:42,960] - [commons.auth] - [INFO] - [Executing get_current_user dependency]
[pid=18660] - [2026-08-13 15:59:42,961] - [core.apis.routes.order_router] - [INFO] - [Calling GET /orders/ORD-1001/picklist endpoint]
[pid=18660] - [2026-08-13 15:59:42,961] - [core.controllers.order_controller] - [INFO] - [Executing OrderController.get_picklist for: ORD-1001]
[pid=18660] - [2026-08-13 15:59:42,965] - [commons.auth] - [INFO] - [Executing get_current_user dependency]
[pid=18660] - [2026-08-13 15:59:42,968] - [core.apis.routes.order_router] - [INFO] - [Calling POST /orders/ORD-1001/pack endpoint]
[pid=18660] - [2026-08-13 15:59:42,968] - [core.controllers.order_controller] - [INFO] - [Executing OrderController.pack_order for: ORD-1001]
[pid=18660] - [2026-08-13 15:59:42,968] - [core.services.audit_service] - [INFO] - [Executing AuditService.log_mutation | Action: PACK_ORDER | Collection: orders]
[pid=18660] - [2026-08-13 15:59:42,969] - [core.controllers.order_controller] - [INFO] - [Order PACKED successfully: ORD-1001]
[pid=18660] - [2026-08-13 15:59:42,974] - [commons.auth] - [INFO] - [Executing get_current_user dependency]
[pid=18660] - [2026-08-13 15:59:42,974] - [core.apis.routes.order_router] - [INFO] - [Calling POST /orders/ORD-1001/label endpoint]
[pid=18660] - [2026-08-13 15:59:42,975] - [core.controllers.order_controller] - [INFO] - [Executing OrderController.generate_label for: ORD-1001]
[pid=18660] - [2026-08-13 15:59:42,976] - [core.controllers.order_controller] - [INFO] - [Shipping label generated stub for order ORD-1001: 1Z9991C49DB1EA8]
[pid=18660] - [2026-08-13 15:59:42,985] - [commons.auth] - [INFO] - [Executing get_current_user dependency]
[pid=18660] - [2026-08-13 15:59:42,986] - [core.apis.routes.order_router] - [INFO] - [Calling POST /orders/ORD-1001/ship endpoint]
[pid=18660] - [2026-08-13 15:59:42,986] - [core.controllers.order_controller] - [INFO] - [Executing OrderController.ship_order for: ORD-1001]
[pid=18660] - [2026-08-13 15:59:42,987] - [core.services.audit_service] - [INFO] - [Executing AuditService.log_mutation | Action: SHIP_ORDER | Collection: orders]
[pid=18660] - [2026-08-13 15:59:42,988] - [core.controllers.order_controller] - [INFO] - [Order SHIPPED successfully! Units converted to SOLD: ORD-1001]
[pid=18660] - [2026-08-13 15:59:43,018] - [core.utils.ticket_generator] - [INFO] - [Executing TicketGenerator.generate_ticket_id for WH: RNO]
[pid=18660] - [2026-08-13 15:59:43,019] - [core.utils.ticket_generator] - [INFO] - [Generated ticket ID: RNO-20260813-014]
[pid=6508] - [2026-08-13 16:00:43,337] - [core.config.settings] - [INFO] - [Executing get_settings function]
[pid=6508] - [2026-08-13 16:00:47,592] - [commons.auth] - [INFO] - [Executing hash_password function]
[pid=6508] - [2026-08-13 16:00:48,056] - [core.apis.routes.auth_router] - [INFO] - [Calling POST /auth/login endpoint]
[pid=6508] - [2026-08-13 16:00:48,056] - [core.controllers.auth_controller] - [INFO] - [Executing AuthController.login]
[pid=6508] - [2026-08-13 16:00:48,057] - [core.cruds.user_crud] - [INFO] - [Executing CRUDUser.get_by_email for: owner@whitfield.com]
[pid=6508] - [2026-08-13 16:00:48,057] - [commons.auth] - [INFO] - [Executing verify_password function]
[pid=6508] - [2026-08-13 16:00:48,507] - [commons.auth] - [INFO] - [Executing create_access_token function]
[pid=6508] - [2026-08-13 16:00:48,513] - [commons.auth] - [INFO] - [Executing create_refresh_token function]
[pid=6508] - [2026-08-13 16:00:48,514] - [core.controllers.auth_controller] - [INFO] - [User login successful: owner@whitfield.com (OWNER)]
[pid=6508] - [2026-08-13 16:00:48,528] - [commons.auth] - [INFO] - [Executing hash_password function]
[pid=6508] - [2026-08-13 16:00:48,975] - [core.apis.routes.auth_router] - [INFO] - [Calling POST /auth/login endpoint]
[pid=6508] - [2026-08-13 16:00:48,975] - [core.controllers.auth_controller] - [INFO] - [Executing AuthController.login]
[pid=6508] - [2026-08-13 16:00:48,976] - [core.cruds.user_crud] - [INFO] - [Executing CRUDUser.get_by_email for: owner@whitfield.com]
[pid=6508] - [2026-08-13 16:00:48,976] - [commons.auth] - [INFO] - [Executing verify_password function]
[pid=6508] - [2026-08-13 16:00:49,428] - [core.controllers.auth_controller] - [WARNING] - [Login failed: invalid password for user (owner@whitfield.com)]
[pid=6508] - [2026-08-13 16:00:49,429] - [core.apis.routes.auth_router] - [ERROR] - [Error in POST /auth/login endpoint: 401: Invalid email or password]
[pid=6508] - [2026-08-13 16:00:49,462] - [commons.auth] - [INFO] - [Executing get_current_user dependency]
[pid=6508] - [2026-08-13 16:00:49,463] - [commons.auth] - [INFO] - [Executing require_roles dependency check]
[pid=6508] - [2026-08-13 16:00:49,467] - [core.apis.routes.warehouse_router] - [INFO] - [Calling POST /warehouses endpoint]
[pid=6508] - [2026-08-13 16:00:49,468] - [core.services.audit_service] - [INFO] - [Executing AuditService.__init__]
[pid=6508] - [2026-08-13 16:00:49,468] - [core.controllers.warehouse_controller] - [INFO] - [Executing WarehouseController.create_warehouse]
[pid=6508] - [2026-08-13 16:00:49,469] - [core.services.audit_service] - [INFO] - [Executing AuditService.log_mutation | Action: CREATE | Collection: warehouses]
[pid=6508] - [2026-08-13 16:00:49,469] - [core.controllers.warehouse_controller] - [INFO] - [Warehouse created successfully: RNO]
[pid=6508] - [2026-08-13 16:00:49,521] - [commons.auth] - [INFO] - [Executing get_current_user dependency]
[pid=6508] - [2026-08-13 16:00:49,522] - [commons.auth] - [INFO] - [Executing require_roles dependency check]
[pid=6508] - [2026-08-13 16:00:49,528] - [core.apis.routes.user_router] - [INFO] - [Calling POST /users/managers endpoint]
[pid=6508] - [2026-08-13 16:00:49,528] - [core.controllers.user_controller] - [INFO] - [Executing UserController.create_manager]
[pid=6508] - [2026-08-13 16:00:49,529] - [commons.auth] - [INFO] - [Executing hash_password function]
[pid=6508] - [2026-08-13 16:00:50,081] - [core.services.audit_service] - [INFO] - [Executing AuditService.log_mutation | Action: CREATE | Collection: users]
[pid=6508] - [2026-08-13 16:00:50,081] - [core.controllers.user_controller] - [INFO] - [Manager user created successfully: manager.rno@whitfield.com]
[pid=6508] - [2026-08-13 16:00:50,095] - [commons.auth] - [INFO] - [Executing get_current_user dependency]
[pid=6508] - [2026-08-13 16:00:50,096] - [commons.auth] - [INFO] - [Executing require_roles dependency check]
[pid=6508] - [2026-08-13 16:00:50,105] - [core.apis.routes.user_router] - [INFO] - [Calling POST /users/staff endpoint]
[pid=6508] - [2026-08-13 16:00:50,105] - [core.controllers.user_controller] - [INFO] - [Executing UserController.create_staff]
[pid=6508] - [2026-08-13 16:00:50,105] - [commons.auth] - [INFO] - [Executing hash_password function]
[pid=6508] - [2026-08-13 16:00:50,571] - [core.services.audit_service] - [INFO] - [Executing AuditService.log_mutation | Action: CREATE | Collection: users]
[pid=6508] - [2026-08-13 16:00:50,572] - [core.controllers.user_controller] - [INFO] - [Staff user created successfully: staff.rookie@whitfield.com for WH: 607f1f77bcf86cd799439022]
[pid=6508] - [2026-08-13 16:00:50,589] - [commons.auth] - [INFO] - [Executing get_current_user dependency]
[pid=6508] - [2026-08-13 16:00:50,589] - [commons.auth] - [INFO] - [Executing require_roles dependency check]
[pid=6508] - [2026-08-13 16:00:50,590] - [commons.auth] - [WARNING] - [User staff.rookie@whitfield.com with role STAFF denied access. Required: ['OWNER']]
[pid=6508] - [2026-08-13 16:00:50,602] - [commons.auth] - [INFO] - [Executing get_current_user dependency]
[pid=6508] - [2026-08-13 16:00:50,603] - [commons.auth] - [INFO] - [Executing require_roles dependency check]
[pid=6508] - [2026-08-13 16:00:50,603] - [core.apis.routes.audit_router] - [INFO] - [Calling GET /audit endpoint]
[pid=6508] - [2026-08-13 16:00:50,604] - [core.controllers.audit_controller] - [INFO] - [Executing AuditController.get_audit_logs]
[pid=6508] - [2026-08-13 16:00:50,645] - [core.apis.routes.health_router] - [INFO] - [Calling GET /health endpoint]
[pid=6508] - [2026-08-13 16:00:50,646] - [core.controllers.health_controller] - [INFO] - [Executing HealthController.get_health]
[pid=6508] - [2026-08-13 16:00:50,646] - [core.database.database] - [INFO] - [Executing ping function]
[pid=6508] - [2026-08-13 16:00:50,647] - [core.database.database] - [INFO] - [Executing MongoDatabase function]
[pid=6508] - [2026-08-13 16:00:50,647] - [core.database.database] - [INFO] - [Executing _MongoClientSingleton.__new__ | DB: whitfield_wms]
[pid=6508] - [2026-08-13 16:00:50,670] - [core.database.database] - [INFO] - [MongoDB singleton initialized successfully | URI: mongodb://localhost:27017]
[pid=6508] - [2026-08-13 16:00:50,694] - [core.database.database] - [INFO] - [MongoDB ping successful]
[pid=6508] - [2026-08-13 16:00:50,715] - [commons.auth] - [INFO] - [Executing get_current_user dependency]
[pid=6508] - [2026-08-13 16:00:50,718] - [core.apis.routes.arrival_router] - [INFO] - [Calling POST /arrivals endpoint]
[pid=6508] - [2026-08-13 16:00:50,719] - [core.controllers.arrival_controller] - [INFO] - [Executing ArrivalController.process_arrival]
[pid=6508] - [2026-08-13 16:00:50,720] - [core.services.audit_service] - [INFO] - [Executing AuditService.log_mutation | Action: ARRIVE | Collection: tickets]
[pid=6508] - [2026-08-13 16:00:50,720] - [core.controllers.arrival_controller] - [INFO] - [Arrival processed successfully! Generated Ticket ID: RNO-20260813-001]
[pid=6508] - [2026-08-13 16:00:50,725] - [commons.auth] - [INFO] - [Executing get_current_user dependency]
[pid=6508] - [2026-08-13 16:00:50,731] - [core.apis.routes.ticket_router] - [INFO] - [Calling POST /tickets/RNO-20260813-001/items endpoint]
[pid=6508] - [2026-08-13 16:00:50,731] - [core.controllers.ticket_controller] - [INFO] - [Executing TicketController.log_item_scan for ticket: RNO-20260813-001]
[pid=6508] - [2026-08-13 16:00:50,732] - [core.services.audit_service] - [INFO] - [Executing AuditService.log_mutation | Action: SCAN_ITEM | Collection: items]
[pid=6508] - [2026-08-13 16:00:50,732] - [core.controllers.ticket_controller] - [INFO] - [Item scanned and logged successfully! Unit Seq: 1 under Ticket: RNO-20260813-001]
[pid=6508] - [2026-08-13 16:00:50,735] - [commons.auth] - [INFO] - [Executing get_current_user dependency]
[pid=6508] - [2026-08-13 16:00:50,736] - [core.apis.routes.ticket_router] - [INFO] - [Calling PUT /tickets/ticket123/submit-inspection endpoint]
[pid=6508] - [2026-08-13 16:00:50,736] - [core.controllers.ticket_controller] - [INFO] - [Executing TicketController.submit_inspection for: ticket123]
[pid=6508] - [2026-08-13 16:00:50,737] - [core.services.audit_service] - [INFO] - [Executing AuditService.log_mutation | Action: SUBMIT_INSPECTION | Collection: tickets]
[pid=6508] - [2026-08-13 16:00:50,737] - [core.controllers.ticket_controller] - [INFO] - [Ticket submitted for inspection approval: RNO-20260813-001]
[pid=6508] - [2026-08-13 16:00:50,739] - [commons.auth] - [INFO] - [Executing get_current_user dependency]
[pid=6508] - [2026-08-13 16:00:50,739] - [commons.auth] - [INFO] - [Executing require_roles dependency check]
[pid=6508] - [2026-08-13 16:00:50,740] - [core.apis.routes.ticket_router] - [INFO] - [Calling POST /tickets/ticket123/approve endpoint]
[pid=6508] - [2026-08-13 16:00:50,740] - [core.controllers.ticket_controller] - [INFO] - [Executing TicketController.approve_ticket: ticket123]
[pid=6508] - [2026-08-13 16:00:50,740] - [core.services.audit_service] - [INFO] - [Executing AuditService.log_mutation | Action: APPROVE_SHIPMENT | Collection: tickets]
[pid=6508] - [2026-08-13 16:00:50,741] - [core.controllers.ticket_controller] - [INFO] - [Ticket inspection APPROVED! Status: SHIPMENT_ARRIVED for Ticket: RNO-20260813-001]
[pid=6508] - [2026-08-13 16:00:50,744] - [commons.auth] - [INFO] - [Executing get_current_user dependency]
[pid=6508] - [2026-08-13 16:00:50,746] - [core.apis.routes.ticket_router] - [INFO] - [Calling POST /tickets/ticket123/store endpoint]
[pid=6508] - [2026-08-13 16:00:50,746] - [core.controllers.ticket_controller] - [INFO] - [Executing TicketController.store_ticket: ticket123 -> A-04-12]
[pid=6508] - [2026-08-13 16:00:50,746] - [core.services.audit_service] - [INFO] - [Executing AuditService.log_mutation | Action: STORE_TICKET | Collection: tickets]
[pid=6508] - [2026-08-13 16:00:50,747] - [core.controllers.ticket_controller] - [INFO] - [Ticket STORED successfully at location: A-04-12]
[pid=6508] - [2026-08-13 16:00:50,766] - [commons.auth] - [INFO] - [Executing get_current_user dependency]
[pid=6508] - [2026-08-13 16:00:50,767] - [core.apis.routes.arrival_router] - [INFO] - [Calling POST /arrivals endpoint]
[pid=6508] - [2026-08-13 16:00:50,768] - [core.controllers.arrival_controller] - [INFO] - [Executing ArrivalController.process_arrival]
[pid=6508] - [2026-08-13 16:00:50,769] - [core.services.audit_service] - [INFO] - [Executing AuditService.log_mutation | Action: ARRIVE | Collection: tickets]
[pid=6508] - [2026-08-13 16:00:50,769] - [core.controllers.arrival_controller] - [INFO] - [Arrival processed successfully! Generated Ticket ID: LAX-20260813-001]
[pid=6508] - [2026-08-13 16:00:50,789] - [commons.auth] - [INFO] - [Executing get_current_user dependency]
[pid=6508] - [2026-08-13 16:00:50,792] - [core.apis.routes.order_router] - [INFO] - [Calling POST /orders endpoint]
[pid=6508] - [2026-08-13 16:00:50,793] - [core.controllers.order_controller] - [INFO] - [Executing OrderController.create_order]
[pid=6508] - [2026-08-13 16:00:50,793] - [core.services.audit_service] - [INFO] - [Executing AuditService.log_mutation | Action: CREATE | Collection: orders]
[pid=6508] - [2026-08-13 16:00:50,794] - [core.controllers.order_controller] - [INFO] - [Customer order created successfully: ORD-1001]
[pid=6508] - [2026-08-13 16:00:50,803] - [commons.auth] - [INFO] - [Executing get_current_user dependency]
[pid=6508] - [2026-08-13 16:00:50,804] - [core.apis.routes.order_router] - [INFO] - [Calling POST /orders/ORD-1001/reserve endpoint]
[pid=6508] - [2026-08-13 16:00:50,804] - [core.controllers.order_controller] - [INFO] - [Executing OrderController.reserve_order for: ORD-1001]
[pid=6508] - [2026-08-13 16:00:50,807] - [core.services.audit_service] - [INFO] - [Executing AuditService.log_mutation | Action: RESERVE_ORDER | Collection: orders]
[pid=6508] - [2026-08-13 16:00:50,807] - [core.controllers.order_controller] - [INFO] - [Order stock reserved successfully! Order ID: ORD-1001]
[pid=6508] - [2026-08-13 16:00:50,812] - [commons.auth] - [INFO] - [Executing get_current_user dependency]
[pid=6508] - [2026-08-13 16:00:50,813] - [core.apis.routes.order_router] - [INFO] - [Calling GET /orders/ORD-1001/picklist endpoint]
[pid=6508] - [2026-08-13 16:00:50,813] - [core.controllers.order_controller] - [INFO] - [Executing OrderController.get_picklist for: ORD-1001]
[pid=6508] - [2026-08-13 16:00:50,817] - [commons.auth] - [INFO] - [Executing get_current_user dependency]
[pid=6508] - [2026-08-13 16:00:50,820] - [core.apis.routes.order_router] - [INFO] - [Calling POST /orders/ORD-1001/pack endpoint]
[pid=6508] - [2026-08-13 16:00:50,820] - [core.controllers.order_controller] - [INFO] - [Executing OrderController.pack_order for: ORD-1001]
[pid=6508] - [2026-08-13 16:00:50,820] - [core.services.audit_service] - [INFO] - [Executing AuditService.log_mutation | Action: PACK_ORDER | Collection: orders]
[pid=6508] - [2026-08-13 16:00:50,820] - [core.controllers.order_controller] - [INFO] - [Order PACKED successfully: ORD-1001]
[pid=6508] - [2026-08-13 16:00:50,822] - [commons.auth] - [INFO] - [Executing get_current_user dependency]
[pid=6508] - [2026-08-13 16:00:50,823] - [core.apis.routes.order_router] - [INFO] - [Calling POST /orders/ORD-1001/label endpoint]
[pid=6508] - [2026-08-13 16:00:50,823] - [core.controllers.order_controller] - [INFO] - [Executing OrderController.generate_label for: ORD-1001]
[pid=6508] - [2026-08-13 16:00:50,823] - [core.controllers.order_controller] - [INFO] - [Shipping label generated stub for order ORD-1001: 1Z999EE4BC9EB22]
[pid=6508] - [2026-08-13 16:00:50,827] - [commons.auth] - [INFO] - [Executing get_current_user dependency]
[pid=6508] - [2026-08-13 16:00:50,827] - [core.apis.routes.order_router] - [INFO] - [Calling POST /orders/ORD-1001/ship endpoint]
[pid=6508] - [2026-08-13 16:00:50,828] - [core.controllers.order_controller] - [INFO] - [Executing OrderController.ship_order for: ORD-1001]
[pid=6508] - [2026-08-13 16:00:50,828] - [core.services.audit_service] - [INFO] - [Executing AuditService.log_mutation | Action: SHIP_ORDER | Collection: orders]
[pid=6508] - [2026-08-13 16:00:50,828] - [core.controllers.order_controller] - [INFO] - [Order SHIPPED successfully! Units converted to SOLD: ORD-1001]
[pid=6508] - [2026-08-13 16:00:50,853] - [commons.auth] - [INFO] - [Executing get_current_user dependency]
[pid=6508] - [2026-08-13 16:00:50,854] - [commons.auth] - [INFO] - [Executing require_roles dependency check]
[pid=6508] - [2026-08-13 16:00:50,854] - [core.apis.routes.report_router] - [INFO] - [Calling GET /reports/summary endpoint]
[pid=6508] - [2026-08-13 16:00:50,864] - [commons.auth] - [INFO] - [Executing get_current_user dependency]
[pid=6508] - [2026-08-13 16:00:50,865] - [commons.auth] - [INFO] - [Executing require_roles dependency check]
[pid=6508] - [2026-08-13 16:00:50,866] - [core.apis.routes.report_router] - [INFO] - [Calling GET /reports/stock endpoint]
[pid=6508] - [2026-08-13 16:00:50,881] - [commons.auth] - [INFO] - [Executing get_current_user dependency]
[pid=6508] - [2026-08-13 16:00:50,881] - [commons.auth] - [INFO] - [Executing require_roles dependency check]
[pid=6508] - [2026-08-13 16:00:50,882] - [core.apis.routes.report_router] - [INFO] - [Calling GET /reports/export endpoint | Type: stock | Format: csv]
[pid=6508] - [2026-08-13 16:00:50,892] - [core.utils.ticket_generator] - [INFO] - [Executing TicketGenerator.generate_ticket_id for WH: RNO]
[pid=6508] - [2026-08-13 16:00:50,893] - [core.utils.ticket_generator] - [INFO] - [Generated ticket ID: RNO-20260813-014]
[pid=26032] - [2026-08-13 16:03:08,578] - [core.config.settings] - [INFO] - [Executing get_settings function]
[pid=26032] - [2026-08-13 16:03:10,499] - [commons.auth] - [INFO] - [Executing get_current_user dependency]
[pid=26032] - [2026-08-13 16:03:10,501] - [core.apis.routes.voice_router] - [INFO] - [Calling POST /voice/transcribe endpoint]
[pid=26032] - [2026-08-13 16:03:10,501] - [core.controllers.voice_controller] - [INFO] - [Executing VoiceController.transcribe]
[pid=26032] - [2026-08-13 16:03:10,501] - [core.services.voice_service] - [INFO] - [Executing VoiceService.transcribe_audio]
[pid=26032] - [2026-08-13 16:03:10,507] - [commons.auth] - [INFO] - [Executing get_current_user dependency]
[pid=26032] - [2026-08-13 16:03:10,509] - [core.apis.routes.voice_router] - [INFO] - [Calling POST /voice/parse endpoint]
[pid=26032] - [2026-08-13 16:03:10,510] - [core.controllers.voice_controller] - [INFO] - [Executing VoiceController.parse_transcript for ticket: RNO-20260813-001]
[pid=26032] - [2026-08-13 16:03:10,511] - [core.services.voice_service] - [INFO] - [Executing VoiceService.parse_transcript]
[pid=26032] - [2026-08-13 16:03:10,512] - [core.controllers.voice_controller] - [INFO] - [Voice draft saved successfully! Draft ID: draft123]
[pid=26032] - [2026-08-13 16:03:10,517] - [commons.auth] - [INFO] - [Executing get_current_user dependency]
[pid=26032] - [2026-08-13 16:03:10,519] - [core.apis.routes.voice_router] - [INFO] - [Calling POST /voice/drafts/draft123/confirm endpoint]
[pid=26032] - [2026-08-13 16:03:10,519] - [core.controllers.voice_controller] - [INFO] - [Executing VoiceController.confirm_draft for draft: draft123]
[pid=26032] - [2026-08-13 16:03:10,520] - [core.services.audit_service] - [INFO] - [Executing AuditService.__init__]
[pid=26032] - [2026-08-13 16:03:10,520] - [core.controllers.voice_controller] - [INFO] - [Voice draft confirmed and logged through Phase 2 pipeline! Draft ID: draft123]
[pid=26032] - [2026-08-13 16:03:10,521] - [core.apis.routes.voice_router] - [ERROR] - [Error in POST /voice/drafts/draft123/confirm endpoint: 1 validation error for ItemResponse
logged_by
  Field required [type=missing, input_value={'id': 'item_voice_1', 't...-08-13 12:00:00.000000'}, input_type=dict]
    For further information visit https://errors.pydantic.dev/2.9/v/missing]
[pid=26032] - [2026-08-13 16:03:11,186] - [commons.auth] - [INFO] - [Executing get_current_user dependency]
[pid=26032] - [2026-08-13 16:03:11,187] - [core.apis.routes.vision_router] - [INFO] - [Calling POST /vision/measure endpoint]
[pid=26032] - [2026-08-13 16:03:11,187] - [core.controllers.vision_controller] - [INFO] - [Executing VisionController.measure_package]
[pid=26032] - [2026-08-13 16:03:11,202] - [commons.auth] - [INFO] - [Executing get_current_user dependency]
[pid=26032] - [2026-08-13 16:03:11,204] - [core.apis.routes.query_router] - [INFO] - [Calling POST /query endpoint]
[pid=26032] - [2026-08-13 16:03:11,204] - [core.controllers.nl_query_controller] - [INFO] - [Executing NLQueryController.execute_query]
[pid=26032] - [2026-08-13 16:03:11,220] - [commons.auth] - [INFO] - [Executing get_current_user dependency]
[pid=26032] - [2026-08-13 16:03:11,220] - [commons.auth] - [INFO] - [Executing require_roles dependency check]
[pid=26032] - [2026-08-13 16:03:11,223] - [core.apis.routes.api_key_router] - [INFO] - [Calling POST /api-keys endpoint]
[pid=26032] - [2026-08-13 16:03:11,223] - [core.controllers.api_key_controller] - [INFO] - [Executing ApiKeyController.create_key]
[pid=26032] - [2026-08-13 16:03:11,223] - [core.controllers.api_key_controller] - [INFO] - [API key created successfully! Name: Morning Check Script | Prefix: wms_live_7db]
[pid=26032] - [2026-08-13 16:03:11,226] - [commons.auth] - [INFO] - [Executing get_current_user dependency]
[pid=26032] - [2026-08-13 16:03:11,227] - [commons.auth] - [INFO] - [Executing require_roles dependency check]
[pid=26032] - [2026-08-13 16:03:11,227] - [core.apis.routes.api_key_router] - [INFO] - [Calling GET /api-keys endpoint]
[pid=26032] - [2026-08-13 16:03:11,227] - [core.controllers.api_key_controller] - [INFO] - [Executing ApiKeyController.list_keys]
[pid=26032] - [2026-08-13 16:03:11,230] - [commons.auth] - [INFO] - [Executing get_current_user dependency]
[pid=26032] - [2026-08-13 16:03:11,231] - [commons.auth] - [INFO] - [Executing require_roles dependency check]
[pid=26032] - [2026-08-13 16:03:11,231] - [core.apis.routes.api_key_router] - [INFO] - [Calling DELETE /api-keys/key123 endpoint]
[pid=26032] - [2026-08-13 16:03:11,231] - [core.controllers.api_key_controller] - [INFO] - [Executing ApiKeyController.revoke_key: key123]
[pid=26032] - [2026-08-13 16:03:11,232] - [core.controllers.api_key_controller] - [INFO] - [API key revoked successfully: key123]
[pid=26032] - [2026-08-13 16:03:11,241] - [commons.auth] - [INFO] - [Executing hash_password function]
[pid=26032] - [2026-08-13 16:03:11,713] - [core.apis.routes.auth_router] - [INFO] - [Calling POST /auth/login endpoint]
[pid=26032] - [2026-08-13 16:03:11,714] - [core.controllers.auth_controller] - [INFO] - [Executing AuthController.login]
[pid=26032] - [2026-08-13 16:03:11,715] - [core.cruds.user_crud] - [INFO] - [Executing CRUDUser.get_by_email for: owner@whitfield.com]
[pid=26032] - [2026-08-13 16:03:11,715] - [commons.auth] - [INFO] - [Executing verify_password function]
[pid=26032] - [2026-08-13 16:03:12,363] - [commons.auth] - [INFO] - [Executing create_access_token function]
[pid=26032] - [2026-08-13 16:03:12,363] - [commons.auth] - [INFO] - [Executing create_refresh_token function]
[pid=26032] - [2026-08-13 16:03:12,364] - [core.controllers.auth_controller] - [INFO] - [User login successful: owner@whitfield.com (OWNER)]
[pid=26032] - [2026-08-13 16:03:12,373] - [commons.auth] - [INFO] - [Executing hash_password function]
[pid=26032] - [2026-08-13 16:03:12,806] - [core.apis.routes.auth_router] - [INFO] - [Calling POST /auth/login endpoint]
[pid=26032] - [2026-08-13 16:03:12,806] - [core.controllers.auth_controller] - [INFO] - [Executing AuthController.login]
[pid=26032] - [2026-08-13 16:03:12,807] - [core.cruds.user_crud] - [INFO] - [Executing CRUDUser.get_by_email for: owner@whitfield.com]
[pid=26032] - [2026-08-13 16:03:12,807] - [commons.auth] - [INFO] - [Executing verify_password function]
[pid=26032] - [2026-08-13 16:03:13,256] - [core.controllers.auth_controller] - [WARNING] - [Login failed: invalid password for user (owner@whitfield.com)]
[pid=26032] - [2026-08-13 16:03:13,256] - [core.apis.routes.auth_router] - [ERROR] - [Error in POST /auth/login endpoint: 401: Invalid email or password]
[pid=26032] - [2026-08-13 16:03:13,262] - [commons.auth] - [INFO] - [Executing get_current_user dependency]
[pid=26032] - [2026-08-13 16:03:13,263] - [commons.auth] - [INFO] - [Executing require_roles dependency check]
[pid=26032] - [2026-08-13 16:03:13,264] - [core.apis.routes.warehouse_router] - [INFO] - [Calling POST /warehouses endpoint]
[pid=26032] - [2026-08-13 16:03:13,264] - [core.controllers.warehouse_controller] - [INFO] - [Executing WarehouseController.create_warehouse]
[pid=26032] - [2026-08-13 16:03:13,264] - [core.services.audit_service] - [INFO] - [Executing AuditService.log_mutation | Action: CREATE | Collection: warehouses]
[pid=26032] - [2026-08-13 16:03:13,264] - [core.controllers.warehouse_controller] - [INFO] - [Warehouse created successfully: RNO]
[pid=26032] - [2026-08-13 16:03:13,273] - [commons.auth] - [INFO] - [Executing get_current_user dependency]
[pid=26032] - [2026-08-13 16:03:13,273] - [commons.auth] - [INFO] - [Executing require_roles dependency check]
[pid=26032] - [2026-08-13 16:03:13,276] - [core.apis.routes.user_router] - [INFO] - [Calling POST /users/managers endpoint]
[pid=26032] - [2026-08-13 16:03:13,276] - [core.controllers.user_controller] - [INFO] - [Executing UserController.create_manager]
[pid=26032] - [2026-08-13 16:03:13,276] - [commons.auth] - [INFO] - [Executing hash_password function]
[pid=26032] - [2026-08-13 16:03:13,601] - [core.services.audit_service] - [INFO] - [Executing AuditService.log_mutation | Action: CREATE | Collection: users]
[pid=26032] - [2026-08-13 16:03:13,601] - [core.controllers.user_controller] - [INFO] - [Manager user created successfully: manager.rno@whitfield.com]
[pid=26032] - [2026-08-13 16:03:13,611] - [commons.auth] - [INFO] - [Executing get_current_user dependency]
[pid=26032] - [2026-08-13 16:03:13,612] - [commons.auth] - [INFO] - [Executing require_roles dependency check]
[pid=26032] - [2026-08-13 16:03:13,616] - [core.apis.routes.user_router] - [INFO] - [Calling POST /users/staff endpoint]
[pid=26032] - [2026-08-13 16:03:13,616] - [core.controllers.user_controller] - [INFO] - [Executing UserController.create_staff]
[pid=26032] - [2026-08-13 16:03:13,616] - [commons.auth] - [INFO] - [Executing hash_password function]
[pid=26032] - [2026-08-13 16:03:13,929] - [core.services.audit_service] - [INFO] - [Executing AuditService.log_mutation | Action: CREATE | Collection: users]
[pid=26032] - [2026-08-13 16:03:13,929] - [core.controllers.user_controller] - [INFO] - [Staff user created successfully: staff.rookie@whitfield.com for WH: 607f1f77bcf86cd799439022]
[pid=26032] - [2026-08-13 16:03:13,935] - [commons.auth] - [INFO] - [Executing get_current_user dependency]
[pid=26032] - [2026-08-13 16:03:13,935] - [commons.auth] - [INFO] - [Executing require_roles dependency check]
[pid=26032] - [2026-08-13 16:03:13,935] - [commons.auth] - [WARNING] - [User staff.rookie@whitfield.com with role STAFF denied access. Required: ['OWNER']]
[pid=26032] - [2026-08-13 16:03:13,956] - [commons.auth] - [INFO] - [Executing get_current_user dependency]
[pid=26032] - [2026-08-13 16:03:13,957] - [commons.auth] - [INFO] - [Executing require_roles dependency check]
[pid=26032] - [2026-08-13 16:03:13,957] - [core.apis.routes.audit_router] - [INFO] - [Calling GET /audit endpoint]
[pid=26032] - [2026-08-13 16:03:13,957] - [core.controllers.audit_controller] - [INFO] - [Executing AuditController.get_audit_logs]
[pid=26032] - [2026-08-13 16:03:13,971] - [core.apis.routes.health_router] - [INFO] - [Calling GET /health endpoint]
[pid=26032] - [2026-08-13 16:03:13,971] - [core.controllers.health_controller] - [INFO] - [Executing HealthController.get_health]
[pid=26032] - [2026-08-13 16:03:13,971] - [core.database.database] - [INFO] - [Executing ping function]
[pid=26032] - [2026-08-13 16:03:13,971] - [core.database.database] - [INFO] - [Executing MongoDatabase function]
[pid=26032] - [2026-08-13 16:03:13,971] - [core.database.database] - [INFO] - [Executing _MongoClientSingleton.__new__ | DB: whitfield_wms]
[pid=26032] - [2026-08-13 16:03:13,983] - [core.database.database] - [INFO] - [MongoDB singleton initialized successfully | URI: mongodb://localhost:27017]
[pid=26032] - [2026-08-13 16:03:14,008] - [core.database.database] - [INFO] - [MongoDB ping successful]
[pid=26032] - [2026-08-13 16:03:14,028] - [commons.auth] - [INFO] - [Executing get_current_user dependency]
[pid=26032] - [2026-08-13 16:03:14,030] - [core.apis.routes.arrival_router] - [INFO] - [Calling POST /arrivals endpoint]
[pid=26032] - [2026-08-13 16:03:14,030] - [core.controllers.arrival_controller] - [INFO] - [Executing ArrivalController.process_arrival]
[pid=26032] - [2026-08-13 16:03:14,030] - [core.services.audit_service] - [INFO] - [Executing AuditService.log_mutation | Action: ARRIVE | Collection: tickets]
[pid=26032] - [2026-08-13 16:03:14,030] - [core.controllers.arrival_controller] - [INFO] - [Arrival processed successfully! Generated Ticket ID: RNO-20260813-001]
[pid=26032] - [2026-08-13 16:03:14,032] - [commons.auth] - [INFO] - [Executing get_current_user dependency]
[pid=26032] - [2026-08-13 16:03:14,035] - [core.apis.routes.ticket_router] - [INFO] - [Calling POST /tickets/RNO-20260813-001/items endpoint]
[pid=26032] - [2026-08-13 16:03:14,035] - [core.controllers.ticket_controller] - [INFO] - [Executing TicketController.log_item_scan for ticket: RNO-20260813-001]
[pid=26032] - [2026-08-13 16:03:14,035] - [core.services.audit_service] - [INFO] - [Executing AuditService.log_mutation | Action: SCAN_ITEM | Collection: items]
[pid=26032] - [2026-08-13 16:03:14,036] - [core.controllers.ticket_controller] - [INFO] - [Item scanned and logged successfully! Unit Seq: 1 under Ticket: RNO-20260813-001]
[pid=26032] - [2026-08-13 16:03:14,037] - [commons.auth] - [INFO] - [Executing get_current_user dependency]
[pid=26032] - [2026-08-13 16:03:14,038] - [core.apis.routes.ticket_router] - [INFO] - [Calling PUT /tickets/ticket123/submit-inspection endpoint]
[pid=26032] - [2026-08-13 16:03:14,038] - [core.controllers.ticket_controller] - [INFO] - [Executing TicketController.submit_inspection for: ticket123]
[pid=26032] - [2026-08-13 16:03:14,038] - [core.services.audit_service] - [INFO] - [Executing AuditService.log_mutation | Action: SUBMIT_INSPECTION | Collection: tickets]
[pid=26032] - [2026-08-13 16:03:14,038] - [core.controllers.ticket_controller] - [INFO] - [Ticket submitted for inspection approval: RNO-20260813-001]
[pid=26032] - [2026-08-13 16:03:14,039] - [commons.auth] - [INFO] - [Executing get_current_user dependency]
[pid=26032] - [2026-08-13 16:03:14,039] - [commons.auth] - [INFO] - [Executing require_roles dependency check]
[pid=26032] - [2026-08-13 16:03:14,039] - [core.apis.routes.ticket_router] - [INFO] - [Calling POST /tickets/ticket123/approve endpoint]
[pid=26032] - [2026-08-13 16:03:14,039] - [core.controllers.ticket_controller] - [INFO] - [Executing TicketController.approve_ticket: ticket123]
[pid=26032] - [2026-08-13 16:03:14,039] - [core.services.audit_service] - [INFO] - [Executing AuditService.log_mutation | Action: APPROVE_SHIPMENT | Collection: tickets]
[pid=26032] - [2026-08-13 16:03:14,040] - [core.controllers.ticket_controller] - [INFO] - [Ticket inspection APPROVED! Status: SHIPMENT_ARRIVED for Ticket: RNO-20260813-001]
[pid=26032] - [2026-08-13 16:03:14,041] - [commons.auth] - [INFO] - [Executing get_current_user dependency]
[pid=26032] - [2026-08-13 16:03:14,042] - [core.apis.routes.ticket_router] - [INFO] - [Calling POST /tickets/ticket123/store endpoint]
[pid=26032] - [2026-08-13 16:03:14,042] - [core.controllers.ticket_controller] - [INFO] - [Executing TicketController.store_ticket: ticket123 -> A-04-12]
[pid=26032] - [2026-08-13 16:03:14,042] - [core.services.audit_service] - [INFO] - [Executing AuditService.log_mutation | Action: STORE_TICKET | Collection: tickets]
[pid=26032] - [2026-08-13 16:03:14,042] - [core.controllers.ticket_controller] - [INFO] - [Ticket STORED successfully at location: A-04-12]
[pid=26032] - [2026-08-13 16:03:14,049] - [commons.auth] - [INFO] - [Executing get_current_user dependency]
[pid=26032] - [2026-08-13 16:03:14,050] - [core.apis.routes.arrival_router] - [INFO] - [Calling POST /arrivals endpoint]
[pid=26032] - [2026-08-13 16:03:14,050] - [core.controllers.arrival_controller] - [INFO] - [Executing ArrivalController.process_arrival]
[pid=26032] - [2026-08-13 16:03:14,050] - [core.services.audit_service] - [INFO] - [Executing AuditService.log_mutation | Action: ARRIVE | Collection: tickets]
[pid=26032] - [2026-08-13 16:03:14,050] - [core.controllers.arrival_controller] - [INFO] - [Arrival processed successfully! Generated Ticket ID: LAX-20260813-001]
[pid=26032] - [2026-08-13 16:03:14,059] - [commons.auth] - [INFO] - [Executing get_current_user dependency]
[pid=26032] - [2026-08-13 16:03:14,060] - [core.apis.routes.order_router] - [INFO] - [Calling POST /orders endpoint]
[pid=26032] - [2026-08-13 16:03:14,060] - [core.controllers.order_controller] - [INFO] - [Executing OrderController.create_order]
[pid=26032] - [2026-08-13 16:03:14,060] - [core.services.audit_service] - [INFO] - [Executing AuditService.log_mutation | Action: CREATE | Collection: orders]
[pid=26032] - [2026-08-13 16:03:14,061] - [core.controllers.order_controller] - [INFO] - [Customer order created successfully: ORD-1001]
[pid=26032] - [2026-08-13 16:03:14,064] - [commons.auth] - [INFO] - [Executing get_current_user dependency]
[pid=26032] - [2026-08-13 16:03:14,064] - [core.apis.routes.order_router] - [INFO] - [Calling POST /orders/ORD-1001/reserve endpoint]
[pid=26032] - [2026-08-13 16:03:14,064] - [core.controllers.order_controller] - [INFO] - [Executing OrderController.reserve_order for: ORD-1001]
[pid=26032] - [2026-08-13 16:03:14,066] - [core.services.audit_service] - [INFO] - [Executing AuditService.log_mutation | Action: RESERVE_ORDER | Collection: orders]
[pid=26032] - [2026-08-13 16:03:14,066] - [core.controllers.order_controller] - [INFO] - [Order stock reserved successfully! Order ID: ORD-1001]
[pid=26032] - [2026-08-13 16:03:14,068] - [commons.auth] - [INFO] - [Executing get_current_user dependency]
[pid=26032] - [2026-08-13 16:03:14,068] - [core.apis.routes.order_router] - [INFO] - [Calling GET /orders/ORD-1001/picklist endpoint]
[pid=26032] - [2026-08-13 16:03:14,069] - [core.controllers.order_controller] - [INFO] - [Executing OrderController.get_picklist for: ORD-1001]
[pid=26032] - [2026-08-13 16:03:14,070] - [commons.auth] - [INFO] - [Executing get_current_user dependency]
[pid=26032] - [2026-08-13 16:03:14,071] - [core.apis.routes.order_router] - [INFO] - [Calling POST /orders/ORD-1001/pack endpoint]
[pid=26032] - [2026-08-13 16:03:14,071] - [core.controllers.order_controller] - [INFO] - [Executing OrderController.pack_order for: ORD-1001]
[pid=26032] - [2026-08-13 16:03:14,072] - [core.services.audit_service] - [INFO] - [Executing AuditService.log_mutation | Action: PACK_ORDER | Collection: orders]
[pid=26032] - [2026-08-13 16:03:14,072] - [core.controllers.order_controller] - [INFO] - [Order PACKED successfully: ORD-1001]
[pid=26032] - [2026-08-13 16:03:14,073] - [commons.auth] - [INFO] - [Executing get_current_user dependency]
[pid=26032] - [2026-08-13 16:03:14,073] - [core.apis.routes.order_router] - [INFO] - [Calling POST /orders/ORD-1001/label endpoint]
[pid=26032] - [2026-08-13 16:03:14,073] - [core.controllers.order_controller] - [INFO] - [Executing OrderController.generate_label for: ORD-1001]
[pid=26032] - [2026-08-13 16:03:14,073] - [core.controllers.order_controller] - [INFO] - [Shipping label generated stub for order ORD-1001: 1Z999C9C3D139FB]
[pid=26032] - [2026-08-13 16:03:14,075] - [commons.auth] - [INFO] - [Executing get_current_user dependency]
[pid=26032] - [2026-08-13 16:03:14,075] - [core.apis.routes.order_router] - [INFO] - [Calling POST /orders/ORD-1001/ship endpoint]
[pid=26032] - [2026-08-13 16:03:14,075] - [core.controllers.order_controller] - [INFO] - [Executing OrderController.ship_order for: ORD-1001]
[pid=26032] - [2026-08-13 16:03:14,075] - [core.services.audit_service] - [INFO] - [Executing AuditService.log_mutation | Action: SHIP_ORDER | Collection: orders]
[pid=26032] - [2026-08-13 16:03:14,075] - [core.controllers.order_controller] - [INFO] - [Order SHIPPED successfully! Units converted to SOLD: ORD-1001]
[pid=26032] - [2026-08-13 16:03:14,086] - [commons.auth] - [INFO] - [Executing get_current_user dependency]
[pid=26032] - [2026-08-13 16:03:14,087] - [commons.auth] - [INFO] - [Executing require_roles dependency check]
[pid=26032] - [2026-08-13 16:03:14,087] - [core.apis.routes.report_router] - [INFO] - [Calling GET /reports/summary endpoint]
[pid=26032] - [2026-08-13 16:03:14,092] - [commons.auth] - [INFO] - [Executing get_current_user dependency]
[pid=26032] - [2026-08-13 16:03:14,093] - [commons.auth] - [INFO] - [Executing require_roles dependency check]
[pid=26032] - [2026-08-13 16:03:14,093] - [core.apis.routes.report_router] - [INFO] - [Calling GET /reports/stock endpoint]
[pid=26032] - [2026-08-13 16:03:14,099] - [commons.auth] - [INFO] - [Executing get_current_user dependency]
[pid=26032] - [2026-08-13 16:03:14,099] - [commons.auth] - [INFO] - [Executing require_roles dependency check]
[pid=26032] - [2026-08-13 16:03:14,099] - [core.apis.routes.report_router] - [INFO] - [Calling GET /reports/export endpoint | Type: stock | Format: csv]
[pid=26032] - [2026-08-13 16:03:14,103] - [core.utils.ticket_generator] - [INFO] - [Executing TicketGenerator.generate_ticket_id for WH: RNO]
[pid=26032] - [2026-08-13 16:03:14,104] - [core.utils.ticket_generator] - [INFO] - [Generated ticket ID: RNO-20260813-014]
[pid=18272] - [2026-08-13 16:03:18,422] - [core.config.settings] - [INFO] - [Executing get_settings function]
[pid=18272] - [2026-08-13 16:03:19,588] - [commons.auth] - [INFO] - [Executing get_current_user dependency]
[pid=18272] - [2026-08-13 16:03:19,588] - [core.apis.routes.voice_router] - [INFO] - [Calling POST /voice/transcribe endpoint]
[pid=18272] - [2026-08-13 16:03:19,588] - [core.controllers.voice_controller] - [INFO] - [Executing VoiceController.transcribe]
[pid=18272] - [2026-08-13 16:03:19,588] - [core.services.voice_service] - [INFO] - [Executing VoiceService.transcribe_audio]
[pid=18272] - [2026-08-13 16:03:19,590] - [commons.auth] - [INFO] - [Executing get_current_user dependency]
[pid=18272] - [2026-08-13 16:03:19,591] - [core.apis.routes.voice_router] - [INFO] - [Calling POST /voice/parse endpoint]
[pid=18272] - [2026-08-13 16:03:19,595] - [core.controllers.voice_controller] - [INFO] - [Executing VoiceController.parse_transcript for ticket: RNO-20260813-001]
[pid=18272] - [2026-08-13 16:03:19,595] - [core.services.voice_service] - [INFO] - [Executing VoiceService.parse_transcript]
[pid=18272] - [2026-08-13 16:03:19,595] - [core.controllers.voice_controller] - [INFO] - [Voice draft saved successfully! Draft ID: draft123]
[pid=18272] - [2026-08-13 16:03:19,597] - [commons.auth] - [INFO] - [Executing get_current_user dependency]
[pid=18272] - [2026-08-13 16:03:19,597] - [core.apis.routes.voice_router] - [INFO] - [Calling POST /voice/drafts/draft123/confirm endpoint]
[pid=18272] - [2026-08-13 16:03:19,597] - [core.controllers.voice_controller] - [INFO] - [Executing VoiceController.confirm_draft for draft: draft123]
[pid=18272] - [2026-08-13 16:03:19,597] - [core.services.audit_service] - [INFO] - [Executing AuditService.__init__]
[pid=18272] - [2026-08-13 16:03:19,598] - [core.controllers.voice_controller] - [INFO] - [Voice draft confirmed and logged through Phase 2 pipeline! Draft ID: draft123]
[pid=18272] - [2026-08-13 16:03:19,598] - [core.apis.routes.voice_router] - [ERROR] - [Error in POST /voice/drafts/draft123/confirm endpoint: 1 validation error for ItemResponse
logged_by
  Field required [type=missing, input_value={'id': 'item_voice_1', 't...-08-13 12:00:00.000000'}, input_type=dict]
    For further information visit https://errors.pydantic.dev/2.9/v/missing]
[pid=18272] - [2026-08-13 16:03:19,758] - [commons.auth] - [INFO] - [Executing get_current_user dependency]
[pid=18272] - [2026-08-13 16:03:19,759] - [core.apis.routes.vision_router] - [INFO] - [Calling POST /vision/measure endpoint]
[pid=18272] - [2026-08-13 16:03:19,759] - [core.controllers.vision_controller] - [INFO] - [Executing VisionController.measure_package]
[pid=18272] - [2026-08-13 16:03:19,768] - [commons.auth] - [INFO] - [Executing get_current_user dependency]
[pid=18272] - [2026-08-13 16:03:19,769] - [core.apis.routes.query_router] - [INFO] - [Calling POST /query endpoint]
[pid=18272] - [2026-08-13 16:03:19,770] - [core.controllers.nl_query_controller] - [INFO] - [Executing NLQueryController.execute_query]
[pid=18272] - [2026-08-13 16:03:19,779] - [commons.auth] - [INFO] - [Executing get_current_user dependency]
[pid=18272] - [2026-08-13 16:03:19,779] - [commons.auth] - [INFO] - [Executing require_roles dependency check]
[pid=18272] - [2026-08-13 16:03:19,781] - [core.apis.routes.api_key_router] - [INFO] - [Calling POST /api-keys endpoint]
[pid=18272] - [2026-08-13 16:03:19,781] - [core.controllers.api_key_controller] - [INFO] - [Executing ApiKeyController.create_key]
[pid=18272] - [2026-08-13 16:03:19,782] - [core.controllers.api_key_controller] - [INFO] - [API key created successfully! Name: Morning Check Script | Prefix: wms_live_291]
[pid=18272] - [2026-08-13 16:03:19,784] - [commons.auth] - [INFO] - [Executing get_current_user dependency]
[pid=18272] - [2026-08-13 16:03:19,784] - [commons.auth] - [INFO] - [Executing require_roles dependency check]
[pid=18272] - [2026-08-13 16:03:19,784] - [core.apis.routes.api_key_router] - [INFO] - [Calling GET /api-keys endpoint]
[pid=18272] - [2026-08-13 16:03:19,784] - [core.controllers.api_key_controller] - [INFO] - [Executing ApiKeyController.list_keys]
[pid=18272] - [2026-08-13 16:03:19,786] - [commons.auth] - [INFO] - [Executing get_current_user dependency]
[pid=18272] - [2026-08-13 16:03:19,786] - [commons.auth] - [INFO] - [Executing require_roles dependency check]
[pid=18272] - [2026-08-13 16:03:19,787] - [core.apis.routes.api_key_router] - [INFO] - [Calling DELETE /api-keys/key123 endpoint]
[pid=18272] - [2026-08-13 16:03:19,787] - [core.controllers.api_key_controller] - [INFO] - [Executing ApiKeyController.revoke_key: key123]
[pid=18272] - [2026-08-13 16:03:19,787] - [core.controllers.api_key_controller] - [INFO] - [API key revoked successfully: key123]
[pid=11816] - [2026-08-13 16:03:30,707] - [core.config.settings] - [INFO] - [Executing get_settings function]
[pid=11816] - [2026-08-13 16:03:31,977] - [commons.auth] - [INFO] - [Executing get_current_user dependency]
[pid=11816] - [2026-08-13 16:03:31,978] - [core.apis.routes.voice_router] - [INFO] - [Calling POST /voice/transcribe endpoint]
[pid=11816] - [2026-08-13 16:03:31,978] - [core.controllers.voice_controller] - [INFO] - [Executing VoiceController.transcribe]
[pid=11816] - [2026-08-13 16:03:31,978] - [core.services.voice_service] - [INFO] - [Executing VoiceService.transcribe_audio]
[pid=11816] - [2026-08-13 16:03:31,980] - [commons.auth] - [INFO] - [Executing get_current_user dependency]
[pid=11816] - [2026-08-13 16:03:31,980] - [core.apis.routes.voice_router] - [INFO] - [Calling POST /voice/parse endpoint]
[pid=11816] - [2026-08-13 16:03:31,981] - [core.controllers.voice_controller] - [INFO] - [Executing VoiceController.parse_transcript for ticket: RNO-20260813-001]
[pid=11816] - [2026-08-13 16:03:31,981] - [core.services.voice_service] - [INFO] - [Executing VoiceService.parse_transcript]
[pid=11816] - [2026-08-13 16:03:31,982] - [core.controllers.voice_controller] - [INFO] - [Voice draft saved successfully! Draft ID: draft123]
[pid=11816] - [2026-08-13 16:03:31,983] - [commons.auth] - [INFO] - [Executing get_current_user dependency]
[pid=11816] - [2026-08-13 16:03:31,984] - [core.apis.routes.voice_router] - [INFO] - [Calling POST /voice/drafts/draft123/confirm endpoint]
[pid=11816] - [2026-08-13 16:03:31,984] - [core.controllers.voice_controller] - [INFO] - [Executing VoiceController.confirm_draft for draft: draft123]
[pid=11816] - [2026-08-13 16:03:31,984] - [core.services.audit_service] - [INFO] - [Executing AuditService.__init__]
[pid=11816] - [2026-08-13 16:03:31,984] - [core.controllers.voice_controller] - [INFO] - [Voice draft confirmed and logged through Phase 2 pipeline! Draft ID: draft123]
[pid=11816] - [2026-08-13 16:03:31,991] - [commons.auth] - [INFO] - [Executing get_current_user dependency]
[pid=11816] - [2026-08-13 16:03:31,992] - [core.apis.routes.vision_router] - [INFO] - [Calling POST /vision/measure endpoint]
[pid=11816] - [2026-08-13 16:03:31,992] - [core.controllers.vision_controller] - [INFO] - [Executing VisionController.measure_package]
[pid=11816] - [2026-08-13 16:03:31,997] - [commons.auth] - [INFO] - [Executing get_current_user dependency]
[pid=11816] - [2026-08-13 16:03:31,997] - [core.apis.routes.query_router] - [INFO] - [Calling POST /query endpoint]
[pid=11816] - [2026-08-13 16:03:31,997] - [core.controllers.nl_query_controller] - [INFO] - [Executing NLQueryController.execute_query]
[pid=11816] - [2026-08-13 16:03:32,003] - [commons.auth] - [INFO] - [Executing get_current_user dependency]
[pid=11816] - [2026-08-13 16:03:32,003] - [commons.auth] - [INFO] - [Executing require_roles dependency check]
[pid=11816] - [2026-08-13 16:03:32,004] - [core.apis.routes.api_key_router] - [INFO] - [Calling POST /api-keys endpoint]
[pid=11816] - [2026-08-13 16:03:32,004] - [core.controllers.api_key_controller] - [INFO] - [Executing ApiKeyController.create_key]
[pid=11816] - [2026-08-13 16:03:32,005] - [core.controllers.api_key_controller] - [INFO] - [API key created successfully! Name: Morning Check Script | Prefix: wms_live_53d]
[pid=11816] - [2026-08-13 16:03:32,006] - [commons.auth] - [INFO] - [Executing get_current_user dependency]
[pid=11816] - [2026-08-13 16:03:32,006] - [commons.auth] - [INFO] - [Executing require_roles dependency check]
[pid=11816] - [2026-08-13 16:03:32,006] - [core.apis.routes.api_key_router] - [INFO] - [Calling GET /api-keys endpoint]
[pid=11816] - [2026-08-13 16:03:32,006] - [core.controllers.api_key_controller] - [INFO] - [Executing ApiKeyController.list_keys]
[pid=11816] - [2026-08-13 16:03:32,008] - [commons.auth] - [INFO] - [Executing get_current_user dependency]
[pid=11816] - [2026-08-13 16:03:32,008] - [commons.auth] - [INFO] - [Executing require_roles dependency check]
[pid=11816] - [2026-08-13 16:03:32,008] - [core.apis.routes.api_key_router] - [INFO] - [Calling DELETE /api-keys/key123 endpoint]
[pid=11816] - [2026-08-13 16:03:32,008] - [core.controllers.api_key_controller] - [INFO] - [Executing ApiKeyController.revoke_key: key123]
[pid=11816] - [2026-08-13 16:03:32,008] - [core.controllers.api_key_controller] - [INFO] - [API key revoked successfully: key123]
[pid=11816] - [2026-08-13 16:03:32,012] - [commons.auth] - [INFO] - [Executing hash_password function]
[pid=11816] - [2026-08-13 16:03:32,430] - [core.apis.routes.auth_router] - [INFO] - [Calling POST /auth/login endpoint]
[pid=11816] - [2026-08-13 16:03:32,430] - [core.controllers.auth_controller] - [INFO] - [Executing AuthController.login]
[pid=11816] - [2026-08-13 16:03:32,430] - [core.cruds.user_crud] - [INFO] - [Executing CRUDUser.get_by_email for: owner@whitfield.com]
[pid=11816] - [2026-08-13 16:03:32,430] - [commons.auth] - [INFO] - [Executing verify_password function]
[pid=11816] - [2026-08-13 16:03:32,847] - [commons.auth] - [INFO] - [Executing create_access_token function]
[pid=11816] - [2026-08-13 16:03:32,848] - [commons.auth] - [INFO] - [Executing create_refresh_token function]
[pid=11816] - [2026-08-13 16:03:32,848] - [core.controllers.auth_controller] - [INFO] - [User login successful: owner@whitfield.com (OWNER)]
[pid=11816] - [2026-08-13 16:03:32,857] - [commons.auth] - [INFO] - [Executing hash_password function]
[pid=11816] - [2026-08-13 16:03:33,315] - [core.apis.routes.auth_router] - [INFO] - [Calling POST /auth/login endpoint]
[pid=11816] - [2026-08-13 16:03:33,315] - [core.controllers.auth_controller] - [INFO] - [Executing AuthController.login]
[pid=11816] - [2026-08-13 16:03:33,316] - [core.cruds.user_crud] - [INFO] - [Executing CRUDUser.get_by_email for: owner@whitfield.com]
[pid=11816] - [2026-08-13 16:03:33,316] - [commons.auth] - [INFO] - [Executing verify_password function]
[pid=11816] - [2026-08-13 16:03:33,760] - [core.controllers.auth_controller] - [WARNING] - [Login failed: invalid password for user (owner@whitfield.com)]
[pid=11816] - [2026-08-13 16:03:33,761] - [core.apis.routes.auth_router] - [ERROR] - [Error in POST /auth/login endpoint: 401: Invalid email or password]
[pid=11816] - [2026-08-13 16:03:33,789] - [commons.auth] - [INFO] - [Executing get_current_user dependency]
[pid=11816] - [2026-08-13 16:03:33,790] - [commons.auth] - [INFO] - [Executing require_roles dependency check]
[pid=11816] - [2026-08-13 16:03:33,798] - [core.apis.routes.warehouse_router] - [INFO] - [Calling POST /warehouses endpoint]
[pid=11816] - [2026-08-13 16:03:33,798] - [core.controllers.warehouse_controller] - [INFO] - [Executing WarehouseController.create_warehouse]
[pid=11816] - [2026-08-13 16:03:33,799] - [core.services.audit_service] - [INFO] - [Executing AuditService.log_mutation | Action: CREATE | Collection: warehouses]
[pid=11816] - [2026-08-13 16:03:33,799] - [core.controllers.warehouse_controller] - [INFO] - [Warehouse created successfully: RNO]
[pid=11816] - [2026-08-13 16:03:33,828] - [commons.auth] - [INFO] - [Executing get_current_user dependency]
[pid=11816] - [2026-08-13 16:03:33,828] - [commons.auth] - [INFO] - [Executing require_roles dependency check]
[pid=11816] - [2026-08-13 16:03:33,838] - [core.apis.routes.user_router] - [INFO] - [Calling POST /users/managers endpoint]
[pid=11816] - [2026-08-13 16:03:33,838] - [core.controllers.user_controller] - [INFO] - [Executing UserController.create_manager]
[pid=11816] - [2026-08-13 16:03:33,839] - [commons.auth] - [INFO] - [Executing hash_password function]
[pid=11816] - [2026-08-13 16:03:34,278] - [core.services.audit_service] - [INFO] - [Executing AuditService.log_mutation | Action: CREATE | Collection: users]
[pid=11816] - [2026-08-13 16:03:34,278] - [core.controllers.user_controller] - [INFO] - [Manager user created successfully: manager.rno@whitfield.com]
[pid=11816] - [2026-08-13 16:03:34,293] - [commons.auth] - [INFO] - [Executing get_current_user dependency]
[pid=11816] - [2026-08-13 16:03:34,294] - [commons.auth] - [INFO] - [Executing require_roles dependency check]
[pid=11816] - [2026-08-13 16:03:34,306] - [core.apis.routes.user_router] - [INFO] - [Calling POST /users/staff endpoint]
[pid=11816] - [2026-08-13 16:03:34,307] - [core.controllers.user_controller] - [INFO] - [Executing UserController.create_staff]
[pid=11816] - [2026-08-13 16:03:34,307] - [commons.auth] - [INFO] - [Executing hash_password function]
[pid=11816] - [2026-08-13 16:03:34,735] - [core.services.audit_service] - [INFO] - [Executing AuditService.log_mutation | Action: CREATE | Collection: users]
[pid=11816] - [2026-08-13 16:03:34,735] - [core.controllers.user_controller] - [INFO] - [Staff user created successfully: staff.rookie@whitfield.com for WH: 607f1f77bcf86cd799439022]
[pid=11816] - [2026-08-13 16:03:34,748] - [commons.auth] - [INFO] - [Executing get_current_user dependency]
[pid=11816] - [2026-08-13 16:03:34,748] - [commons.auth] - [INFO] - [Executing require_roles dependency check]
[pid=11816] - [2026-08-13 16:03:34,748] - [commons.auth] - [WARNING] - [User staff.rookie@whitfield.com with role STAFF denied access. Required: ['OWNER']]
[pid=11816] - [2026-08-13 16:03:34,759] - [commons.auth] - [INFO] - [Executing get_current_user dependency]
[pid=11816] - [2026-08-13 16:03:34,760] - [commons.auth] - [INFO] - [Executing require_roles dependency check]
[pid=11816] - [2026-08-13 16:03:34,761] - [core.apis.routes.audit_router] - [INFO] - [Calling GET /audit endpoint]
[pid=11816] - [2026-08-13 16:03:34,761] - [core.controllers.audit_controller] - [INFO] - [Executing AuditController.get_audit_logs]
[pid=11816] - [2026-08-13 16:03:34,786] - [core.apis.routes.health_router] - [INFO] - [Calling GET /health endpoint]
[pid=11816] - [2026-08-13 16:03:34,786] - [core.controllers.health_controller] - [INFO] - [Executing HealthController.get_health]
[pid=11816] - [2026-08-13 16:03:34,786] - [core.database.database] - [INFO] - [Executing ping function]
[pid=11816] - [2026-08-13 16:03:34,787] - [core.database.database] - [INFO] - [Executing MongoDatabase function]
[pid=11816] - [2026-08-13 16:03:34,787] - [core.database.database] - [INFO] - [Executing _MongoClientSingleton.__new__ | DB: whitfield_wms]
[pid=11816] - [2026-08-13 16:03:34,809] - [core.database.database] - [INFO] - [MongoDB singleton initialized successfully | URI: mongodb://localhost:27017]
[pid=11816] - [2026-08-13 16:03:34,832] - [core.database.database] - [INFO] - [MongoDB ping successful]
[pid=11816] - [2026-08-13 16:03:34,853] - [commons.auth] - [INFO] - [Executing get_current_user dependency]
[pid=11816] - [2026-08-13 16:03:34,856] - [core.apis.routes.arrival_router] - [INFO] - [Calling POST /arrivals endpoint]
[pid=11816] - [2026-08-13 16:03:34,856] - [core.controllers.arrival_controller] - [INFO] - [Executing ArrivalController.process_arrival]
[pid=11816] - [2026-08-13 16:03:34,857] - [core.services.audit_service] - [INFO] - [Executing AuditService.log_mutation | Action: ARRIVE | Collection: tickets]
[pid=11816] - [2026-08-13 16:03:34,857] - [core.controllers.arrival_controller] - [INFO] - [Arrival processed successfully! Generated Ticket ID: RNO-20260813-001]
[pid=11816] - [2026-08-13 16:03:34,861] - [commons.auth] - [INFO] - [Executing get_current_user dependency]
[pid=11816] - [2026-08-13 16:03:34,868] - [core.apis.routes.ticket_router] - [INFO] - [Calling POST /tickets/RNO-20260813-001/items endpoint]
[pid=11816] - [2026-08-13 16:03:34,869] - [core.controllers.ticket_controller] - [INFO] - [Executing TicketController.log_item_scan for ticket: RNO-20260813-001]
[pid=11816] - [2026-08-13 16:03:34,869] - [core.services.audit_service] - [INFO] - [Executing AuditService.log_mutation | Action: SCAN_ITEM | Collection: items]
[pid=11816] - [2026-08-13 16:03:34,870] - [core.controllers.ticket_controller] - [INFO] - [Item scanned and logged successfully! Unit Seq: 1 under Ticket: RNO-20260813-001]
[pid=11816] - [2026-08-13 16:03:34,872] - [commons.auth] - [INFO] - [Executing get_current_user dependency]
[pid=11816] - [2026-08-13 16:03:34,873] - [core.apis.routes.ticket_router] - [INFO] - [Calling PUT /tickets/ticket123/submit-inspection endpoint]
[pid=11816] - [2026-08-13 16:03:34,873] - [core.controllers.ticket_controller] - [INFO] - [Executing TicketController.submit_inspection for: ticket123]
[pid=11816] - [2026-08-13 16:03:34,874] - [core.services.audit_service] - [INFO] - [Executing AuditService.log_mutation | Action: SUBMIT_INSPECTION | Collection: tickets]
[pid=11816] - [2026-08-13 16:03:34,874] - [core.controllers.ticket_controller] - [INFO] - [Ticket submitted for inspection approval: RNO-20260813-001]
[pid=11816] - [2026-08-13 16:03:34,876] - [commons.auth] - [INFO] - [Executing get_current_user dependency]
[pid=11816] - [2026-08-13 16:03:34,877] - [commons.auth] - [INFO] - [Executing require_roles dependency check]
[pid=11816] - [2026-08-13 16:03:34,877] - [core.apis.routes.ticket_router] - [INFO] - [Calling POST /tickets/ticket123/approve endpoint]
[pid=11816] - [2026-08-13 16:03:34,877] - [core.controllers.ticket_controller] - [INFO] - [Executing TicketController.approve_ticket: ticket123]
[pid=11816] - [2026-08-13 16:03:34,878] - [core.services.audit_service] - [INFO] - [Executing AuditService.log_mutation | Action: APPROVE_SHIPMENT | Collection: tickets]
[pid=11816] - [2026-08-13 16:03:34,878] - [core.controllers.ticket_controller] - [INFO] - [Ticket inspection APPROVED! Status: SHIPMENT_ARRIVED for Ticket: RNO-20260813-001]
[pid=11816] - [2026-08-13 16:03:34,881] - [commons.auth] - [INFO] - [Executing get_current_user dependency]
[pid=11816] - [2026-08-13 16:03:34,882] - [core.apis.routes.ticket_router] - [INFO] - [Calling POST /tickets/ticket123/store endpoint]
[pid=11816] - [2026-08-13 16:03:34,883] - [core.controllers.ticket_controller] - [INFO] - [Executing TicketController.store_ticket: ticket123 -> A-04-12]
[pid=11816] - [2026-08-13 16:03:34,883] - [core.services.audit_service] - [INFO] - [Executing AuditService.log_mutation | Action: STORE_TICKET | Collection: tickets]
[pid=11816] - [2026-08-13 16:03:34,883] - [core.controllers.ticket_controller] - [INFO] - [Ticket STORED successfully at location: A-04-12]
[pid=11816] - [2026-08-13 16:03:34,898] - [commons.auth] - [INFO] - [Executing get_current_user dependency]
[pid=11816] - [2026-08-13 16:03:34,899] - [core.apis.routes.arrival_router] - [INFO] - [Calling POST /arrivals endpoint]
[pid=11816] - [2026-08-13 16:03:34,899] - [core.controllers.arrival_controller] - [INFO] - [Executing ArrivalController.process_arrival]
[pid=11816] - [2026-08-13 16:03:34,900] - [core.services.audit_service] - [INFO] - [Executing AuditService.log_mutation | Action: ARRIVE | Collection: tickets]
[pid=11816] - [2026-08-13 16:03:34,900] - [core.controllers.arrival_controller] - [INFO] - [Arrival processed successfully! Generated Ticket ID: LAX-20260813-001]
[pid=11816] - [2026-08-13 16:03:34,921] - [commons.auth] - [INFO] - [Executing get_current_user dependency]
[pid=11816] - [2026-08-13 16:03:34,924] - [core.apis.routes.order_router] - [INFO] - [Calling POST /orders endpoint]
[pid=11816] - [2026-08-13 16:03:34,924] - [core.controllers.order_controller] - [INFO] - [Executing OrderController.create_order]
[pid=11816] - [2026-08-13 16:03:34,925] - [core.services.audit_service] - [INFO] - [Executing AuditService.log_mutation | Action: CREATE | Collection: orders]
[pid=11816] - [2026-08-13 16:03:34,925] - [core.controllers.order_controller] - [INFO] - [Customer order created successfully: ORD-1001]
[pid=11816] - [2026-08-13 16:03:34,933] - [commons.auth] - [INFO] - [Executing get_current_user dependency]
[pid=11816] - [2026-08-13 16:03:34,934] - [core.apis.routes.order_router] - [INFO] - [Calling POST /orders/ORD-1001/reserve endpoint]
[pid=11816] - [2026-08-13 16:03:34,934] - [core.controllers.order_controller] - [INFO] - [Executing OrderController.reserve_order for: ORD-1001]
[pid=11816] - [2026-08-13 16:03:34,937] - [core.services.audit_service] - [INFO] - [Executing AuditService.log_mutation | Action: RESERVE_ORDER | Collection: orders]
[pid=11816] - [2026-08-13 16:03:34,937] - [core.controllers.order_controller] - [INFO] - [Order stock reserved successfully! Order ID: ORD-1001]
[pid=11816] - [2026-08-13 16:03:34,941] - [commons.auth] - [INFO] - [Executing get_current_user dependency]
[pid=11816] - [2026-08-13 16:03:34,942] - [core.apis.routes.order_router] - [INFO] - [Calling GET /orders/ORD-1001/picklist endpoint]
[pid=11816] - [2026-08-13 16:03:34,942] - [core.controllers.order_controller] - [INFO] - [Executing OrderController.get_picklist for: ORD-1001]
[pid=11816] - [2026-08-13 16:03:34,945] - [commons.auth] - [INFO] - [Executing get_current_user dependency]
[pid=11816] - [2026-08-13 16:03:34,949] - [core.apis.routes.order_router] - [INFO] - [Calling POST /orders/ORD-1001/pack endpoint]
[pid=11816] - [2026-08-13 16:03:34,949] - [core.controllers.order_controller] - [INFO] - [Executing OrderController.pack_order for: ORD-1001]
[pid=11816] - [2026-08-13 16:03:34,949] - [core.services.audit_service] - [INFO] - [Executing AuditService.log_mutation | Action: PACK_ORDER | Collection: orders]
[pid=11816] - [2026-08-13 16:03:34,950] - [core.controllers.order_controller] - [INFO] - [Order PACKED successfully: ORD-1001]
[pid=11816] - [2026-08-13 16:03:34,952] - [commons.auth] - [INFO] - [Executing get_current_user dependency]
[pid=11816] - [2026-08-13 16:03:34,952] - [core.apis.routes.order_router] - [INFO] - [Calling POST /orders/ORD-1001/label endpoint]
[pid=11816] - [2026-08-13 16:03:34,952] - [core.controllers.order_controller] - [INFO] - [Executing OrderController.generate_label for: ORD-1001]
[pid=11816] - [2026-08-13 16:03:34,953] - [core.controllers.order_controller] - [INFO] - [Shipping label generated stub for order ORD-1001: 1Z9999B45BAB8AB]
[pid=11816] - [2026-08-13 16:03:34,956] - [commons.auth] - [INFO] - [Executing get_current_user dependency]
[pid=11816] - [2026-08-13 16:03:34,956] - [core.apis.routes.order_router] - [INFO] - [Calling POST /orders/ORD-1001/ship endpoint]
[pid=11816] - [2026-08-13 16:03:34,957] - [core.controllers.order_controller] - [INFO] - [Executing OrderController.ship_order for: ORD-1001]
[pid=11816] - [2026-08-13 16:03:34,957] - [core.services.audit_service] - [INFO] - [Executing AuditService.log_mutation | Action: SHIP_ORDER | Collection: orders]
[pid=11816] - [2026-08-13 16:03:34,957] - [core.controllers.order_controller] - [INFO] - [Order SHIPPED successfully! Units converted to SOLD: ORD-1001]
[pid=11816] - [2026-08-13 16:03:34,983] - [commons.auth] - [INFO] - [Executing get_current_user dependency]
[pid=11816] - [2026-08-13 16:03:34,984] - [commons.auth] - [INFO] - [Executing require_roles dependency check]
[pid=11816] - [2026-08-13 16:03:34,984] - [core.apis.routes.report_router] - [INFO] - [Calling GET /reports/summary endpoint]
[pid=11816] - [2026-08-13 16:03:34,997] - [commons.auth] - [INFO] - [Executing get_current_user dependency]
[pid=11816] - [2026-08-13 16:03:34,998] - [commons.auth] - [INFO] - [Executing require_roles dependency check]
[pid=11816] - [2026-08-13 16:03:34,999] - [core.apis.routes.report_router] - [INFO] - [Calling GET /reports/stock endpoint]
[pid=11816] - [2026-08-13 16:03:35,013] - [commons.auth] - [INFO] - [Executing get_current_user dependency]
[pid=11816] - [2026-08-13 16:03:35,014] - [commons.auth] - [INFO] - [Executing require_roles dependency check]
[pid=11816] - [2026-08-13 16:03:35,015] - [core.apis.routes.report_router] - [INFO] - [Calling GET /reports/export endpoint | Type: stock | Format: csv]
[pid=11816] - [2026-08-13 16:03:35,025] - [core.utils.ticket_generator] - [INFO] - [Executing TicketGenerator.generate_ticket_id for WH: RNO]
[pid=11816] - [2026-08-13 16:03:35,026] - [core.utils.ticket_generator] - [INFO] - [Generated ticket ID: RNO-20260813-014]
[pid=25948] - [2026-08-13 16:03:47,325] - [core.config.settings] - [INFO] - [Executing get_settings function]
[pid=25732] - [2026-08-13 16:04:00,403] - [core.config.settings] - [INFO] - [Executing get_settings function]
[pid=25732] - [2026-08-13 16:04:01,624] - [commons.auth] - [INFO] - [Executing get_current_user dependency]
[pid=25732] - [2026-08-13 16:04:01,624] - [core.apis.routes.voice_router] - [INFO] - [Calling POST /voice/transcribe endpoint]
[pid=25732] - [2026-08-13 16:04:01,625] - [core.controllers.voice_controller] - [INFO] - [Executing VoiceController.transcribe]
[pid=25732] - [2026-08-13 16:04:01,625] - [core.services.voice_service] - [INFO] - [Executing VoiceService.transcribe_audio]
[pid=25732] - [2026-08-13 16:04:01,626] - [commons.auth] - [INFO] - [Executing get_current_user dependency]
[pid=25732] - [2026-08-13 16:04:01,627] - [core.apis.routes.voice_router] - [INFO] - [Calling POST /voice/parse endpoint]
[pid=25732] - [2026-08-13 16:04:01,631] - [core.controllers.voice_controller] - [INFO] - [Executing VoiceController.parse_transcript for ticket: RNO-20260813-001]
[pid=25732] - [2026-08-13 16:04:01,631] - [core.services.voice_service] - [INFO] - [Executing VoiceService.parse_transcript]
[pid=25732] - [2026-08-13 16:04:01,631] - [core.controllers.voice_controller] - [INFO] - [Voice draft saved successfully! Draft ID: draft123]
[pid=25732] - [2026-08-13 16:04:01,633] - [commons.auth] - [INFO] - [Executing get_current_user dependency]
[pid=25732] - [2026-08-13 16:04:01,634] - [core.apis.routes.voice_router] - [INFO] - [Calling POST /voice/drafts/draft123/confirm endpoint]
[pid=25732] - [2026-08-13 16:04:01,634] - [core.controllers.voice_controller] - [INFO] - [Executing VoiceController.confirm_draft for draft: draft123]
[pid=25732] - [2026-08-13 16:04:01,634] - [core.services.audit_service] - [INFO] - [Executing AuditService.__init__]
[pid=25732] - [2026-08-13 16:04:01,634] - [core.controllers.voice_controller] - [INFO] - [Voice draft confirmed and logged through Phase 2 pipeline! Draft ID: draft123]
[pid=25732] - [2026-08-13 16:04:01,641] - [commons.auth] - [INFO] - [Executing get_current_user dependency]
[pid=25732] - [2026-08-13 16:04:01,641] - [core.apis.routes.vision_router] - [INFO] - [Calling POST /vision/measure endpoint]
[pid=25732] - [2026-08-13 16:04:01,641] - [core.controllers.vision_controller] - [INFO] - [Executing VisionController.measure_package]
[pid=25732] - [2026-08-13 16:04:01,647] - [commons.auth] - [INFO] - [Executing get_current_user dependency]
[pid=25732] - [2026-08-13 16:04:01,648] - [core.apis.routes.query_router] - [INFO] - [Calling POST /query endpoint]
[pid=25732] - [2026-08-13 16:04:01,648] - [core.controllers.nl_query_controller] - [INFO] - [Executing NLQueryController.execute_query]
[pid=25732] - [2026-08-13 16:04:01,654] - [commons.auth] - [INFO] - [Executing get_current_user dependency]
[pid=25732] - [2026-08-13 16:04:01,654] - [commons.auth] - [INFO] - [Executing require_roles dependency check]
[pid=25732] - [2026-08-13 16:04:01,656] - [core.apis.routes.api_key_router] - [INFO] - [Calling POST /api-keys endpoint]
[pid=25732] - [2026-08-13 16:04:01,656] - [core.controllers.api_key_controller] - [INFO] - [Executing ApiKeyController.create_key]
[pid=25732] - [2026-08-13 16:04:01,656] - [core.controllers.api_key_controller] - [INFO] - [API key created successfully! Name: Morning Check Script | Prefix: wms_live_7df]
[pid=25732] - [2026-08-13 16:04:01,657] - [commons.auth] - [INFO] - [Executing get_current_user dependency]
[pid=25732] - [2026-08-13 16:04:01,657] - [commons.auth] - [INFO] - [Executing require_roles dependency check]
[pid=25732] - [2026-08-13 16:04:01,657] - [core.apis.routes.api_key_router] - [INFO] - [Calling GET /api-keys endpoint]
[pid=25732] - [2026-08-13 16:04:01,658] - [core.controllers.api_key_controller] - [INFO] - [Executing ApiKeyController.list_keys]
[pid=25732] - [2026-08-13 16:04:01,660] - [commons.auth] - [INFO] - [Executing get_current_user dependency]
[pid=25732] - [2026-08-13 16:04:01,660] - [commons.auth] - [INFO] - [Executing require_roles dependency check]
[pid=25732] - [2026-08-13 16:04:01,660] - [core.apis.routes.api_key_router] - [INFO] - [Calling DELETE /api-keys/key123 endpoint]
[pid=25732] - [2026-08-13 16:04:01,661] - [core.controllers.api_key_controller] - [INFO] - [Executing ApiKeyController.revoke_key: key123]
[pid=25732] - [2026-08-13 16:04:01,661] - [core.controllers.api_key_controller] - [INFO] - [API key revoked successfully: key123]
[pid=25732] - [2026-08-13 16:04:01,665] - [commons.auth] - [INFO] - [Executing hash_password function]
[pid=25732] - [2026-08-13 16:04:01,976] - [core.apis.routes.auth_router] - [INFO] - [Calling POST /auth/login endpoint]
[pid=25732] - [2026-08-13 16:04:01,976] - [core.controllers.auth_controller] - [INFO] - [Executing AuthController.login]
[pid=25732] - [2026-08-13 16:04:01,976] - [core.cruds.user_crud] - [INFO] - [Executing CRUDUser.get_by_email for: owner@whitfield.com]
[pid=25732] - [2026-08-13 16:04:01,976] - [commons.auth] - [INFO] - [Executing verify_password function]
[pid=25732] - [2026-08-13 16:04:02,262] - [commons.auth] - [INFO] - [Executing create_access_token function]
[pid=25732] - [2026-08-13 16:04:02,263] - [commons.auth] - [INFO] - [Executing create_refresh_token function]
[pid=25732] - [2026-08-13 16:04:02,263] - [core.controllers.auth_controller] - [INFO] - [User login successful: owner@whitfield.com (OWNER)]
[pid=25732] - [2026-08-13 16:04:02,283] - [commons.auth] - [INFO] - [Executing hash_password function]
[pid=25732] - [2026-08-13 16:04:02,580] - [core.apis.routes.auth_router] - [INFO] - [Calling POST /auth/login endpoint]
[pid=25732] - [2026-08-13 16:04:02,580] - [core.controllers.auth_controller] - [INFO] - [Executing AuthController.login]
[pid=25732] - [2026-08-13 16:04:02,581] - [core.cruds.user_crud] - [INFO] - [Executing CRUDUser.get_by_email for: owner@whitfield.com]
[pid=25732] - [2026-08-13 16:04:02,581] - [commons.auth] - [INFO] - [Executing verify_password function]
[pid=25732] - [2026-08-13 16:04:02,871] - [core.controllers.auth_controller] - [WARNING] - [Login failed: invalid password for user (owner@whitfield.com)]
[pid=25732] - [2026-08-13 16:04:02,871] - [core.apis.routes.auth_router] - [ERROR] - [Error in POST /auth/login endpoint: 401: Invalid email or password]
[pid=25732] - [2026-08-13 16:04:02,877] - [commons.auth] - [INFO] - [Executing get_current_user dependency]
[pid=25732] - [2026-08-13 16:04:02,877] - [commons.auth] - [INFO] - [Executing require_roles dependency check]
[pid=25732] - [2026-08-13 16:04:02,878] - [core.apis.routes.warehouse_router] - [INFO] - [Calling POST /warehouses endpoint]
[pid=25732] - [2026-08-13 16:04:02,878] - [core.controllers.warehouse_controller] - [INFO] - [Executing WarehouseController.create_warehouse]
[pid=25732] - [2026-08-13 16:04:02,878] - [core.services.audit_service] - [INFO] - [Executing AuditService.log_mutation | Action: CREATE | Collection: warehouses]
[pid=25732] - [2026-08-13 16:04:02,879] - [core.controllers.warehouse_controller] - [INFO] - [Warehouse created successfully: RNO]
[pid=25732] - [2026-08-13 16:04:02,885] - [commons.auth] - [INFO] - [Executing get_current_user dependency]
[pid=25732] - [2026-08-13 16:04:02,885] - [commons.auth] - [INFO] - [Executing require_roles dependency check]
[pid=25732] - [2026-08-13 16:04:02,888] - [core.apis.routes.user_router] - [INFO] - [Calling POST /users/managers endpoint]
[pid=25732] - [2026-08-13 16:04:02,888] - [core.controllers.user_controller] - [INFO] - [Executing UserController.create_manager]
[pid=25732] - [2026-08-13 16:04:02,888] - [commons.auth] - [INFO] - [Executing hash_password function]
[pid=25732] - [2026-08-13 16:04:03,193] - [core.services.audit_service] - [INFO] - [Executing AuditService.log_mutation | Action: CREATE | Collection: users]
[pid=25732] - [2026-08-13 16:04:03,193] - [core.controllers.user_controller] - [INFO] - [Manager user created successfully: manager.rno@whitfield.com]
[pid=25732] - [2026-08-13 16:04:03,199] - [commons.auth] - [INFO] - [Executing get_current_user dependency]
[pid=25732] - [2026-08-13 16:04:03,199] - [commons.auth] - [INFO] - [Executing require_roles dependency check]
[pid=25732] - [2026-08-13 16:04:03,203] - [core.apis.routes.user_router] - [INFO] - [Calling POST /users/staff endpoint]
[pid=25732] - [2026-08-13 16:04:03,203] - [core.controllers.user_controller] - [INFO] - [Executing UserController.create_staff]
[pid=25732] - [2026-08-13 16:04:03,203] - [commons.auth] - [INFO] - [Executing hash_password function]
[pid=25732] - [2026-08-13 16:04:03,504] - [core.services.audit_service] - [INFO] - [Executing AuditService.log_mutation | Action: CREATE | Collection: users]
[pid=25732] - [2026-08-13 16:04:03,505] - [core.controllers.user_controller] - [INFO] - [Staff user created successfully: staff.rookie@whitfield.com for WH: 607f1f77bcf86cd799439022]
[pid=25732] - [2026-08-13 16:04:03,510] - [commons.auth] - [INFO] - [Executing get_current_user dependency]
[pid=25732] - [2026-08-13 16:04:03,510] - [commons.auth] - [INFO] - [Executing require_roles dependency check]
[pid=25732] - [2026-08-13 16:04:03,510] - [commons.auth] - [WARNING] - [User staff.rookie@whitfield.com with role STAFF denied access. Required: ['OWNER']]
[pid=25732] - [2026-08-13 16:04:03,515] - [commons.auth] - [INFO] - [Executing get_current_user dependency]
[pid=25732] - [2026-08-13 16:04:03,515] - [commons.auth] - [INFO] - [Executing require_roles dependency check]
[pid=25732] - [2026-08-13 16:04:03,516] - [core.apis.routes.audit_router] - [INFO] - [Calling GET /audit endpoint]
[pid=25732] - [2026-08-13 16:04:03,516] - [core.controllers.audit_controller] - [INFO] - [Executing AuditController.get_audit_logs]
[pid=25732] - [2026-08-13 16:04:03,526] - [core.apis.routes.health_router] - [INFO] - [Calling GET /health endpoint]
[pid=25732] - [2026-08-13 16:04:03,526] - [core.controllers.health_controller] - [INFO] - [Executing HealthController.get_health]
[pid=25732] - [2026-08-13 16:04:03,526] - [core.database.database] - [INFO] - [Executing ping function]
[pid=25732] - [2026-08-13 16:04:03,526] - [core.database.database] - [INFO] - [Executing MongoDatabase function]
[pid=25732] - [2026-08-13 16:04:03,526] - [core.database.database] - [INFO] - [Executing _MongoClientSingleton.__new__ | DB: whitfield_wms]
[pid=25732] - [2026-08-13 16:04:03,534] - [core.database.database] - [INFO] - [MongoDB singleton initialized successfully | URI: mongodb://localhost:27017]
[pid=25732] - [2026-08-13 16:04:03,575] - [core.database.database] - [INFO] - [MongoDB ping successful]
[pid=25732] - [2026-08-13 16:04:03,591] - [commons.auth] - [INFO] - [Executing get_current_user dependency]
[pid=25732] - [2026-08-13 16:04:03,592] - [core.apis.routes.arrival_router] - [INFO] - [Calling POST /arrivals endpoint]
[pid=25732] - [2026-08-13 16:04:03,593] - [core.controllers.arrival_controller] - [INFO] - [Executing ArrivalController.process_arrival]
[pid=25732] - [2026-08-13 16:04:03,593] - [core.services.audit_service] - [INFO] - [Executing AuditService.log_mutation | Action: ARRIVE | Collection: tickets]
[pid=25732] - [2026-08-13 16:04:03,593] - [core.controllers.arrival_controller] - [INFO] - [Arrival processed successfully! Generated Ticket ID: RNO-20260813-001]
[pid=25732] - [2026-08-13 16:04:03,595] - [commons.auth] - [INFO] - [Executing get_current_user dependency]
[pid=25732] - [2026-08-13 16:04:03,597] - [core.apis.routes.ticket_router] - [INFO] - [Calling POST /tickets/RNO-20260813-001/items endpoint]
[pid=25732] - [2026-08-13 16:04:03,597] - [core.controllers.ticket_controller] - [INFO] - [Executing TicketController.log_item_scan for ticket: RNO-20260813-001]
[pid=25732] - [2026-08-13 16:04:03,598] - [core.services.audit_service] - [INFO] - [Executing AuditService.log_mutation | Action: SCAN_ITEM | Collection: items]
[pid=25732] - [2026-08-13 16:04:03,598] - [core.controllers.ticket_controller] - [INFO] - [Item scanned and logged successfully! Unit Seq: 1 under Ticket: RNO-20260813-001]
[pid=25732] - [2026-08-13 16:04:03,599] - [commons.auth] - [INFO] - [Executing get_current_user dependency]
[pid=25732] - [2026-08-13 16:04:03,599] - [core.apis.routes.ticket_router] - [INFO] - [Calling PUT /tickets/ticket123/submit-inspection endpoint]
[pid=25732] - [2026-08-13 16:04:03,599] - [core.controllers.ticket_controller] - [INFO] - [Executing TicketController.submit_inspection for: ticket123]
[pid=25732] - [2026-08-13 16:04:03,600] - [core.services.audit_service] - [INFO] - [Executing AuditService.log_mutation | Action: SUBMIT_INSPECTION | Collection: tickets]
[pid=25732] - [2026-08-13 16:04:03,600] - [core.controllers.ticket_controller] - [INFO] - [Ticket submitted for inspection approval: RNO-20260813-001]
[pid=25732] - [2026-08-13 16:04:03,600] - [commons.auth] - [INFO] - [Executing get_current_user dependency]
[pid=25732] - [2026-08-13 16:04:03,601] - [commons.auth] - [INFO] - [Executing require_roles dependency check]
[pid=25732] - [2026-08-13 16:04:03,601] - [core.apis.routes.ticket_router] - [INFO] - [Calling POST /tickets/ticket123/approve endpoint]
[pid=25732] - [2026-08-13 16:04:03,601] - [core.controllers.ticket_controller] - [INFO] - [Executing TicketController.approve_ticket: ticket123]
[pid=25732] - [2026-08-13 16:04:03,601] - [core.services.audit_service] - [INFO] - [Executing AuditService.log_mutation | Action: APPROVE_SHIPMENT | Collection: tickets]
[pid=25732] - [2026-08-13 16:04:03,601] - [core.controllers.ticket_controller] - [INFO] - [Ticket inspection APPROVED! Status: SHIPMENT_ARRIVED for Ticket: RNO-20260813-001]
[pid=25732] - [2026-08-13 16:04:03,603] - [commons.auth] - [INFO] - [Executing get_current_user dependency]
[pid=25732] - [2026-08-13 16:04:03,604] - [core.apis.routes.ticket_router] - [INFO] - [Calling POST /tickets/ticket123/store endpoint]
[pid=25732] - [2026-08-13 16:04:03,605] - [core.controllers.ticket_controller] - [INFO] - [Executing TicketController.store_ticket: ticket123 -> A-04-12]
[pid=25732] - [2026-08-13 16:04:03,605] - [core.services.audit_service] - [INFO] - [Executing AuditService.log_mutation | Action: STORE_TICKET | Collection: tickets]
[pid=25732] - [2026-08-13 16:04:03,605] - [core.controllers.ticket_controller] - [INFO] - [Ticket STORED successfully at location: A-04-12]
[pid=25732] - [2026-08-13 16:04:03,613] - [commons.auth] - [INFO] - [Executing get_current_user dependency]
[pid=25732] - [2026-08-13 16:04:03,614] - [core.apis.routes.arrival_router] - [INFO] - [Calling POST /arrivals endpoint]
[pid=25732] - [2026-08-13 16:04:03,614] - [core.controllers.arrival_controller] - [INFO] - [Executing ArrivalController.process_arrival]
[pid=25732] - [2026-08-13 16:04:03,614] - [core.services.audit_service] - [INFO] - [Executing AuditService.log_mutation | Action: ARRIVE | Collection: tickets]
[pid=25732] - [2026-08-13 16:04:03,614] - [core.controllers.arrival_controller] - [INFO] - [Arrival processed successfully! Generated Ticket ID: LAX-20260813-001]
[pid=25732] - [2026-08-13 16:04:03,622] - [commons.auth] - [INFO] - [Executing get_current_user dependency]
[pid=25732] - [2026-08-13 16:04:03,624] - [core.apis.routes.order_router] - [INFO] - [Calling POST /orders endpoint]
[pid=25732] - [2026-08-13 16:04:03,624] - [core.controllers.order_controller] - [INFO] - [Executing OrderController.create_order]
[pid=25732] - [2026-08-13 16:04:03,624] - [core.services.audit_service] - [INFO] - [Executing AuditService.log_mutation | Action: CREATE | Collection: orders]
[pid=25732] - [2026-08-13 16:04:03,624] - [core.controllers.order_controller] - [INFO] - [Customer order created successfully: ORD-1001]
[pid=25732] - [2026-08-13 16:04:03,628] - [commons.auth] - [INFO] - [Executing get_current_user dependency]
[pid=25732] - [2026-08-13 16:04:03,628] - [core.apis.routes.order_router] - [INFO] - [Calling POST /orders/ORD-1001/reserve endpoint]
[pid=25732] - [2026-08-13 16:04:03,628] - [core.controllers.order_controller] - [INFO] - [Executing OrderController.reserve_order for: ORD-1001]
[pid=25732] - [2026-08-13 16:04:03,629] - [core.services.audit_service] - [INFO] - [Executing AuditService.log_mutation | Action: RESERVE_ORDER | Collection: orders]
[pid=25732] - [2026-08-13 16:04:03,630] - [core.controllers.order_controller] - [INFO] - [Order stock reserved successfully! Order ID: ORD-1001]
[pid=25732] - [2026-08-13 16:04:03,631] - [commons.auth] - [INFO] - [Executing get_current_user dependency]
[pid=25732] - [2026-08-13 16:04:03,632] - [core.apis.routes.order_router] - [INFO] - [Calling GET /orders/ORD-1001/picklist endpoint]
[pid=25732] - [2026-08-13 16:04:03,632] - [core.controllers.order_controller] - [INFO] - [Executing OrderController.get_picklist for: ORD-1001]
[pid=25732] - [2026-08-13 16:04:03,633] - [commons.auth] - [INFO] - [Executing get_current_user dependency]
[pid=25732] - [2026-08-13 16:04:03,637] - [core.apis.routes.order_router] - [INFO] - [Calling POST /orders/ORD-1001/pack endpoint]
[pid=25732] - [2026-08-13 16:04:03,637] - [core.controllers.order_controller] - [INFO] - [Executing OrderController.pack_order for: ORD-1001]
[pid=25732] - [2026-08-13 16:04:03,637] - [core.services.audit_service] - [INFO] - [Executing AuditService.log_mutation | Action: PACK_ORDER | Collection: orders]
[pid=25732] - [2026-08-13 16:04:03,638] - [core.controllers.order_controller] - [INFO] - [Order PACKED successfully: ORD-1001]
[pid=25732] - [2026-08-13 16:04:03,639] - [commons.auth] - [INFO] - [Executing get_current_user dependency]
[pid=25732] - [2026-08-13 16:04:03,639] - [core.apis.routes.order_router] - [INFO] - [Calling POST /orders/ORD-1001/label endpoint]
[pid=25732] - [2026-08-13 16:04:03,639] - [core.controllers.order_controller] - [INFO] - [Executing OrderController.generate_label for: ORD-1001]
[pid=25732] - [2026-08-13 16:04:03,639] - [core.controllers.order_controller] - [INFO] - [Shipping label generated stub for order ORD-1001: 1Z999DE91EAB63C]
[pid=25732] - [2026-08-13 16:04:03,641] - [commons.auth] - [INFO] - [Executing get_current_user dependency]
[pid=25732] - [2026-08-13 16:04:03,641] - [core.apis.routes.order_router] - [INFO] - [Calling POST /orders/ORD-1001/ship endpoint]
[pid=25732] - [2026-08-13 16:04:03,641] - [core.controllers.order_controller] - [INFO] - [Executing OrderController.ship_order for: ORD-1001]
[pid=25732] - [2026-08-13 16:04:03,641] - [core.services.audit_service] - [INFO] - [Executing AuditService.log_mutation | Action: SHIP_ORDER | Collection: orders]
[pid=25732] - [2026-08-13 16:04:03,641] - [core.controllers.order_controller] - [INFO] - [Order SHIPPED successfully! Units converted to SOLD: ORD-1001]
[pid=25732] - [2026-08-13 16:04:03,654] - [commons.auth] - [INFO] - [Executing get_current_user dependency]
[pid=25732] - [2026-08-13 16:04:03,655] - [commons.auth] - [INFO] - [Executing require_roles dependency check]
[pid=25732] - [2026-08-13 16:04:03,655] - [core.apis.routes.report_router] - [INFO] - [Calling GET /reports/summary endpoint]
[pid=25732] - [2026-08-13 16:04:03,661] - [commons.auth] - [INFO] - [Executing get_current_user dependency]
[pid=25732] - [2026-08-13 16:04:03,661] - [commons.auth] - [INFO] - [Executing require_roles dependency check]
[pid=25732] - [2026-08-13 16:04:03,662] - [core.apis.routes.report_router] - [INFO] - [Calling GET /reports/stock endpoint]
[pid=25732] - [2026-08-13 16:04:03,667] - [commons.auth] - [INFO] - [Executing get_current_user dependency]
[pid=25732] - [2026-08-13 16:04:03,668] - [commons.auth] - [INFO] - [Executing require_roles dependency check]
[pid=25732] - [2026-08-13 16:04:03,668] - [core.apis.routes.report_router] - [INFO] - [Calling GET /reports/export endpoint | Type: stock | Format: csv]
[pid=25732] - [2026-08-13 16:04:03,672] - [core.utils.ticket_generator] - [INFO] - [Executing TicketGenerator.generate_ticket_id for WH: RNO]
[pid=25732] - [2026-08-13 16:04:03,673] - [core.utils.ticket_generator] - [INFO] - [Generated ticket ID: RNO-20260813-014]
[pid=1644] - [2026-08-13 17:17:42,979] - [core.config.settings] - [INFO] - [Executing get_settings function]
[pid=1644] - [2026-08-13 17:17:42,986] - [core.database.init_db] - [INFO] - [Executing init_db function]
[pid=1644] - [2026-08-13 17:17:42,986] - [core.database.database] - [INFO] - [Executing MongoDatabase function]
[pid=1644] - [2026-08-13 17:17:42,986] - [core.database.database] - [INFO] - [Executing _MongoClientSingleton.__new__ | DB: wms]
[pid=1644] - [2026-08-13 17:17:42,994] - [core.database.database] - [INFO] - [MongoDB singleton initialized successfully | URI: mongodb://localhost:27017/?replicaSet=rs0&directConnection=true]
[pid=1644] - [2026-08-13 17:17:43,041] - [core.database.init_db] - [INFO] - [Index created: users.email (unique)]
[pid=1644] - [2026-08-13 17:17:43,070] - [core.database.init_db] - [INFO] - [Index created: warehouses.code (unique)]
[pid=1644] - [2026-08-13 17:17:43,095] - [core.database.init_db] - [INFO] - [Index created: inbox_shipments.tracking_number (unique, sparse)]
[pid=1644] - [2026-08-13 17:17:43,126] - [core.database.init_db] - [INFO] - [Index created: tickets.ticket_id (unique)]
[pid=1644] - [2026-08-13 17:17:43,189] - [core.database.init_db] - [INFO] - [Indexes created: items.ticket_id + unit_seq (unique), items.barcode]
[pid=1644] - [2026-08-13 17:17:43,216] - [core.database.init_db] - [INFO] - [Index created: orders.order_id (unique)]
[pid=1644] - [2026-08-13 17:17:43,234] - [core.database.init_db] - [INFO] - [Index created: storage_locations.warehouse_id + location_code (unique)]
[pid=1644] - [2026-08-13 17:17:43,254] - [core.database.init_db] - [INFO] - [Index created: counters.wh_code + date_str (unique)]
[pid=1644] - [2026-08-13 17:17:43,272] - [core.database.init_db] - [INFO] - [Index created: api_keys.key_hash (unique)]
[pid=1644] - [2026-08-13 17:17:43,291] - [core.database.init_db] - [INFO] - [Index created: idempotency_keys.key (unique)]
[pid=1644] - [2026-08-13 17:17:43,291] - [core.database.init_db] - [INFO] - [Database initialization and index creation completed successfully]
[pid=1644] - [2026-08-13 17:17:43,291] - [core.database.database] - [INFO] - [Executing MongoDatabase function]
[pid=18732] - [2026-08-13 17:18:47,795] - [core.config.settings] - [INFO] - [Executing get_settings function]
[pid=18732] - [2026-08-13 17:18:49,445] - [commons.auth] - [INFO] - [Executing get_current_user dependency]
[pid=18732] - [2026-08-13 17:18:49,446] - [core.apis.routes.voice_router] - [INFO] - [Calling POST /voice/transcribe endpoint]
[pid=18732] - [2026-08-13 17:18:49,447] - [core.controllers.voice_controller] - [INFO] - [Executing VoiceController.transcribe]
[pid=18732] - [2026-08-13 17:18:49,447] - [core.services.voice_service] - [INFO] - [Executing VoiceService.transcribe_audio]
[pid=18732] - [2026-08-13 17:18:49,450] - [commons.auth] - [INFO] - [Executing get_current_user dependency]
[pid=18732] - [2026-08-13 17:18:49,451] - [core.apis.routes.voice_router] - [INFO] - [Calling POST /voice/parse endpoint]
[pid=18732] - [2026-08-13 17:18:49,451] - [core.controllers.voice_controller] - [INFO] - [Executing VoiceController.parse_transcript for ticket: RNO-20260813-001]
[pid=18732] - [2026-08-13 17:18:49,451] - [core.services.voice_service] - [INFO] - [Executing VoiceService.parse_transcript]
[pid=18732] - [2026-08-13 17:18:49,452] - [core.controllers.voice_controller] - [INFO] - [Voice draft saved successfully! Draft ID: draft123]
[pid=18732] - [2026-08-13 17:18:49,455] - [commons.auth] - [INFO] - [Executing get_current_user dependency]
[pid=18732] - [2026-08-13 17:18:49,457] - [core.apis.routes.voice_router] - [INFO] - [Calling POST /voice/drafts/draft123/confirm endpoint]
[pid=18732] - [2026-08-13 17:18:49,457] - [core.controllers.voice_controller] - [INFO] - [Executing VoiceController.confirm_draft for draft: draft123]
[pid=18732] - [2026-08-13 17:18:49,457] - [core.services.audit_service] - [INFO] - [Executing AuditService.__init__]
[pid=18732] - [2026-08-13 17:18:49,457] - [core.controllers.voice_controller] - [INFO] - [Voice draft confirmed and logged through Phase 2 pipeline! Draft ID: draft123]
[pid=18732] - [2026-08-13 17:18:49,464] - [commons.auth] - [INFO] - [Executing get_current_user dependency]
[pid=18732] - [2026-08-13 17:18:49,465] - [core.apis.routes.vision_router] - [INFO] - [Calling POST /vision/measure endpoint]
[pid=18732] - [2026-08-13 17:18:49,465] - [core.controllers.vision_controller] - [INFO] - [Executing VisionController.measure_package]
[pid=18732] - [2026-08-13 17:18:49,471] - [commons.auth] - [INFO] - [Executing get_current_user dependency]
[pid=18732] - [2026-08-13 17:18:49,472] - [core.apis.routes.query_router] - [INFO] - [Calling POST /query endpoint]
[pid=18732] - [2026-08-13 17:18:49,472] - [core.controllers.nl_query_controller] - [INFO] - [Executing NLQueryController.execute_query]
[pid=18732] - [2026-08-13 17:18:49,479] - [commons.auth] - [INFO] - [Executing get_current_user dependency]
[pid=18732] - [2026-08-13 17:18:49,479] - [commons.auth] - [INFO] - [Executing require_roles dependency check]
[pid=18732] - [2026-08-13 17:18:49,480] - [core.apis.routes.api_key_router] - [INFO] - [Calling POST /api-keys endpoint]
[pid=18732] - [2026-08-13 17:18:49,480] - [core.controllers.api_key_controller] - [INFO] - [Executing ApiKeyController.create_key]
[pid=18732] - [2026-08-13 17:18:49,480] - [core.controllers.api_key_controller] - [INFO] - [API key created successfully! Name: Morning Check Script | Prefix: wms_live_575]
[pid=18732] - [2026-08-13 17:18:49,481] - [commons.auth] - [INFO] - [Executing get_current_user dependency]
[pid=18732] - [2026-08-13 17:18:49,481] - [commons.auth] - [INFO] - [Executing require_roles dependency check]
[pid=18732] - [2026-08-13 17:18:49,481] - [core.apis.routes.api_key_router] - [INFO] - [Calling GET /api-keys endpoint]
[pid=18732] - [2026-08-13 17:18:49,481] - [core.controllers.api_key_controller] - [INFO] - [Executing ApiKeyController.list_keys]
[pid=18732] - [2026-08-13 17:18:49,482] - [commons.auth] - [INFO] - [Executing get_current_user dependency]
[pid=18732] - [2026-08-13 17:18:49,482] - [commons.auth] - [INFO] - [Executing require_roles dependency check]
[pid=18732] - [2026-08-13 17:18:49,483] - [core.apis.routes.api_key_router] - [INFO] - [Calling DELETE /api-keys/key123 endpoint]
[pid=18732] - [2026-08-13 17:18:49,483] - [core.controllers.api_key_controller] - [INFO] - [Executing ApiKeyController.revoke_key: key123]
[pid=18732] - [2026-08-13 17:18:49,483] - [core.controllers.api_key_controller] - [INFO] - [API key revoked successfully: key123]
[pid=18732] - [2026-08-13 17:18:49,487] - [commons.auth] - [INFO] - [Executing hash_password function]
[pid=18732] - [2026-08-13 17:18:49,791] - [core.apis.routes.auth_router] - [INFO] - [Calling POST /auth/login endpoint]
[pid=18732] - [2026-08-13 17:18:49,792] - [core.controllers.auth_controller] - [INFO] - [Executing AuthController.login]
[pid=18732] - [2026-08-13 17:18:49,792] - [core.cruds.user_crud] - [INFO] - [Executing CRUDUser.get_by_email for: owner@whitfield.com]
[pid=18732] - [2026-08-13 17:18:49,792] - [commons.auth] - [INFO] - [Executing verify_password function]
[pid=18732] - [2026-08-13 17:18:50,124] - [commons.auth] - [INFO] - [Executing create_access_token function]
[pid=18732] - [2026-08-13 17:18:50,125] - [commons.auth] - [INFO] - [Executing create_refresh_token function]
[pid=18732] - [2026-08-13 17:18:50,125] - [core.controllers.auth_controller] - [INFO] - [User login successful: owner@whitfield.com (OWNER)]
[pid=18732] - [2026-08-13 17:18:50,128] - [commons.auth] - [INFO] - [Executing hash_password function]
[pid=18732] - [2026-08-13 17:18:50,435] - [core.apis.routes.auth_router] - [INFO] - [Calling POST /auth/login endpoint]
[pid=18732] - [2026-08-13 17:18:50,435] - [core.controllers.auth_controller] - [INFO] - [Executing AuthController.login]
[pid=18732] - [2026-08-13 17:18:50,435] - [core.cruds.user_crud] - [INFO] - [Executing CRUDUser.get_by_email for: owner@whitfield.com]
[pid=18732] - [2026-08-13 17:18:50,436] - [commons.auth] - [INFO] - [Executing verify_password function]
[pid=18732] - [2026-08-13 17:18:50,782] - [core.controllers.auth_controller] - [WARNING] - [Login failed: invalid password for user (owner@whitfield.com)]
[pid=18732] - [2026-08-13 17:18:50,782] - [core.apis.routes.auth_router] - [ERROR] - [Error in POST /auth/login endpoint: 401: Invalid email or password]
[pid=18732] - [2026-08-13 17:18:50,788] - [commons.auth] - [INFO] - [Executing get_current_user dependency]
[pid=18732] - [2026-08-13 17:18:50,788] - [commons.auth] - [INFO] - [Executing require_roles dependency check]
[pid=18732] - [2026-08-13 17:18:50,789] - [core.apis.routes.warehouse_router] - [INFO] - [Calling POST /warehouses endpoint]
[pid=18732] - [2026-08-13 17:18:50,789] - [core.controllers.warehouse_controller] - [INFO] - [Executing WarehouseController.create_warehouse]
[pid=18732] - [2026-08-13 17:18:50,789] - [core.services.audit_service] - [INFO] - [Executing AuditService.log_mutation | Action: CREATE | Collection: warehouses]
[pid=18732] - [2026-08-13 17:18:50,789] - [core.controllers.warehouse_controller] - [INFO] - [Warehouse created successfully: RNO]
[pid=18732] - [2026-08-13 17:18:50,796] - [commons.auth] - [INFO] - [Executing get_current_user dependency]
[pid=18732] - [2026-08-13 17:18:50,796] - [commons.auth] - [INFO] - [Executing require_roles dependency check]
[pid=18732] - [2026-08-13 17:18:50,798] - [core.apis.routes.user_router] - [INFO] - [Calling POST /users/managers endpoint]
[pid=18732] - [2026-08-13 17:18:50,799] - [core.controllers.user_controller] - [INFO] - [Executing UserController.create_manager]
[pid=18732] - [2026-08-13 17:18:50,799] - [commons.auth] - [INFO] - [Executing hash_password function]
[pid=18732] - [2026-08-13 17:18:51,102] - [core.services.audit_service] - [INFO] - [Executing AuditService.log_mutation | Action: CREATE | Collection: users]
[pid=18732] - [2026-08-13 17:18:51,103] - [core.controllers.user_controller] - [INFO] - [Manager user created successfully: manager.rno@whitfield.com]
[pid=18732] - [2026-08-13 17:18:51,111] - [commons.auth] - [INFO] - [Executing get_current_user dependency]
[pid=18732] - [2026-08-13 17:18:51,111] - [commons.auth] - [INFO] - [Executing require_roles dependency check]
[pid=18732] - [2026-08-13 17:18:51,114] - [core.apis.routes.user_router] - [INFO] - [Calling POST /users/staff endpoint]
[pid=18732] - [2026-08-13 17:18:51,114] - [core.controllers.user_controller] - [INFO] - [Executing UserController.create_staff]
[pid=18732] - [2026-08-13 17:18:51,114] - [commons.auth] - [INFO] - [Executing hash_password function]
[pid=18732] - [2026-08-13 17:18:51,405] - [core.services.audit_service] - [INFO] - [Executing AuditService.log_mutation | Action: CREATE | Collection: users]
[pid=18732] - [2026-08-13 17:18:51,405] - [core.controllers.user_controller] - [INFO] - [Staff user created successfully: staff.rookie@whitfield.com for WH: 607f1f77bcf86cd799439022]
[pid=18732] - [2026-08-13 17:18:51,411] - [commons.auth] - [INFO] - [Executing get_current_user dependency]
[pid=18732] - [2026-08-13 17:18:51,412] - [commons.auth] - [INFO] - [Executing require_roles dependency check]
[pid=18732] - [2026-08-13 17:18:51,412] - [commons.auth] - [WARNING] - [User staff.rookie@whitfield.com with role STAFF denied access. Required: ['OWNER']]
[pid=18732] - [2026-08-13 17:18:51,416] - [commons.auth] - [INFO] - [Executing get_current_user dependency]
[pid=18732] - [2026-08-13 17:18:51,416] - [commons.auth] - [INFO] - [Executing require_roles dependency check]
[pid=18732] - [2026-08-13 17:18:51,416] - [core.apis.routes.audit_router] - [INFO] - [Calling GET /audit endpoint]
[pid=18732] - [2026-08-13 17:18:51,416] - [core.controllers.audit_controller] - [INFO] - [Executing AuditController.get_audit_logs]
[pid=18732] - [2026-08-13 17:18:51,428] - [core.apis.routes.health_router] - [INFO] - [Calling GET /health endpoint]
[pid=18732] - [2026-08-13 17:18:51,429] - [core.controllers.health_controller] - [INFO] - [Executing HealthController.get_health]
[pid=18732] - [2026-08-13 17:18:51,429] - [core.database.database] - [INFO] - [Executing ping function]
[pid=18732] - [2026-08-13 17:18:51,429] - [core.database.database] - [INFO] - [Executing MongoDatabase function]
[pid=18732] - [2026-08-13 17:18:51,429] - [core.database.database] - [INFO] - [Executing _MongoClientSingleton.__new__ | DB: wms]
[pid=18732] - [2026-08-13 17:18:51,437] - [core.database.database] - [INFO] - [MongoDB singleton initialized successfully | URI: mongodb://localhost:27017/?replicaSet=rs0&directConnection=true]
[pid=18732] - [2026-08-13 17:18:51,471] - [core.database.database] - [INFO] - [MongoDB ping successful]
[pid=18732] - [2026-08-13 17:18:51,482] - [commons.auth] - [INFO] - [Executing get_current_user dependency]
[pid=18732] - [2026-08-13 17:18:51,484] - [core.apis.routes.arrival_router] - [INFO] - [Calling POST /arrivals endpoint]
[pid=18732] - [2026-08-13 17:18:51,485] - [core.controllers.arrival_controller] - [INFO] - [Executing ArrivalController.process_arrival]
[pid=18732] - [2026-08-13 17:18:51,485] - [core.services.audit_service] - [INFO] - [Executing AuditService.log_mutation | Action: ARRIVE | Collection: tickets]
[pid=18732] - [2026-08-13 17:18:51,485] - [core.controllers.arrival_controller] - [INFO] - [Arrival processed successfully! Generated Ticket ID: RNO-20260813-001]
[pid=18732] - [2026-08-13 17:18:51,487] - [commons.auth] - [INFO] - [Executing get_current_user dependency]
[pid=18732] - [2026-08-13 17:18:51,490] - [core.apis.routes.ticket_router] - [INFO] - [Calling POST /tickets/RNO-20260813-001/items endpoint]
[pid=18732] - [2026-08-13 17:18:51,490] - [core.controllers.ticket_controller] - [INFO] - [Executing TicketController.log_item_scan for ticket: RNO-20260813-001]
[pid=18732] - [2026-08-13 17:18:51,490] - [core.services.audit_service] - [INFO] - [Executing AuditService.log_mutation | Action: SCAN_ITEM | Collection: items]
[pid=18732] - [2026-08-13 17:18:51,490] - [core.controllers.ticket_controller] - [INFO] - [Item scanned and logged successfully! Unit Seq: 1 under Ticket: RNO-20260813-001]
[pid=18732] - [2026-08-13 17:18:51,492] - [commons.auth] - [INFO] - [Executing get_current_user dependency]
[pid=18732] - [2026-08-13 17:18:51,492] - [core.apis.routes.ticket_router] - [INFO] - [Calling PUT /tickets/ticket123/submit-inspection endpoint]
[pid=18732] - [2026-08-13 17:18:51,492] - [core.controllers.ticket_controller] - [INFO] - [Executing TicketController.submit_inspection for: ticket123]
[pid=18732] - [2026-08-13 17:18:51,493] - [core.services.audit_service] - [INFO] - [Executing AuditService.log_mutation | Action: SUBMIT_INSPECTION | Collection: tickets]
[pid=18732] - [2026-08-13 17:18:51,493] - [core.controllers.ticket_controller] - [INFO] - [Ticket submitted for inspection approval: RNO-20260813-001]
[pid=18732] - [2026-08-13 17:18:51,494] - [commons.auth] - [INFO] - [Executing get_current_user dependency]
[pid=18732] - [2026-08-13 17:18:51,494] - [commons.auth] - [INFO] - [Executing require_roles dependency check]
[pid=18732] - [2026-08-13 17:18:51,494] - [core.apis.routes.ticket_router] - [INFO] - [Calling POST /tickets/ticket123/approve endpoint]
[pid=18732] - [2026-08-13 17:18:51,494] - [core.controllers.ticket_controller] - [INFO] - [Executing TicketController.approve_ticket: ticket123]
[pid=18732] - [2026-08-13 17:18:51,494] - [core.services.audit_service] - [INFO] - [Executing AuditService.log_mutation | Action: APPROVE_SHIPMENT | Collection: tickets]
[pid=18732] - [2026-08-13 17:18:51,494] - [core.controllers.ticket_controller] - [INFO] - [Ticket inspection APPROVED! Status: SHIPMENT_ARRIVED for Ticket: RNO-20260813-001]
[pid=18732] - [2026-08-13 17:18:51,495] - [commons.auth] - [INFO] - [Executing get_current_user dependency]
[pid=18732] - [2026-08-13 17:18:51,496] - [core.apis.routes.ticket_router] - [INFO] - [Calling POST /tickets/ticket123/store endpoint]
[pid=18732] - [2026-08-13 17:18:51,496] - [core.controllers.ticket_controller] - [INFO] - [Executing TicketController.store_ticket: ticket123 -> A-04-12]
[pid=18732] - [2026-08-13 17:18:51,496] - [core.services.audit_service] - [INFO] - [Executing AuditService.log_mutation | Action: STORE_TICKET | Collection: tickets]
[pid=18732] - [2026-08-13 17:18:51,496] - [core.controllers.ticket_controller] - [INFO] - [Ticket STORED successfully at location: A-04-12]
[pid=18732] - [2026-08-13 17:18:51,502] - [commons.auth] - [INFO] - [Executing get_current_user dependency]
[pid=18732] - [2026-08-13 17:18:51,503] - [core.apis.routes.arrival_router] - [INFO] - [Calling POST /arrivals endpoint]
[pid=18732] - [2026-08-13 17:18:51,503] - [core.controllers.arrival_controller] - [INFO] - [Executing ArrivalController.process_arrival]
[pid=18732] - [2026-08-13 17:18:51,503] - [core.services.audit_service] - [INFO] - [Executing AuditService.log_mutation | Action: ARRIVE | Collection: tickets]
[pid=18732] - [2026-08-13 17:18:51,503] - [core.controllers.arrival_controller] - [INFO] - [Arrival processed successfully! Generated Ticket ID: LAX-20260813-001]
[pid=18732] - [2026-08-13 17:18:51,509] - [commons.auth] - [INFO] - [Executing get_current_user dependency]
[pid=18732] - [2026-08-13 17:18:51,510] - [core.apis.routes.order_router] - [INFO] - [Calling POST /orders endpoint]
[pid=18732] - [2026-08-13 17:18:51,510] - [core.controllers.order_controller] - [INFO] - [Executing OrderController.create_order]
[pid=18732] - [2026-08-13 17:18:51,511] - [core.services.audit_service] - [INFO] - [Executing AuditService.log_mutation | Action: CREATE | Collection: orders]
[pid=18732] - [2026-08-13 17:18:51,511] - [core.controllers.order_controller] - [INFO] - [Customer order created successfully: ORD-1001]
[pid=18732] - [2026-08-13 17:18:51,515] - [commons.auth] - [INFO] - [Executing get_current_user dependency]
[pid=18732] - [2026-08-13 17:18:51,515] - [core.apis.routes.order_router] - [INFO] - [Calling POST /orders/ORD-1001/reserve endpoint]
[pid=18732] - [2026-08-13 17:18:51,515] - [core.controllers.order_controller] - [INFO] - [Executing OrderController.reserve_order for: ORD-1001]
[pid=18732] - [2026-08-13 17:18:51,517] - [core.services.audit_service] - [INFO] - [Executing AuditService.log_mutation | Action: RESERVE_ORDER | Collection: orders]
[pid=18732] - [2026-08-13 17:18:51,517] - [core.controllers.order_controller] - [INFO] - [Order stock reserved successfully! Order ID: ORD-1001]
[pid=18732] - [2026-08-13 17:18:51,519] - [commons.auth] - [INFO] - [Executing get_current_user dependency]
[pid=18732] - [2026-08-13 17:18:51,520] - [core.apis.routes.order_router] - [INFO] - [Calling GET /orders/ORD-1001/picklist endpoint]
[pid=18732] - [2026-08-13 17:18:51,520] - [core.controllers.order_controller] - [INFO] - [Executing OrderController.get_picklist for: ORD-1001]
[pid=18732] - [2026-08-13 17:18:51,521] - [commons.auth] - [INFO] - [Executing get_current_user dependency]
[pid=18732] - [2026-08-13 17:18:51,523] - [core.apis.routes.order_router] - [INFO] - [Calling POST /orders/ORD-1001/pack endpoint]
[pid=18732] - [2026-08-13 17:18:51,523] - [core.controllers.order_controller] - [INFO] - [Executing OrderController.pack_order for: ORD-1001]
[pid=18732] - [2026-08-13 17:18:51,523] - [core.services.audit_service] - [INFO] - [Executing AuditService.log_mutation | Action: PACK_ORDER | Collection: orders]
[pid=18732] - [2026-08-13 17:18:51,523] - [core.controllers.order_controller] - [INFO] - [Order PACKED successfully: ORD-1001]
[pid=18732] - [2026-08-13 17:18:51,524] - [commons.auth] - [INFO] - [Executing get_current_user dependency]
[pid=18732] - [2026-08-13 17:18:51,524] - [core.apis.routes.order_router] - [INFO] - [Calling POST /orders/ORD-1001/label endpoint]
[pid=18732] - [2026-08-13 17:18:51,524] - [core.controllers.order_controller] - [INFO] - [Executing OrderController.generate_label for: ORD-1001]
[pid=18732] - [2026-08-13 17:18:51,524] - [core.controllers.order_controller] - [INFO] - [Shipping label generated stub for order ORD-1001: 1Z999F1E5106D23]
[pid=18732] - [2026-08-13 17:18:51,526] - [commons.auth] - [INFO] - [Executing get_current_user dependency]
[pid=18732] - [2026-08-13 17:18:51,526] - [core.apis.routes.order_router] - [INFO] - [Calling POST /orders/ORD-1001/ship endpoint]
[pid=18732] - [2026-08-13 17:18:51,526] - [core.controllers.order_controller] - [INFO] - [Executing OrderController.ship_order for: ORD-1001]
[pid=18732] - [2026-08-13 17:18:51,527] - [core.services.audit_service] - [INFO] - [Executing AuditService.log_mutation | Action: SHIP_ORDER | Collection: orders]
[pid=18732] - [2026-08-13 17:18:51,527] - [core.controllers.order_controller] - [INFO] - [Order SHIPPED successfully! Units converted to SOLD: ORD-1001]
[pid=18732] - [2026-08-13 17:18:51,540] - [commons.auth] - [INFO] - [Executing get_current_user dependency]
[pid=18732] - [2026-08-13 17:18:51,540] - [commons.auth] - [INFO] - [Executing require_roles dependency check]
[pid=18732] - [2026-08-13 17:18:51,540] - [core.apis.routes.report_router] - [INFO] - [Calling GET /reports/summary endpoint]
[pid=18732] - [2026-08-13 17:18:51,545] - [commons.auth] - [INFO] - [Executing get_current_user dependency]
[pid=18732] - [2026-08-13 17:18:51,545] - [commons.auth] - [INFO] - [Executing require_roles dependency check]
[pid=18732] - [2026-08-13 17:18:51,545] - [core.apis.routes.report_router] - [INFO] - [Calling GET /reports/stock endpoint]
[pid=18732] - [2026-08-13 17:18:51,551] - [commons.auth] - [INFO] - [Executing get_current_user dependency]
[pid=18732] - [2026-08-13 17:18:51,551] - [commons.auth] - [INFO] - [Executing require_roles dependency check]
[pid=18732] - [2026-08-13 17:18:51,551] - [core.apis.routes.report_router] - [INFO] - [Calling GET /reports/export endpoint | Type: stock | Format: csv]
[pid=18732] - [2026-08-13 17:18:51,556] - [core.utils.ticket_generator] - [INFO] - [Executing TicketGenerator.generate_ticket_id for WH: RNO]
[pid=18732] - [2026-08-13 17:18:51,557] - [core.utils.ticket_generator] - [INFO] - [Generated ticket ID: RNO-20260813-014]
[pid=1468] - [2026-08-13 17:19:25,190] - [core.config.settings] - [INFO] - [Executing get_settings function]
[pid=1468] - [2026-08-13 17:19:26,370] - [commons.auth] - [INFO] - [Executing get_current_user dependency]
[pid=1468] - [2026-08-13 17:19:26,370] - [core.apis.routes.voice_router] - [INFO] - [Calling POST /voice/transcribe endpoint]
[pid=1468] - [2026-08-13 17:19:26,370] - [core.controllers.voice_controller] - [INFO] - [Executing VoiceController.transcribe]
[pid=1468] - [2026-08-13 17:19:26,370] - [core.services.voice_service] - [INFO] - [Executing VoiceService.transcribe_audio]
[pid=1468] - [2026-08-13 17:19:26,372] - [commons.auth] - [INFO] - [Executing get_current_user dependency]
[pid=1468] - [2026-08-13 17:19:26,373] - [core.apis.routes.voice_router] - [INFO] - [Calling POST /voice/parse endpoint]
[pid=1468] - [2026-08-13 17:19:26,374] - [core.controllers.voice_controller] - [INFO] - [Executing VoiceController.parse_transcript for ticket: RNO-20260813-001]
[pid=1468] - [2026-08-13 17:19:26,374] - [core.services.voice_service] - [INFO] - [Executing VoiceService.parse_transcript]
[pid=1468] - [2026-08-13 17:19:26,374] - [core.controllers.voice_controller] - [INFO] - [Voice draft saved successfully! Draft ID: draft123]
[pid=1468] - [2026-08-13 17:19:26,376] - [commons.auth] - [INFO] - [Executing get_current_user dependency]
[pid=1468] - [2026-08-13 17:19:26,377] - [core.apis.routes.voice_router] - [INFO] - [Calling POST /voice/drafts/draft123/confirm endpoint]
[pid=1468] - [2026-08-13 17:19:26,377] - [core.controllers.voice_controller] - [INFO] - [Executing VoiceController.confirm_draft for draft: draft123]
[pid=1468] - [2026-08-13 17:19:26,377] - [core.services.audit_service] - [INFO] - [Executing AuditService.__init__]
[pid=1468] - [2026-08-13 17:19:26,377] - [core.controllers.voice_controller] - [INFO] - [Voice draft confirmed and logged through Phase 2 pipeline! Draft ID: draft123]
[pid=1468] - [2026-08-13 17:19:26,384] - [commons.auth] - [INFO] - [Executing get_current_user dependency]
[pid=1468] - [2026-08-13 17:19:26,384] - [core.apis.routes.vision_router] - [INFO] - [Calling POST /vision/measure endpoint]
[pid=1468] - [2026-08-13 17:19:26,385] - [core.controllers.vision_controller] - [INFO] - [Executing VisionController.measure_package]
[pid=1468] - [2026-08-13 17:19:26,391] - [commons.auth] - [INFO] - [Executing get_current_user dependency]
[pid=1468] - [2026-08-13 17:19:26,392] - [core.apis.routes.query_router] - [INFO] - [Calling POST /query endpoint]
[pid=1468] - [2026-08-13 17:19:26,392] - [core.controllers.nl_query_controller] - [INFO] - [Executing NLQueryController.execute_query]
[pid=1468] - [2026-08-13 17:19:26,400] - [commons.auth] - [INFO] - [Executing get_current_user dependency]
[pid=1468] - [2026-08-13 17:19:26,401] - [commons.auth] - [INFO] - [Executing require_roles dependency check]
[pid=1468] - [2026-08-13 17:19:26,402] - [core.apis.routes.api_key_router] - [INFO] - [Calling POST /api-keys endpoint]
[pid=1468] - [2026-08-13 17:19:26,402] - [core.controllers.api_key_controller] - [INFO] - [Executing ApiKeyController.create_key]
[pid=1468] - [2026-08-13 17:19:26,402] - [core.controllers.api_key_controller] - [INFO] - [API key created successfully! Name: Morning Check Script | Prefix: wms_live_a16]
[pid=1468] - [2026-08-13 17:19:26,403] - [commons.auth] - [INFO] - [Executing get_current_user dependency]
[pid=1468] - [2026-08-13 17:19:26,404] - [commons.auth] - [INFO] - [Executing require_roles dependency check]
[pid=1468] - [2026-08-13 17:19:26,404] - [core.apis.routes.api_key_router] - [INFO] - [Calling GET /api-keys endpoint]
[pid=1468] - [2026-08-13 17:19:26,404] - [core.controllers.api_key_controller] - [INFO] - [Executing ApiKeyController.list_keys]
[pid=1468] - [2026-08-13 17:19:26,405] - [commons.auth] - [INFO] - [Executing get_current_user dependency]
[pid=1468] - [2026-08-13 17:19:26,405] - [commons.auth] - [INFO] - [Executing require_roles dependency check]
[pid=1468] - [2026-08-13 17:19:26,405] - [core.apis.routes.api_key_router] - [INFO] - [Calling DELETE /api-keys/key123 endpoint]
[pid=1468] - [2026-08-13 17:19:26,405] - [core.controllers.api_key_controller] - [INFO] - [Executing ApiKeyController.revoke_key: key123]
[pid=1468] - [2026-08-13 17:19:26,405] - [core.controllers.api_key_controller] - [INFO] - [API key revoked successfully: key123]
[pid=1468] - [2026-08-13 17:19:26,411] - [commons.auth] - [INFO] - [Executing get_current_user dependency]
[pid=1468] - [2026-08-13 17:19:26,412] - [core.apis.routes.query_router] - [INFO] - [Calling POST /query endpoint]
[pid=1468] - [2026-08-13 17:19:26,412] - [core.controllers.nl_query_controller] - [INFO] - [Executing NLQueryController.execute_query]
[pid=1468] - [2026-08-13 17:19:26,412] - [core.controllers.nl_query_controller] - [ERROR] - [Error in NLQueryController.execute_query: Query does not match any allow-listed template]
[pid=1468] - [2026-08-13 17:19:26,412] - [core.apis.routes.query_router] - [ERROR] - [Error in POST /query endpoint: 500: Internal Server Error]
[pid=1468] - [2026-08-13 17:19:26,621] - [commons.auth] - [INFO] - [Executing get_current_user dependency]
[pid=1468] - [2026-08-13 17:19:26,621] - [commons.auth] - [WARNING] - [Missing authentication token in request]
[pid=1468] - [2026-08-13 17:19:26,624] - [commons.auth] - [INFO] - [Executing hash_password function]
[pid=1468] - [2026-08-13 17:19:26,920] - [core.apis.routes.auth_router] - [INFO] - [Calling POST /auth/login endpoint]
[pid=1468] - [2026-08-13 17:19:26,920] - [core.controllers.auth_controller] - [INFO] - [Executing AuthController.login]
[pid=1468] - [2026-08-13 17:19:26,920] - [core.cruds.user_crud] - [INFO] - [Executing CRUDUser.get_by_email for: owner@whitfield.com]
[pid=1468] - [2026-08-13 17:19:26,920] - [commons.auth] - [INFO] - [Executing verify_password function]
[pid=1468] - [2026-08-13 17:19:27,207] - [commons.auth] - [INFO] - [Executing create_access_token function]
[pid=1468] - [2026-08-13 17:19:27,208] - [commons.auth] - [INFO] - [Executing create_refresh_token function]
[pid=1468] - [2026-08-13 17:19:27,208] - [core.controllers.auth_controller] - [INFO] - [User login successful: owner@whitfield.com (OWNER)]
[pid=1468] - [2026-08-13 17:19:27,212] - [commons.auth] - [INFO] - [Executing hash_password function]
[pid=1468] - [2026-08-13 17:19:27,514] - [core.apis.routes.auth_router] - [INFO] - [Calling POST /auth/login endpoint]
[pid=1468] - [2026-08-13 17:19:27,514] - [core.controllers.auth_controller] - [INFO] - [Executing AuthController.login]
[pid=1468] - [2026-08-13 17:19:27,514] - [core.cruds.user_crud] - [INFO] - [Executing CRUDUser.get_by_email for: owner@whitfield.com]
[pid=1468] - [2026-08-13 17:19:27,514] - [commons.auth] - [INFO] - [Executing verify_password function]
[pid=1468] - [2026-08-13 17:19:27,843] - [core.controllers.auth_controller] - [WARNING] - [Login failed: invalid password for user (owner@whitfield.com)]
[pid=1468] - [2026-08-13 17:19:27,843] - [core.apis.routes.auth_router] - [ERROR] - [Error in POST /auth/login endpoint: 401: Invalid email or password]
[pid=1468] - [2026-08-13 17:19:27,855] - [commons.auth] - [INFO] - [Executing get_current_user dependency]
[pid=1468] - [2026-08-13 17:19:27,855] - [commons.auth] - [INFO] - [Executing require_roles dependency check]
[pid=1468] - [2026-08-13 17:19:27,856] - [core.apis.routes.warehouse_router] - [INFO] - [Calling POST /warehouses endpoint]
[pid=1468] - [2026-08-13 17:19:27,857] - [core.controllers.warehouse_controller] - [INFO] - [Executing WarehouseController.create_warehouse]
[pid=1468] - [2026-08-13 17:19:27,857] - [core.services.audit_service] - [INFO] - [Executing AuditService.log_mutation | Action: CREATE | Collection: warehouses]
[pid=1468] - [2026-08-13 17:19:27,857] - [core.controllers.warehouse_controller] - [INFO] - [Warehouse created successfully: RNO]
[pid=1468] - [2026-08-13 17:19:27,871] - [commons.auth] - [INFO] - [Executing get_current_user dependency]
[pid=1468] - [2026-08-13 17:19:27,872] - [commons.auth] - [INFO] - [Executing require_roles dependency check]
[pid=1468] - [2026-08-13 17:19:27,877] - [core.apis.routes.user_router] - [INFO] - [Calling POST /users/managers endpoint]
[pid=1468] - [2026-08-13 17:19:27,877] - [core.controllers.user_controller] - [INFO] - [Executing UserController.create_manager]
[pid=1468] - [2026-08-13 17:19:27,877] - [commons.auth] - [INFO] - [Executing hash_password function]
[pid=1468] - [2026-08-13 17:19:28,150] - [core.services.audit_service] - [INFO] - [Executing AuditService.log_mutation | Action: CREATE | Collection: users]
[pid=1468] - [2026-08-13 17:19:28,150] - [core.controllers.user_controller] - [INFO] - [Manager user created successfully: manager.rno@whitfield.com]
[pid=1468] - [2026-08-13 17:19:28,157] - [commons.auth] - [INFO] - [Executing get_current_user dependency]
[pid=1468] - [2026-08-13 17:19:28,157] - [commons.auth] - [INFO] - [Executing require_roles dependency check]
[pid=1468] - [2026-08-13 17:19:28,160] - [core.apis.routes.user_router] - [INFO] - [Calling POST /users/staff endpoint]
[pid=1468] - [2026-08-13 17:19:28,160] - [core.controllers.user_controller] - [INFO] - [Executing UserController.create_staff]
[pid=1468] - [2026-08-13 17:19:28,160] - [commons.auth] - [INFO] - [Executing hash_password function]
[pid=1468] - [2026-08-13 17:19:28,434] - [core.services.audit_service] - [INFO] - [Executing AuditService.log_mutation | Action: CREATE | Collection: users]
[pid=1468] - [2026-08-13 17:19:28,435] - [core.controllers.user_controller] - [INFO] - [Staff user created successfully: staff.rookie@whitfield.com for WH: 607f1f77bcf86cd799439022]
[pid=1468] - [2026-08-13 17:19:28,441] - [commons.auth] - [INFO] - [Executing get_current_user dependency]
[pid=1468] - [2026-08-13 17:19:28,442] - [commons.auth] - [INFO] - [Executing require_roles dependency check]
[pid=1468] - [2026-08-13 17:19:28,442] - [commons.auth] - [WARNING] - [User staff.rookie@whitfield.com with role STAFF denied access. Required: ['OWNER']]
[pid=1468] - [2026-08-13 17:19:28,446] - [commons.auth] - [INFO] - [Executing get_current_user dependency]
[pid=1468] - [2026-08-13 17:19:28,447] - [commons.auth] - [INFO] - [Executing require_roles dependency check]
[pid=1468] - [2026-08-13 17:19:28,447] - [core.apis.routes.audit_router] - [INFO] - [Calling GET /audit endpoint]
[pid=1468] - [2026-08-13 17:19:28,447] - [core.controllers.audit_controller] - [INFO] - [Executing AuditController.get_audit_logs]
[pid=1468] - [2026-08-13 17:19:28,453] - [commons.auth] - [INFO] - [Executing get_current_user dependency]
[pid=1468] - [2026-08-13 17:19:28,453] - [commons.auth] - [INFO] - [Executing require_roles dependency check]
[pid=1468] - [2026-08-13 17:19:28,453] - [commons.auth] - [WARNING] - [User None with role STAFF denied access. Required: ['OWNER']]
[pid=1468] - [2026-08-13 17:19:28,455] - [commons.auth] - [INFO] - [Executing get_current_user dependency]
[pid=1468] - [2026-08-13 17:19:28,455] - [commons.auth] - [INFO] - [Executing require_roles dependency check]
[pid=1468] - [2026-08-13 17:19:28,455] - [commons.auth] - [WARNING] - [User None with role MANAGER denied access. Required: ['OWNER']]
[pid=1468] - [2026-08-13 17:19:28,462] - [commons.auth] - [INFO] - [Executing get_current_user dependency]
[pid=1468] - [2026-08-13 17:19:28,463] - [commons.auth] - [INFO] - [Executing require_roles dependency check]
[pid=1468] - [2026-08-13 17:19:28,463] - [core.apis.routes.warehouse_router] - [INFO] - [Calling POST /warehouses endpoint]
[pid=1468] - [2026-08-13 17:19:28,463] - [core.controllers.warehouse_controller] - [INFO] - [Executing WarehouseController.create_warehouse]
[pid=1468] - [2026-08-13 17:19:28,463] - [core.services.audit_service] - [INFO] - [Executing AuditService.log_mutation | Action: CREATE | Collection: warehouses]
[pid=1468] - [2026-08-13 17:19:28,463] - [core.controllers.warehouse_controller] - [INFO] - [Warehouse created successfully: RNO]
[pid=1468] - [2026-08-13 17:19:28,468] - [core.apis.routes.warehouse_router] - [ERROR] - [Error in POST /warehouses endpoint: 2 validation errors for WarehouseResponse
is_active
  Field required [type=missing, input_value={'id': 'wh1', 'code': 'RN...name': 'Reno Warehouse'}, input_type=dict]
    For further information visit https://errors.pydantic.dev/2.9/v/missing
created_at
  Field required [type=missing, input_value={'id': 'wh1', 'code': 'RN...name': 'Reno Warehouse'}, input_type=dict]
    For further information visit https://errors.pydantic.dev/2.9/v/missing]
[pid=1468] - [2026-08-13 17:19:28,484] - [core.apis.routes.health_router] - [INFO] - [Calling GET /health endpoint]
[pid=1468] - [2026-08-13 17:19:28,484] - [core.controllers.health_controller] - [INFO] - [Executing HealthController.get_health]
[pid=1468] - [2026-08-13 17:19:28,484] - [core.database.database] - [INFO] - [Executing ping function]
[pid=1468] - [2026-08-13 17:19:28,484] - [core.database.database] - [INFO] - [Executing MongoDatabase function]
[pid=1468] - [2026-08-13 17:19:28,484] - [core.database.database] - [INFO] - [Executing _MongoClientSingleton.__new__ | DB: wms]
[pid=1468] - [2026-08-13 17:19:28,491] - [core.database.database] - [INFO] - [MongoDB singleton initialized successfully | URI: mongodb://localhost:27017/?replicaSet=rs0&directConnection=true]
[pid=1468] - [2026-08-13 17:19:28,516] - [core.database.database] - [INFO] - [MongoDB ping successful]
[pid=1468] - [2026-08-13 17:19:28,525] - [commons.auth] - [INFO] - [Executing get_current_user dependency]
[pid=1468] - [2026-08-13 17:19:28,526] - [core.apis.routes.arrival_router] - [INFO] - [Calling POST /arrivals endpoint]
[pid=1468] - [2026-08-13 17:19:28,526] - [core.controllers.arrival_controller] - [INFO] - [Executing ArrivalController.process_arrival]
[pid=1468] - [2026-08-13 17:19:28,527] - [core.services.audit_service] - [INFO] - [Executing AuditService.log_mutation | Action: ARRIVE | Collection: tickets]
[pid=1468] - [2026-08-13 17:19:28,527] - [core.controllers.arrival_controller] - [INFO] - [Arrival processed successfully! Generated Ticket ID: RNO-20260813-001]
[pid=1468] - [2026-08-13 17:19:28,529] - [commons.auth] - [INFO] - [Executing get_current_user dependency]
[pid=1468] - [2026-08-13 17:19:28,531] - [core.apis.routes.ticket_router] - [INFO] - [Calling POST /tickets/RNO-20260813-001/items endpoint]
[pid=1468] - [2026-08-13 17:19:28,531] - [core.controllers.ticket_controller] - [INFO] - [Executing TicketController.log_item_scan for ticket: RNO-20260813-001]
[pid=1468] - [2026-08-13 17:19:28,531] - [core.services.audit_service] - [INFO] - [Executing AuditService.log_mutation | Action: SCAN_ITEM | Collection: items]
[pid=1468] - [2026-08-13 17:19:28,531] - [core.controllers.ticket_controller] - [INFO] - [Item scanned and logged successfully! Unit Seq: 1 under Ticket: RNO-20260813-001]
[pid=1468] - [2026-08-13 17:19:28,532] - [commons.auth] - [INFO] - [Executing get_current_user dependency]
[pid=1468] - [2026-08-13 17:19:28,533] - [core.apis.routes.ticket_router] - [INFO] - [Calling PUT /tickets/ticket123/submit-inspection endpoint]
[pid=1468] - [2026-08-13 17:19:28,533] - [core.controllers.ticket_controller] - [INFO] - [Executing TicketController.submit_inspection for: ticket123]
[pid=1468] - [2026-08-13 17:19:28,533] - [core.services.audit_service] - [INFO] - [Executing AuditService.log_mutation | Action: SUBMIT_INSPECTION | Collection: tickets]
[pid=1468] - [2026-08-13 17:19:28,533] - [core.controllers.ticket_controller] - [INFO] - [Ticket submitted for inspection approval: RNO-20260813-001]
[pid=1468] - [2026-08-13 17:19:28,534] - [commons.auth] - [INFO] - [Executing get_current_user dependency]
[pid=1468] - [2026-08-13 17:19:28,534] - [commons.auth] - [INFO] - [Executing require_roles dependency check]
[pid=1468] - [2026-08-13 17:19:28,534] - [core.apis.routes.ticket_router] - [INFO] - [Calling POST /tickets/ticket123/approve endpoint]
[pid=1468] - [2026-08-13 17:19:28,534] - [core.controllers.ticket_controller] - [INFO] - [Executing TicketController.approve_ticket: ticket123]
[pid=1468] - [2026-08-13 17:19:28,534] - [core.services.audit_service] - [INFO] - [Executing AuditService.log_mutation | Action: APPROVE_SHIPMENT | Collection: tickets]
[pid=1468] - [2026-08-13 17:19:28,535] - [core.controllers.ticket_controller] - [INFO] - [Ticket inspection APPROVED! Status: SHIPMENT_ARRIVED for Ticket: RNO-20260813-001]
[pid=1468] - [2026-08-13 17:19:28,536] - [commons.auth] - [INFO] - [Executing get_current_user dependency]
[pid=1468] - [2026-08-13 17:19:28,537] - [core.apis.routes.ticket_router] - [INFO] - [Calling POST /tickets/ticket123/store endpoint]
[pid=1468] - [2026-08-13 17:19:28,537] - [core.controllers.ticket_controller] - [INFO] - [Executing TicketController.store_ticket: ticket123 -> A-04-12]
[pid=1468] - [2026-08-13 17:19:28,537] - [core.services.audit_service] - [INFO] - [Executing AuditService.log_mutation | Action: STORE_TICKET | Collection: tickets]
[pid=1468] - [2026-08-13 17:19:28,537] - [core.controllers.ticket_controller] - [INFO] - [Ticket STORED successfully at location: A-04-12]
[pid=1468] - [2026-08-13 17:19:28,544] - [commons.auth] - [INFO] - [Executing get_current_user dependency]
[pid=1468] - [2026-08-13 17:19:28,544] - [core.apis.routes.arrival_router] - [INFO] - [Calling POST /arrivals endpoint]
[pid=1468] - [2026-08-13 17:19:28,544] - [core.controllers.arrival_controller] - [INFO] - [Executing ArrivalController.process_arrival]
[pid=1468] - [2026-08-13 17:19:28,544] - [core.services.audit_service] - [INFO] - [Executing AuditService.log_mutation | Action: ARRIVE | Collection: tickets]
[pid=1468] - [2026-08-13 17:19:28,545] - [core.controllers.arrival_controller] - [INFO] - [Arrival processed successfully! Generated Ticket ID: LAX-20260813-001]
[pid=1468] - [2026-08-13 17:19:28,550] - [commons.auth] - [INFO] - [Executing get_current_user dependency]
[pid=1468] - [2026-08-13 17:19:28,551] - [core.apis.routes.ticket_router] - [INFO] - [Calling POST /tickets/RNO-20260813-001/items endpoint]
[pid=1468] - [2026-08-13 17:19:28,551] - [core.controllers.ticket_controller] - [INFO] - [Executing TicketController.log_item_scan for ticket: RNO-20260813-001]
[pid=1468] - [2026-08-13 17:19:28,551] - [core.cruds.ticket_crud] - [INFO] - [Executing CRUDTicket.get_by_ticket_id: RNO-20260813-001]
[pid=1468] - [2026-08-13 17:19:28,551] - [core.database.database] - [INFO] - [Executing MongoDatabase function]
[pid=1468] - [2026-08-13 17:19:28,551] - [core.cruds.ticket_crud] - [ERROR] - [Error in CRUDTicket.get_by_ticket_id: Event loop is closed]
[pid=1468] - [2026-08-13 17:19:28,551] - [core.controllers.ticket_controller] - [ERROR] - [Error in TicketController.log_item_scan: Event loop is closed]
[pid=1468] - [2026-08-13 17:19:28,551] - [core.apis.routes.ticket_router] - [ERROR] - [Error in POST /tickets/RNO-20260813-001/items endpoint: 500: Internal Server Error]
[pid=1468] - [2026-08-13 17:19:28,563] - [commons.auth] - [INFO] - [Executing get_current_user dependency]
[pid=1468] - [2026-08-13 17:19:28,564] - [core.apis.routes.order_router] - [INFO] - [Calling POST /orders endpoint]
[pid=1468] - [2026-08-13 17:19:28,564] - [core.controllers.order_controller] - [INFO] - [Executing OrderController.create_order]
[pid=1468] - [2026-08-13 17:19:28,565] - [core.services.audit_service] - [INFO] - [Executing AuditService.log_mutation | Action: CREATE | Collection: orders]
[pid=1468] - [2026-08-13 17:19:28,565] - [core.controllers.order_controller] - [INFO] - [Customer order created successfully: ORD-1001]
[pid=1468] - [2026-08-13 17:19:28,568] - [commons.auth] - [INFO] - [Executing get_current_user dependency]
[pid=1468] - [2026-08-13 17:19:28,569] - [core.apis.routes.order_router] - [INFO] - [Calling POST /orders/ORD-1001/reserve endpoint]
[pid=1468] - [2026-08-13 17:19:28,569] - [core.controllers.order_controller] - [INFO] - [Executing OrderController.reserve_order for: ORD-1001]
[pid=1468] - [2026-08-13 17:19:28,572] - [core.services.audit_service] - [INFO] - [Executing AuditService.log_mutation | Action: RESERVE_ORDER | Collection: orders]
[pid=1468] - [2026-08-13 17:19:28,573] - [core.controllers.order_controller] - [INFO] - [Order stock reserved successfully! Order ID: ORD-1001]
[pid=1468] - [2026-08-13 17:19:28,574] - [commons.auth] - [INFO] - [Executing get_current_user dependency]
[pid=1468] - [2026-08-13 17:19:28,574] - [core.apis.routes.order_router] - [INFO] - [Calling GET /orders/ORD-1001/picklist endpoint]
[pid=1468] - [2026-08-13 17:19:28,575] - [core.controllers.order_controller] - [INFO] - [Executing OrderController.get_picklist for: ORD-1001]
[pid=1468] - [2026-08-13 17:19:28,577] - [commons.auth] - [INFO] - [Executing get_current_user dependency]
[pid=1468] - [2026-08-13 17:19:28,578] - [core.apis.routes.order_router] - [INFO] - [Calling POST /orders/ORD-1001/pack endpoint]
[pid=1468] - [2026-08-13 17:19:28,578] - [core.controllers.order_controller] - [INFO] - [Executing OrderController.pack_order for: ORD-1001]
[pid=1468] - [2026-08-13 17:19:28,578] - [core.services.audit_service] - [INFO] - [Executing AuditService.log_mutation | Action: PACK_ORDER | Collection: orders]
[pid=1468] - [2026-08-13 17:19:28,578] - [core.controllers.order_controller] - [INFO] - [Order PACKED successfully: ORD-1001]
[pid=1468] - [2026-08-13 17:19:28,579] - [commons.auth] - [INFO] - [Executing get_current_user dependency]
[pid=1468] - [2026-08-13 17:19:28,579] - [core.apis.routes.order_router] - [INFO] - [Calling POST /orders/ORD-1001/label endpoint]
[pid=1468] - [2026-08-13 17:19:28,579] - [core.controllers.order_controller] - [INFO] - [Executing OrderController.generate_label for: ORD-1001]
[pid=1468] - [2026-08-13 17:19:28,580] - [core.controllers.order_controller] - [INFO] - [Shipping label generated stub for order ORD-1001: 1Z999F612B1ABBA]
[pid=1468] - [2026-08-13 17:19:28,581] - [commons.auth] - [INFO] - [Executing get_current_user dependency]
[pid=1468] - [2026-08-13 17:19:28,581] - [core.apis.routes.order_router] - [INFO] - [Calling POST /orders/ORD-1001/ship endpoint]
[pid=1468] - [2026-08-13 17:19:28,581] - [core.controllers.order_controller] - [INFO] - [Executing OrderController.ship_order for: ORD-1001]
[pid=1468] - [2026-08-13 17:19:28,582] - [core.services.audit_service] - [INFO] - [Executing AuditService.log_mutation | Action: SHIP_ORDER | Collection: orders]
[pid=1468] - [2026-08-13 17:19:28,582] - [core.controllers.order_controller] - [INFO] - [Order SHIPPED successfully! Units converted to SOLD: ORD-1001]
[pid=1468] - [2026-08-13 17:19:28,596] - [commons.auth] - [INFO] - [Executing get_current_user dependency]
[pid=1468] - [2026-08-13 17:19:28,596] - [core.apis.routes.order_router] - [INFO] - [Calling POST /orders/ORD-PARALLEL/reserve endpoint]
[pid=1468] - [2026-08-13 17:19:28,596] - [core.controllers.order_controller] - [INFO] - [Executing OrderController.reserve_order for: ORD-PARALLEL]
[pid=1468] - [2026-08-13 17:19:28,598] - [core.services.audit_service] - [INFO] - [Executing AuditService.log_mutation | Action: RESERVE_ORDER | Collection: orders]
[pid=1468] - [2026-08-13 17:19:28,598] - [core.cruds.audit_crud] - [INFO] - [Executing CRUDAuditLog.create]
[pid=1468] - [2026-08-13 17:19:28,598] - [core.database.database] - [INFO] - [Executing MongoDatabase function]
[pid=1468] - [2026-08-13 17:19:28,598] - [core.cruds.audit_crud] - [ERROR] - [Error in CRUDAuditLog.create: Event loop is closed]
[pid=1468] - [2026-08-13 17:19:28,598] - [core.services.audit_service] - [ERROR] - [Error in AuditService.log_mutation: Event loop is closed]
[pid=1468] - [2026-08-13 17:19:28,598] - [core.controllers.order_controller] - [ERROR] - [Error in OrderController.reserve_order: Event loop is closed]
[pid=1468] - [2026-08-13 17:19:28,598] - [core.apis.routes.order_router] - [ERROR] - [Error in POST /orders/ORD-PARALLEL/reserve endpoint: 500: Internal Server Error]
[pid=1468] - [2026-08-13 17:19:28,610] - [commons.auth] - [INFO] - [Executing get_current_user dependency]
[pid=1468] - [2026-08-13 17:19:28,610] - [commons.auth] - [INFO] - [Executing require_roles dependency check]
[pid=1468] - [2026-08-13 17:19:28,611] - [core.apis.routes.report_router] - [INFO] - [Calling GET /reports/summary endpoint]
[pid=1468] - [2026-08-13 17:19:28,616] - [commons.auth] - [INFO] - [Executing get_current_user dependency]
[pid=1468] - [2026-08-13 17:19:28,616] - [commons.auth] - [INFO] - [Executing require_roles dependency check]
[pid=1468] - [2026-08-13 17:19:28,616] - [core.apis.routes.report_router] - [INFO] - [Calling GET /reports/stock endpoint]
[pid=1468] - [2026-08-13 17:19:28,622] - [commons.auth] - [INFO] - [Executing get_current_user dependency]
[pid=1468] - [2026-08-13 17:19:28,622] - [commons.auth] - [INFO] - [Executing require_roles dependency check]
[pid=1468] - [2026-08-13 17:19:28,622] - [core.apis.routes.report_router] - [INFO] - [Calling GET /reports/export endpoint | Type: stock | Format: csv]
[pid=1468] - [2026-08-13 17:19:28,627] - [core.utils.ticket_generator] - [INFO] - [Executing TicketGenerator.generate_ticket_id for WH: RNO]
[pid=1468] - [2026-08-13 17:19:28,627] - [core.utils.ticket_generator] - [INFO] - [Generated ticket ID: RNO-20260813-014]
[pid=20616] - [2026-08-13 17:20:00,885] - [core.config.settings] - [INFO] - [Executing get_settings function]
[pid=20616] - [2026-08-13 17:20:02,068] - [commons.auth] - [INFO] - [Executing get_current_user dependency]
[pid=20616] - [2026-08-13 17:20:02,068] - [core.apis.routes.voice_router] - [INFO] - [Calling POST /voice/transcribe endpoint]
[pid=20616] - [2026-08-13 17:20:02,068] - [core.controllers.voice_controller] - [INFO] - [Executing VoiceController.transcribe]
[pid=20616] - [2026-08-13 17:20:02,068] - [core.services.voice_service] - [INFO] - [Executing VoiceService.transcribe_audio]
[pid=20616] - [2026-08-13 17:20:02,070] - [commons.auth] - [INFO] - [Executing get_current_user dependency]
[pid=20616] - [2026-08-13 17:20:02,071] - [core.apis.routes.voice_router] - [INFO] - [Calling POST /voice/parse endpoint]
[pid=20616] - [2026-08-13 17:20:02,071] - [core.controllers.voice_controller] - [INFO] - [Executing VoiceController.parse_transcript for ticket: RNO-20260813-001]
[pid=20616] - [2026-08-13 17:20:02,072] - [core.services.voice_service] - [INFO] - [Executing VoiceService.parse_transcript]
[pid=20616] - [2026-08-13 17:20:02,073] - [core.controllers.voice_controller] - [INFO] - [Voice draft saved successfully! Draft ID: draft123]
[pid=20616] - [2026-08-13 17:20:02,075] - [commons.auth] - [INFO] - [Executing get_current_user dependency]
[pid=20616] - [2026-08-13 17:20:02,075] - [core.apis.routes.voice_router] - [INFO] - [Calling POST /voice/drafts/draft123/confirm endpoint]
[pid=20616] - [2026-08-13 17:20:02,075] - [core.controllers.voice_controller] - [INFO] - [Executing VoiceController.confirm_draft for draft: draft123]
[pid=20616] - [2026-08-13 17:20:02,076] - [core.services.audit_service] - [INFO] - [Executing AuditService.__init__]
[pid=20616] - [2026-08-13 17:20:02,076] - [core.controllers.voice_controller] - [INFO] - [Voice draft confirmed and logged through Phase 2 pipeline! Draft ID: draft123]
[pid=20616] - [2026-08-13 17:20:02,083] - [commons.auth] - [INFO] - [Executing get_current_user dependency]
[pid=20616] - [2026-08-13 17:20:02,083] - [core.apis.routes.vision_router] - [INFO] - [Calling POST /vision/measure endpoint]
[pid=20616] - [2026-08-13 17:20:02,083] - [core.controllers.vision_controller] - [INFO] - [Executing VisionController.measure_package]
[pid=20616] - [2026-08-13 17:20:02,090] - [commons.auth] - [INFO] - [Executing get_current_user dependency]
[pid=20616] - [2026-08-13 17:20:02,091] - [core.apis.routes.query_router] - [INFO] - [Calling POST /query endpoint]
[pid=20616] - [2026-08-13 17:20:02,091] - [core.controllers.nl_query_controller] - [INFO] - [Executing NLQueryController.execute_query]
[pid=20616] - [2026-08-13 17:20:02,096] - [commons.auth] - [INFO] - [Executing get_current_user dependency]
[pid=20616] - [2026-08-13 17:20:02,097] - [commons.auth] - [INFO] - [Executing require_roles dependency check]
[pid=20616] - [2026-08-13 17:20:02,098] - [core.apis.routes.api_key_router] - [INFO] - [Calling POST /api-keys endpoint]
[pid=20616] - [2026-08-13 17:20:02,098] - [core.controllers.api_key_controller] - [INFO] - [Executing ApiKeyController.create_key]
[pid=20616] - [2026-08-13 17:20:02,098] - [core.controllers.api_key_controller] - [INFO] - [API key created successfully! Name: Morning Check Script | Prefix: wms_live_495]
[pid=20616] - [2026-08-13 17:20:02,099] - [commons.auth] - [INFO] - [Executing get_current_user dependency]
[pid=20616] - [2026-08-13 17:20:02,100] - [commons.auth] - [INFO] - [Executing require_roles dependency check]
[pid=20616] - [2026-08-13 17:20:02,100] - [core.apis.routes.api_key_router] - [INFO] - [Calling GET /api-keys endpoint]
[pid=20616] - [2026-08-13 17:20:02,100] - [core.controllers.api_key_controller] - [INFO] - [Executing ApiKeyController.list_keys]
[pid=20616] - [2026-08-13 17:20:02,101] - [commons.auth] - [INFO] - [Executing get_current_user dependency]
[pid=20616] - [2026-08-13 17:20:02,101] - [commons.auth] - [INFO] - [Executing require_roles dependency check]
[pid=20616] - [2026-08-13 17:20:02,101] - [core.apis.routes.api_key_router] - [INFO] - [Calling DELETE /api-keys/key123 endpoint]
[pid=20616] - [2026-08-13 17:20:02,101] - [core.controllers.api_key_controller] - [INFO] - [Executing ApiKeyController.revoke_key: key123]
[pid=20616] - [2026-08-13 17:20:02,101] - [core.controllers.api_key_controller] - [INFO] - [API key revoked successfully: key123]
[pid=20616] - [2026-08-13 17:20:02,107] - [commons.auth] - [INFO] - [Executing get_current_user dependency]
[pid=20616] - [2026-08-13 17:20:02,107] - [core.apis.routes.query_router] - [INFO] - [Calling POST /query endpoint]
[pid=20616] - [2026-08-13 17:20:02,107] - [core.controllers.nl_query_controller] - [INFO] - [Executing NLQueryController.execute_query]
[pid=20616] - [2026-08-13 17:20:02,107] - [core.controllers.nl_query_controller] - [WARNING] - [NL query rejected outside allow-list: Query does not match any allow-listed template]
[pid=20616] - [2026-08-13 17:20:02,107] - [core.apis.routes.query_router] - [ERROR] - [Error in POST /query endpoint: 400: Query does not match any allow-listed template]
[pid=20616] - [2026-08-13 17:20:02,111] - [commons.auth] - [INFO] - [Executing get_current_user dependency]
[pid=20616] - [2026-08-13 17:20:02,112] - [commons.auth] - [WARNING] - [Missing authentication token in request]
[pid=20616] - [2026-08-13 17:20:02,115] - [commons.auth] - [INFO] - [Executing hash_password function]
[pid=20616] - [2026-08-13 17:20:02,394] - [core.apis.routes.auth_router] - [INFO] - [Calling POST /auth/login endpoint]
[pid=20616] - [2026-08-13 17:20:02,394] - [core.controllers.auth_controller] - [INFO] - [Executing AuthController.login]
[pid=20616] - [2026-08-13 17:20:02,394] - [core.cruds.user_crud] - [INFO] - [Executing CRUDUser.get_by_email for: owner@whitfield.com]
[pid=20616] - [2026-08-13 17:20:02,395] - [commons.auth] - [INFO] - [Executing verify_password function]
[pid=20616] - [2026-08-13 17:20:02,665] - [commons.auth] - [INFO] - [Executing create_access_token function]
[pid=20616] - [2026-08-13 17:20:02,666] - [commons.auth] - [INFO] - [Executing create_refresh_token function]
[pid=20616] - [2026-08-13 17:20:02,666] - [core.controllers.auth_controller] - [INFO] - [User login successful: owner@whitfield.com (OWNER)]
[pid=20616] - [2026-08-13 17:20:02,670] - [commons.auth] - [INFO] - [Executing hash_password function]
[pid=20616] - [2026-08-13 17:20:02,946] - [core.apis.routes.auth_router] - [INFO] - [Calling POST /auth/login endpoint]
[pid=20616] - [2026-08-13 17:20:02,946] - [core.controllers.auth_controller] - [INFO] - [Executing AuthController.login]
[pid=20616] - [2026-08-13 17:20:02,946] - [core.cruds.user_crud] - [INFO] - [Executing CRUDUser.get_by_email for: owner@whitfield.com]
[pid=20616] - [2026-08-13 17:20:02,947] - [commons.auth] - [INFO] - [Executing verify_password function]
[pid=20616] - [2026-08-13 17:20:03,221] - [core.controllers.auth_controller] - [WARNING] - [Login failed: invalid password for user (owner@whitfield.com)]
[pid=20616] - [2026-08-13 17:20:03,221] - [core.apis.routes.auth_router] - [ERROR] - [Error in POST /auth/login endpoint: 401: Invalid email or password]
[pid=20616] - [2026-08-13 17:20:03,229] - [commons.auth] - [INFO] - [Executing get_current_user dependency]
[pid=20616] - [2026-08-13 17:20:03,229] - [commons.auth] - [INFO] - [Executing require_roles dependency check]
[pid=20616] - [2026-08-13 17:20:03,231] - [core.apis.routes.warehouse_router] - [INFO] - [Calling POST /warehouses endpoint]
[pid=20616] - [2026-08-13 17:20:03,231] - [core.controllers.warehouse_controller] - [INFO] - [Executing WarehouseController.create_warehouse]
[pid=20616] - [2026-08-13 17:20:03,231] - [core.services.audit_service] - [INFO] - [Executing AuditService.log_mutation | Action: CREATE | Collection: warehouses]
[pid=20616] - [2026-08-13 17:20:03,232] - [core.controllers.warehouse_controller] - [INFO] - [Warehouse created successfully: RNO]
[pid=20616] - [2026-08-13 17:20:03,240] - [commons.auth] - [INFO] - [Executing get_current_user dependency]
[pid=20616] - [2026-08-13 17:20:03,240] - [commons.auth] - [INFO] - [Executing require_roles dependency check]
[pid=20616] - [2026-08-13 17:20:03,243] - [core.apis.routes.user_router] - [INFO] - [Calling POST /users/managers endpoint]
[pid=20616] - [2026-08-13 17:20:03,244] - [core.controllers.user_controller] - [INFO] - [Executing UserController.create_manager]
[pid=20616] - [2026-08-13 17:20:03,244] - [commons.auth] - [INFO] - [Executing hash_password function]
[pid=20616] - [2026-08-13 17:20:03,511] - [core.services.audit_service] - [INFO] - [Executing AuditService.log_mutation | Action: CREATE | Collection: users]
[pid=20616] - [2026-08-13 17:20:03,511] - [core.controllers.user_controller] - [INFO] - [Manager user created successfully: manager.rno@whitfield.com]
[pid=20616] - [2026-08-13 17:20:03,517] - [commons.auth] - [INFO] - [Executing get_current_user dependency]
[pid=20616] - [2026-08-13 17:20:03,517] - [commons.auth] - [INFO] - [Executing require_roles dependency check]
[pid=20616] - [2026-08-13 17:20:03,520] - [core.apis.routes.user_router] - [INFO] - [Calling POST /users/staff endpoint]
[pid=20616] - [2026-08-13 17:20:03,520] - [core.controllers.user_controller] - [INFO] - [Executing UserController.create_staff]
[pid=20616] - [2026-08-13 17:20:03,520] - [commons.auth] - [INFO] - [Executing hash_password function]
[pid=20616] - [2026-08-13 17:20:03,792] - [core.services.audit_service] - [INFO] - [Executing AuditService.log_mutation | Action: CREATE | Collection: users]
[pid=20616] - [2026-08-13 17:20:03,792] - [core.controllers.user_controller] - [INFO] - [Staff user created successfully: staff.rookie@whitfield.com for WH: 607f1f77bcf86cd799439022]
[pid=20616] - [2026-08-13 17:20:03,798] - [commons.auth] - [INFO] - [Executing get_current_user dependency]
[pid=20616] - [2026-08-13 17:20:03,799] - [commons.auth] - [INFO] - [Executing require_roles dependency check]
[pid=20616] - [2026-08-13 17:20:03,799] - [commons.auth] - [WARNING] - [User staff.rookie@whitfield.com with role STAFF denied access. Required: ['OWNER']]
[pid=20616] - [2026-08-13 17:20:03,804] - [commons.auth] - [INFO] - [Executing get_current_user dependency]
[pid=20616] - [2026-08-13 17:20:03,804] - [commons.auth] - [INFO] - [Executing require_roles dependency check]
[pid=20616] - [2026-08-13 17:20:03,805] - [core.apis.routes.audit_router] - [INFO] - [Calling GET /audit endpoint]
[pid=20616] - [2026-08-13 17:20:03,805] - [core.controllers.audit_controller] - [INFO] - [Executing AuditController.get_audit_logs]
[pid=20616] - [2026-08-13 17:20:03,811] - [commons.auth] - [INFO] - [Executing get_current_user dependency]
[pid=20616] - [2026-08-13 17:20:03,811] - [commons.auth] - [INFO] - [Executing require_roles dependency check]
[pid=20616] - [2026-08-13 17:20:03,811] - [commons.auth] - [WARNING] - [User None with role STAFF denied access. Required: ['OWNER']]
[pid=20616] - [2026-08-13 17:20:03,812] - [commons.auth] - [INFO] - [Executing get_current_user dependency]
[pid=20616] - [2026-08-13 17:20:03,813] - [commons.auth] - [INFO] - [Executing require_roles dependency check]
[pid=20616] - [2026-08-13 17:20:03,813] - [commons.auth] - [WARNING] - [User None with role MANAGER denied access. Required: ['OWNER']]
[pid=20616] - [2026-08-13 17:20:03,831] - [commons.auth] - [INFO] - [Executing get_current_user dependency]
[pid=20616] - [2026-08-13 17:20:03,832] - [commons.auth] - [INFO] - [Executing require_roles dependency check]
[pid=20616] - [2026-08-13 17:20:03,832] - [core.apis.routes.warehouse_router] - [INFO] - [Calling POST /warehouses endpoint]
[pid=20616] - [2026-08-13 17:20:03,832] - [core.controllers.warehouse_controller] - [INFO] - [Executing WarehouseController.create_warehouse]
[pid=20616] - [2026-08-13 17:20:03,833] - [core.controllers.warehouse_controller] - [INFO] - [Warehouse created successfully: RNO]
[pid=20616] - [2026-08-13 17:20:03,833] - [core.apis.routes.warehouse_router] - [ERROR] - [Error in POST /warehouses endpoint: 2 validation errors for WarehouseResponse
is_active
  Field required [type=missing, input_value={'id': 'wh1', 'code': 'RN...name': 'Reno Warehouse'}, input_type=dict]
    For further information visit https://errors.pydantic.dev/2.9/v/missing
created_at
  Field required [type=missing, input_value={'id': 'wh1', 'code': 'RN...name': 'Reno Warehouse'}, input_type=dict]
    For further information visit https://errors.pydantic.dev/2.9/v/missing]
[pid=20616] - [2026-08-13 17:20:04,016] - [core.apis.routes.health_router] - [INFO] - [Calling GET /health endpoint]
[pid=20616] - [2026-08-13 17:20:04,016] - [core.controllers.health_controller] - [INFO] - [Executing HealthController.get_health]
[pid=20616] - [2026-08-13 17:20:04,017] - [core.database.database] - [INFO] - [Executing ping function]
[pid=20616] - [2026-08-13 17:20:04,017] - [core.database.database] - [INFO] - [Executing MongoDatabase function]
[pid=20616] - [2026-08-13 17:20:04,017] - [core.database.database] - [INFO] - [Executing _MongoClientSingleton.__new__ | DB: wms]
[pid=20616] - [2026-08-13 17:20:04,024] - [core.database.database] - [INFO] - [MongoDB singleton initialized successfully | URI: mongodb://localhost:27017/?replicaSet=rs0&directConnection=true]
[pid=20616] - [2026-08-13 17:20:04,052] - [core.database.database] - [INFO] - [MongoDB ping successful]
[pid=20616] - [2026-08-13 17:20:04,060] - [commons.auth] - [INFO] - [Executing get_current_user dependency]
[pid=20616] - [2026-08-13 17:20:04,062] - [core.apis.routes.arrival_router] - [INFO] - [Calling POST /arrivals endpoint]
[pid=20616] - [2026-08-13 17:20:04,062] - [core.controllers.arrival_controller] - [INFO] - [Executing ArrivalController.process_arrival]
[pid=20616] - [2026-08-13 17:20:04,062] - [core.services.audit_service] - [INFO] - [Executing AuditService.log_mutation | Action: ARRIVE | Collection: tickets]
[pid=20616] - [2026-08-13 17:20:04,062] - [core.controllers.arrival_controller] - [INFO] - [Arrival processed successfully! Generated Ticket ID: RNO-20260813-001]
[pid=20616] - [2026-08-13 17:20:04,064] - [commons.auth] - [INFO] - [Executing get_current_user dependency]
[pid=20616] - [2026-08-13 17:20:04,067] - [core.apis.routes.ticket_router] - [INFO] - [Calling POST /tickets/RNO-20260813-001/items endpoint]
[pid=20616] - [2026-08-13 17:20:04,067] - [core.controllers.ticket_controller] - [INFO] - [Executing TicketController.log_item_scan for ticket: RNO-20260813-001]
[pid=20616] - [2026-08-13 17:20:04,067] - [core.services.audit_service] - [INFO] - [Executing AuditService.log_mutation | Action: SCAN_ITEM | Collection: items]
[pid=20616] - [2026-08-13 17:20:04,067] - [core.controllers.ticket_controller] - [INFO] - [Item scanned and logged successfully! Unit Seq: 1 under Ticket: RNO-20260813-001]
[pid=20616] - [2026-08-13 17:20:04,068] - [commons.auth] - [INFO] - [Executing get_current_user dependency]
[pid=20616] - [2026-08-13 17:20:04,069] - [core.apis.routes.ticket_router] - [INFO] - [Calling PUT /tickets/ticket123/submit-inspection endpoint]
[pid=20616] - [2026-08-13 17:20:04,069] - [core.controllers.ticket_controller] - [INFO] - [Executing TicketController.submit_inspection for: ticket123]
[pid=20616] - [2026-08-13 17:20:04,069] - [core.services.audit_service] - [INFO] - [Executing AuditService.log_mutation | Action: SUBMIT_INSPECTION | Collection: tickets]
[pid=20616] - [2026-08-13 17:20:04,069] - [core.controllers.ticket_controller] - [INFO] - [Ticket submitted for inspection approval: RNO-20260813-001]
[pid=20616] - [2026-08-13 17:20:04,070] - [commons.auth] - [INFO] - [Executing get_current_user dependency]
[pid=20616] - [2026-08-13 17:20:04,070] - [commons.auth] - [INFO] - [Executing require_roles dependency check]
[pid=20616] - [2026-08-13 17:20:04,071] - [core.apis.routes.ticket_router] - [INFO] - [Calling POST /tickets/ticket123/approve endpoint]
[pid=20616] - [2026-08-13 17:20:04,071] - [core.controllers.ticket_controller] - [INFO] - [Executing TicketController.approve_ticket: ticket123]
[pid=20616] - [2026-08-13 17:20:04,071] - [core.services.audit_service] - [INFO] - [Executing AuditService.log_mutation | Action: APPROVE_SHIPMENT | Collection: tickets]
[pid=20616] - [2026-08-13 17:20:04,071] - [core.controllers.ticket_controller] - [INFO] - [Ticket inspection APPROVED! Status: SHIPMENT_ARRIVED for Ticket: RNO-20260813-001]
[pid=20616] - [2026-08-13 17:20:04,073] - [commons.auth] - [INFO] - [Executing get_current_user dependency]
[pid=20616] - [2026-08-13 17:20:04,073] - [core.apis.routes.ticket_router] - [INFO] - [Calling POST /tickets/ticket123/store endpoint]
[pid=20616] - [2026-08-13 17:20:04,074] - [core.controllers.ticket_controller] - [INFO] - [Executing TicketController.store_ticket: ticket123 -> A-04-12]
[pid=20616] - [2026-08-13 17:20:04,074] - [core.services.audit_service] - [INFO] - [Executing AuditService.log_mutation | Action: STORE_TICKET | Collection: tickets]
[pid=20616] - [2026-08-13 17:20:04,074] - [core.controllers.ticket_controller] - [INFO] - [Ticket STORED successfully at location: A-04-12]
[pid=20616] - [2026-08-13 17:20:04,081] - [commons.auth] - [INFO] - [Executing get_current_user dependency]
[pid=20616] - [2026-08-13 17:20:04,081] - [core.apis.routes.arrival_router] - [INFO] - [Calling POST /arrivals endpoint]
[pid=20616] - [2026-08-13 17:20:04,082] - [core.controllers.arrival_controller] - [INFO] - [Executing ArrivalController.process_arrival]
[pid=20616] - [2026-08-13 17:20:04,082] - [core.services.audit_service] - [INFO] - [Executing AuditService.log_mutation | Action: ARRIVE | Collection: tickets]
[pid=20616] - [2026-08-13 17:20:04,082] - [core.controllers.arrival_controller] - [INFO] - [Arrival processed successfully! Generated Ticket ID: LAX-20260813-001]
[pid=20616] - [2026-08-13 17:20:04,088] - [commons.auth] - [INFO] - [Executing get_current_user dependency]
[pid=20616] - [2026-08-13 17:20:04,088] - [core.apis.routes.ticket_router] - [INFO] - [Calling POST /tickets/RNO-20260813-001/items endpoint]
[pid=20616] - [2026-08-13 17:20:04,088] - [core.controllers.ticket_controller] - [INFO] - [Executing TicketController.log_item_scan for ticket: RNO-20260813-001]
[pid=20616] - [2026-08-13 17:20:04,088] - [core.cruds.item_crud] - [INFO] - [Executing CRUDItem.get_next_unit_seq for ticket: RNO-20260813-001]
[pid=20616] - [2026-08-13 17:20:04,088] - [core.database.database] - [INFO] - [Executing MongoDatabase function]
[pid=20616] - [2026-08-13 17:20:04,088] - [core.cruds.item_crud] - [ERROR] - [Error in CRUDItem.get_next_unit_seq: Event loop is closed]
[pid=20616] - [2026-08-13 17:20:04,089] - [core.controllers.ticket_controller] - [ERROR] - [Error in TicketController.log_item_scan: Event loop is closed]
[pid=20616] - [2026-08-13 17:20:04,089] - [core.apis.routes.ticket_router] - [ERROR] - [Error in POST /tickets/RNO-20260813-001/items endpoint: 500: Internal Server Error]
[pid=20616] - [2026-08-13 17:20:04,100] - [commons.auth] - [INFO] - [Executing get_current_user dependency]
[pid=20616] - [2026-08-13 17:20:04,102] - [core.apis.routes.order_router] - [INFO] - [Calling POST /orders endpoint]
[pid=20616] - [2026-08-13 17:20:04,102] - [core.controllers.order_controller] - [INFO] - [Executing OrderController.create_order]
[pid=20616] - [2026-08-13 17:20:04,102] - [core.services.audit_service] - [INFO] - [Executing AuditService.log_mutation | Action: CREATE | Collection: orders]
[pid=20616] - [2026-08-13 17:20:04,102] - [core.controllers.order_controller] - [INFO] - [Customer order created successfully: ORD-1001]
[pid=20616] - [2026-08-13 17:20:04,105] - [commons.auth] - [INFO] - [Executing get_current_user dependency]
[pid=20616] - [2026-08-13 17:20:04,106] - [core.apis.routes.order_router] - [INFO] - [Calling POST /orders/ORD-1001/reserve endpoint]
[pid=20616] - [2026-08-13 17:20:04,106] - [core.controllers.order_controller] - [INFO] - [Executing OrderController.reserve_order for: ORD-1001]
[pid=20616] - [2026-08-13 17:20:04,107] - [core.services.audit_service] - [INFO] - [Executing AuditService.log_mutation | Action: RESERVE_ORDER | Collection: orders]
[pid=20616] - [2026-08-13 17:20:04,107] - [core.controllers.order_controller] - [INFO] - [Order stock reserved successfully! Order ID: ORD-1001]
[pid=20616] - [2026-08-13 17:20:04,109] - [commons.auth] - [INFO] - [Executing get_current_user dependency]
[pid=20616] - [2026-08-13 17:20:04,109] - [core.apis.routes.order_router] - [INFO] - [Calling GET /orders/ORD-1001/picklist endpoint]
[pid=20616] - [2026-08-13 17:20:04,109] - [core.controllers.order_controller] - [INFO] - [Executing OrderController.get_picklist for: ORD-1001]
[pid=20616] - [2026-08-13 17:20:04,111] - [commons.auth] - [INFO] - [Executing get_current_user dependency]
[pid=20616] - [2026-08-13 17:20:04,112] - [core.apis.routes.order_router] - [INFO] - [Calling POST /orders/ORD-1001/pack endpoint]
[pid=20616] - [2026-08-13 17:20:04,112] - [core.controllers.order_controller] - [INFO] - [Executing OrderController.pack_order for: ORD-1001]
[pid=20616] - [2026-08-13 17:20:04,112] - [core.services.audit_service] - [INFO] - [Executing AuditService.log_mutation | Action: PACK_ORDER | Collection: orders]
[pid=20616] - [2026-08-13 17:20:04,112] - [core.controllers.order_controller] - [INFO] - [Order PACKED successfully: ORD-1001]
[pid=20616] - [2026-08-13 17:20:04,113] - [commons.auth] - [INFO] - [Executing get_current_user dependency]
[pid=20616] - [2026-08-13 17:20:04,113] - [core.apis.routes.order_router] - [INFO] - [Calling POST /orders/ORD-1001/label endpoint]
[pid=20616] - [2026-08-13 17:20:04,113] - [core.controllers.order_controller] - [INFO] - [Executing OrderController.generate_label for: ORD-1001]
[pid=20616] - [2026-08-13 17:20:04,114] - [core.controllers.order_controller] - [INFO] - [Shipping label generated stub for order ORD-1001: 1Z9999E83E95501]
[pid=20616] - [2026-08-13 17:20:04,115] - [commons.auth] - [INFO] - [Executing get_current_user dependency]
[pid=20616] - [2026-08-13 17:20:04,116] - [core.apis.routes.order_router] - [INFO] - [Calling POST /orders/ORD-1001/ship endpoint]
[pid=20616] - [2026-08-13 17:20:04,116] - [core.controllers.order_controller] - [INFO] - [Executing OrderController.ship_order for: ORD-1001]
[pid=20616] - [2026-08-13 17:20:04,116] - [core.services.audit_service] - [INFO] - [Executing AuditService.log_mutation | Action: SHIP_ORDER | Collection: orders]
[pid=20616] - [2026-08-13 17:20:04,116] - [core.controllers.order_controller] - [INFO] - [Order SHIPPED successfully! Units converted to SOLD: ORD-1001]
[pid=20616] - [2026-08-13 17:20:04,130] - [commons.auth] - [INFO] - [Executing get_current_user dependency]
[pid=20616] - [2026-08-13 17:20:04,130] - [core.apis.routes.order_router] - [INFO] - [Calling POST /orders/ORD-PARALLEL/reserve endpoint]
[pid=20616] - [2026-08-13 17:20:04,130] - [core.controllers.order_controller] - [INFO] - [Executing OrderController.reserve_order for: ORD-PARALLEL]
[pid=20616] - [2026-08-13 17:20:04,132] - [core.controllers.order_controller] - [INFO] - [Order stock reserved successfully! Order ID: ORD-PARALLEL]
[pid=20616] - [2026-08-13 17:20:04,132] - [core.apis.routes.order_router] - [ERROR] - [Error in POST /orders/ORD-PARALLEL/reserve endpoint: 1 validation error for OrderResponse
created_at
  Field required [type=missing, input_value={'id': 'ord_123', 'order_...], 'status': 'RESERVED'}, input_type=dict]
    For further information visit https://errors.pydantic.dev/2.9/v/missing]
[pid=20616] - [2026-08-13 17:20:04,146] - [commons.auth] - [INFO] - [Executing get_current_user dependency]
[pid=20616] - [2026-08-13 17:20:04,146] - [commons.auth] - [INFO] - [Executing require_roles dependency check]
[pid=20616] - [2026-08-13 17:20:04,146] - [core.apis.routes.report_router] - [INFO] - [Calling GET /reports/summary endpoint]
[pid=20616] - [2026-08-13 17:20:04,151] - [commons.auth] - [INFO] - [Executing get_current_user dependency]
[pid=20616] - [2026-08-13 17:20:04,151] - [commons.auth] - [INFO] - [Executing require_roles dependency check]
[pid=20616] - [2026-08-13 17:20:04,151] - [core.apis.routes.report_router] - [INFO] - [Calling GET /reports/stock endpoint]
[pid=20616] - [2026-08-13 17:20:04,156] - [commons.auth] - [INFO] - [Executing get_current_user dependency]
[pid=20616] - [2026-08-13 17:20:04,156] - [commons.auth] - [INFO] - [Executing require_roles dependency check]
[pid=20616] - [2026-08-13 17:20:04,157] - [core.apis.routes.report_router] - [INFO] - [Calling GET /reports/export endpoint | Type: stock | Format: csv]
[pid=20616] - [2026-08-13 17:20:04,161] - [core.utils.ticket_generator] - [INFO] - [Executing TicketGenerator.generate_ticket_id for WH: RNO]
[pid=20616] - [2026-08-13 17:20:04,161] - [core.utils.ticket_generator] - [INFO] - [Generated ticket ID: RNO-20260813-014]
[pid=9004] - [2026-08-13 17:20:28,538] - [core.config.settings] - [INFO] - [Executing get_settings function]
[pid=9004] - [2026-08-13 17:20:29,706] - [commons.auth] - [INFO] - [Executing get_current_user dependency]
[pid=9004] - [2026-08-13 17:20:29,707] - [core.apis.routes.voice_router] - [INFO] - [Calling POST /voice/transcribe endpoint]
[pid=9004] - [2026-08-13 17:20:29,707] - [core.controllers.voice_controller] - [INFO] - [Executing VoiceController.transcribe]
[pid=9004] - [2026-08-13 17:20:29,707] - [core.services.voice_service] - [INFO] - [Executing VoiceService.transcribe_audio]
[pid=9004] - [2026-08-13 17:20:29,709] - [commons.auth] - [INFO] - [Executing get_current_user dependency]
[pid=9004] - [2026-08-13 17:20:29,710] - [core.apis.routes.voice_router] - [INFO] - [Calling POST /voice/parse endpoint]
[pid=9004] - [2026-08-13 17:20:29,710] - [core.controllers.voice_controller] - [INFO] - [Executing VoiceController.parse_transcript for ticket: RNO-20260813-001]
[pid=9004] - [2026-08-13 17:20:29,710] - [core.services.voice_service] - [INFO] - [Executing VoiceService.parse_transcript]
[pid=9004] - [2026-08-13 17:20:29,711] - [core.controllers.voice_controller] - [INFO] - [Voice draft saved successfully! Draft ID: draft123]
[pid=9004] - [2026-08-13 17:20:29,712] - [commons.auth] - [INFO] - [Executing get_current_user dependency]
[pid=9004] - [2026-08-13 17:20:29,713] - [core.apis.routes.voice_router] - [INFO] - [Calling POST /voice/drafts/draft123/confirm endpoint]
[pid=9004] - [2026-08-13 17:20:29,713] - [core.controllers.voice_controller] - [INFO] - [Executing VoiceController.confirm_draft for draft: draft123]
[pid=9004] - [2026-08-13 17:20:29,713] - [core.services.audit_service] - [INFO] - [Executing AuditService.__init__]
[pid=9004] - [2026-08-13 17:20:29,713] - [core.controllers.voice_controller] - [INFO] - [Voice draft confirmed and logged through Phase 2 pipeline! Draft ID: draft123]
[pid=9004] - [2026-08-13 17:20:29,720] - [commons.auth] - [INFO] - [Executing get_current_user dependency]
[pid=9004] - [2026-08-13 17:20:29,721] - [core.apis.routes.vision_router] - [INFO] - [Calling POST /vision/measure endpoint]
[pid=9004] - [2026-08-13 17:20:29,721] - [core.controllers.vision_controller] - [INFO] - [Executing VisionController.measure_package]
[pid=9004] - [2026-08-13 17:20:29,726] - [commons.auth] - [INFO] - [Executing get_current_user dependency]
[pid=9004] - [2026-08-13 17:20:29,727] - [core.apis.routes.query_router] - [INFO] - [Calling POST /query endpoint]
[pid=9004] - [2026-08-13 17:20:29,727] - [core.controllers.nl_query_controller] - [INFO] - [Executing NLQueryController.execute_query]
[pid=9004] - [2026-08-13 17:20:29,733] - [commons.auth] - [INFO] - [Executing get_current_user dependency]
[pid=9004] - [2026-08-13 17:20:29,733] - [commons.auth] - [INFO] - [Executing require_roles dependency check]
[pid=9004] - [2026-08-13 17:20:29,734] - [core.apis.routes.api_key_router] - [INFO] - [Calling POST /api-keys endpoint]
[pid=9004] - [2026-08-13 17:20:29,734] - [core.controllers.api_key_controller] - [INFO] - [Executing ApiKeyController.create_key]
[pid=9004] - [2026-08-13 17:20:29,735] - [core.controllers.api_key_controller] - [INFO] - [API key created successfully! Name: Morning Check Script | Prefix: wms_live_955]
[pid=9004] - [2026-08-13 17:20:29,736] - [commons.auth] - [INFO] - [Executing get_current_user dependency]
[pid=9004] - [2026-08-13 17:20:29,736] - [commons.auth] - [INFO] - [Executing require_roles dependency check]
[pid=9004] - [2026-08-13 17:20:29,736] - [core.apis.routes.api_key_router] - [INFO] - [Calling GET /api-keys endpoint]
[pid=9004] - [2026-08-13 17:20:29,736] - [core.controllers.api_key_controller] - [INFO] - [Executing ApiKeyController.list_keys]
[pid=9004] - [2026-08-13 17:20:29,737] - [commons.auth] - [INFO] - [Executing get_current_user dependency]
[pid=9004] - [2026-08-13 17:20:29,737] - [commons.auth] - [INFO] - [Executing require_roles dependency check]
[pid=9004] - [2026-08-13 17:20:29,737] - [core.apis.routes.api_key_router] - [INFO] - [Calling DELETE /api-keys/key123 endpoint]
[pid=9004] - [2026-08-13 17:20:29,737] - [core.controllers.api_key_controller] - [INFO] - [Executing ApiKeyController.revoke_key: key123]
[pid=9004] - [2026-08-13 17:20:29,737] - [core.controllers.api_key_controller] - [INFO] - [API key revoked successfully: key123]
[pid=9004] - [2026-08-13 17:20:29,743] - [commons.auth] - [INFO] - [Executing get_current_user dependency]
[pid=9004] - [2026-08-13 17:20:29,743] - [core.apis.routes.query_router] - [INFO] - [Calling POST /query endpoint]
[pid=9004] - [2026-08-13 17:20:29,743] - [core.controllers.nl_query_controller] - [INFO] - [Executing NLQueryController.execute_query]
[pid=9004] - [2026-08-13 17:20:29,744] - [core.controllers.nl_query_controller] - [WARNING] - [NL query rejected outside allow-list: Query does not match any allow-listed template]
[pid=9004] - [2026-08-13 17:20:29,744] - [core.apis.routes.query_router] - [ERROR] - [Error in POST /query endpoint: 400: Query does not match any allow-listed template]
[pid=9004] - [2026-08-13 17:20:29,748] - [commons.auth] - [INFO] - [Executing get_current_user dependency]
[pid=9004] - [2026-08-13 17:20:29,748] - [commons.auth] - [WARNING] - [Missing authentication token in request]
[pid=9004] - [2026-08-13 17:20:29,752] - [commons.auth] - [INFO] - [Executing hash_password function]
[pid=9004] - [2026-08-13 17:20:30,038] - [core.apis.routes.auth_router] - [INFO] - [Calling POST /auth/login endpoint]
[pid=9004] - [2026-08-13 17:20:30,038] - [core.controllers.auth_controller] - [INFO] - [Executing AuthController.login]
[pid=9004] - [2026-08-13 17:20:30,039] - [core.cruds.user_crud] - [INFO] - [Executing CRUDUser.get_by_email for: owner@whitfield.com]
[pid=9004] - [2026-08-13 17:20:30,039] - [commons.auth] - [INFO] - [Executing verify_password function]
[pid=9004] - [2026-08-13 17:20:30,319] - [commons.auth] - [INFO] - [Executing create_access_token function]
[pid=9004] - [2026-08-13 17:20:30,319] - [commons.auth] - [INFO] - [Executing create_refresh_token function]
[pid=9004] - [2026-08-13 17:20:30,320] - [core.controllers.auth_controller] - [INFO] - [User login successful: owner@whitfield.com (OWNER)]
[pid=9004] - [2026-08-13 17:20:30,324] - [commons.auth] - [INFO] - [Executing hash_password function]
[pid=9004] - [2026-08-13 17:20:30,603] - [core.apis.routes.auth_router] - [INFO] - [Calling POST /auth/login endpoint]
[pid=9004] - [2026-08-13 17:20:30,603] - [core.controllers.auth_controller] - [INFO] - [Executing AuthController.login]
[pid=9004] - [2026-08-13 17:20:30,603] - [core.cruds.user_crud] - [INFO] - [Executing CRUDUser.get_by_email for: owner@whitfield.com]
[pid=9004] - [2026-08-13 17:20:30,604] - [commons.auth] - [INFO] - [Executing verify_password function]
[pid=9004] - [2026-08-13 17:20:30,907] - [core.controllers.auth_controller] - [WARNING] - [Login failed: invalid password for user (owner@whitfield.com)]
[pid=9004] - [2026-08-13 17:20:30,907] - [core.apis.routes.auth_router] - [ERROR] - [Error in POST /auth/login endpoint: 401: Invalid email or password]
[pid=9004] - [2026-08-13 17:20:30,914] - [commons.auth] - [INFO] - [Executing get_current_user dependency]
[pid=9004] - [2026-08-13 17:20:30,915] - [commons.auth] - [INFO] - [Executing require_roles dependency check]
[pid=9004] - [2026-08-13 17:20:30,917] - [core.apis.routes.warehouse_router] - [INFO] - [Calling POST /warehouses endpoint]
[pid=9004] - [2026-08-13 17:20:30,917] - [core.controllers.warehouse_controller] - [INFO] - [Executing WarehouseController.create_warehouse]
[pid=9004] - [2026-08-13 17:20:30,917] - [core.services.audit_service] - [INFO] - [Executing AuditService.log_mutation | Action: CREATE | Collection: warehouses]
[pid=9004] - [2026-08-13 17:20:30,917] - [core.controllers.warehouse_controller] - [INFO] - [Warehouse created successfully: RNO]
[pid=9004] - [2026-08-13 17:20:30,924] - [commons.auth] - [INFO] - [Executing get_current_user dependency]
[pid=9004] - [2026-08-13 17:20:30,924] - [commons.auth] - [INFO] - [Executing require_roles dependency check]
[pid=9004] - [2026-08-13 17:20:30,927] - [core.apis.routes.user_router] - [INFO] - [Calling POST /users/managers endpoint]
[pid=9004] - [2026-08-13 17:20:30,927] - [core.controllers.user_controller] - [INFO] - [Executing UserController.create_manager]
[pid=9004] - [2026-08-13 17:20:30,927] - [commons.auth] - [INFO] - [Executing hash_password function]
[pid=9004] - [2026-08-13 17:20:31,196] - [core.services.audit_service] - [INFO] - [Executing AuditService.log_mutation | Action: CREATE | Collection: users]
[pid=9004] - [2026-08-13 17:20:31,196] - [core.controllers.user_controller] - [INFO] - [Manager user created successfully: manager.rno@whitfield.com]
[pid=9004] - [2026-08-13 17:20:31,202] - [commons.auth] - [INFO] - [Executing get_current_user dependency]
[pid=9004] - [2026-08-13 17:20:31,203] - [commons.auth] - [INFO] - [Executing require_roles dependency check]
[pid=9004] - [2026-08-13 17:20:31,206] - [core.apis.routes.user_router] - [INFO] - [Calling POST /users/staff endpoint]
[pid=9004] - [2026-08-13 17:20:31,206] - [core.controllers.user_controller] - [INFO] - [Executing UserController.create_staff]
[pid=9004] - [2026-08-13 17:20:31,206] - [commons.auth] - [INFO] - [Executing hash_password function]
[pid=9004] - [2026-08-13 17:20:31,478] - [core.services.audit_service] - [INFO] - [Executing AuditService.log_mutation | Action: CREATE | Collection: users]
[pid=9004] - [2026-08-13 17:20:31,479] - [core.controllers.user_controller] - [INFO] - [Staff user created successfully: staff.rookie@whitfield.com for WH: 607f1f77bcf86cd799439022]
[pid=9004] - [2026-08-13 17:20:31,485] - [commons.auth] - [INFO] - [Executing get_current_user dependency]
[pid=9004] - [2026-08-13 17:20:31,485] - [commons.auth] - [INFO] - [Executing require_roles dependency check]
[pid=9004] - [2026-08-13 17:20:31,485] - [commons.auth] - [WARNING] - [User staff.rookie@whitfield.com with role STAFF denied access. Required: ['OWNER']]
[pid=9004] - [2026-08-13 17:20:31,490] - [commons.auth] - [INFO] - [Executing get_current_user dependency]
[pid=9004] - [2026-08-13 17:20:31,490] - [commons.auth] - [INFO] - [Executing require_roles dependency check]
[pid=9004] - [2026-08-13 17:20:31,491] - [core.apis.routes.audit_router] - [INFO] - [Calling GET /audit endpoint]
[pid=9004] - [2026-08-13 17:20:31,491] - [core.controllers.audit_controller] - [INFO] - [Executing AuditController.get_audit_logs]
[pid=9004] - [2026-08-13 17:20:31,496] - [commons.auth] - [INFO] - [Executing get_current_user dependency]
[pid=9004] - [2026-08-13 17:20:31,497] - [commons.auth] - [INFO] - [Executing require_roles dependency check]
[pid=9004] - [2026-08-13 17:20:31,497] - [commons.auth] - [WARNING] - [User None with role STAFF denied access. Required: ['OWNER']]
[pid=9004] - [2026-08-13 17:20:31,499] - [commons.auth] - [INFO] - [Executing get_current_user dependency]
[pid=9004] - [2026-08-13 17:20:31,499] - [commons.auth] - [INFO] - [Executing require_roles dependency check]
[pid=9004] - [2026-08-13 17:20:31,499] - [commons.auth] - [WARNING] - [User None with role MANAGER denied access. Required: ['OWNER']]
[pid=9004] - [2026-08-13 17:20:31,506] - [commons.auth] - [INFO] - [Executing get_current_user dependency]
[pid=9004] - [2026-08-13 17:20:31,506] - [commons.auth] - [INFO] - [Executing require_roles dependency check]
[pid=9004] - [2026-08-13 17:20:31,506] - [core.apis.routes.warehouse_router] - [INFO] - [Calling POST /warehouses endpoint]
[pid=9004] - [2026-08-13 17:20:31,507] - [core.controllers.warehouse_controller] - [INFO] - [Executing WarehouseController.create_warehouse]
[pid=9004] - [2026-08-13 17:20:31,507] - [core.controllers.warehouse_controller] - [INFO] - [Warehouse created successfully: RNO]
[pid=9004] - [2026-08-13 17:20:31,516] - [core.apis.routes.health_router] - [INFO] - [Calling GET /health endpoint]
[pid=9004] - [2026-08-13 17:20:31,516] - [core.controllers.health_controller] - [INFO] - [Executing HealthController.get_health]
[pid=9004] - [2026-08-13 17:20:31,516] - [core.database.database] - [INFO] - [Executing ping function]
[pid=9004] - [2026-08-13 17:20:31,516] - [core.database.database] - [INFO] - [Executing MongoDatabase function]
[pid=9004] - [2026-08-13 17:20:31,516] - [core.database.database] - [INFO] - [Executing _MongoClientSingleton.__new__ | DB: wms]
[pid=9004] - [2026-08-13 17:20:31,524] - [core.database.database] - [INFO] - [MongoDB singleton initialized successfully | URI: mongodb://localhost:27017/?replicaSet=rs0&directConnection=true]
[pid=9004] - [2026-08-13 17:20:31,551] - [core.database.database] - [INFO] - [MongoDB ping successful]
[pid=9004] - [2026-08-13 17:20:31,559] - [commons.auth] - [INFO] - [Executing get_current_user dependency]
[pid=9004] - [2026-08-13 17:20:31,561] - [core.apis.routes.arrival_router] - [INFO] - [Calling POST /arrivals endpoint]
[pid=9004] - [2026-08-13 17:20:31,561] - [core.controllers.arrival_controller] - [INFO] - [Executing ArrivalController.process_arrival]
[pid=9004] - [2026-08-13 17:20:31,561] - [core.services.audit_service] - [INFO] - [Executing AuditService.log_mutation | Action: ARRIVE | Collection: tickets]
[pid=9004] - [2026-08-13 17:20:31,561] - [core.controllers.arrival_controller] - [INFO] - [Arrival processed successfully! Generated Ticket ID: RNO-20260813-001]
[pid=9004] - [2026-08-13 17:20:31,563] - [commons.auth] - [INFO] - [Executing get_current_user dependency]
[pid=9004] - [2026-08-13 17:20:31,565] - [core.apis.routes.ticket_router] - [INFO] - [Calling POST /tickets/RNO-20260813-001/items endpoint]
[pid=9004] - [2026-08-13 17:20:31,565] - [core.controllers.ticket_controller] - [INFO] - [Executing TicketController.log_item_scan for ticket: RNO-20260813-001]
[pid=9004] - [2026-08-13 17:20:31,565] - [core.services.audit_service] - [INFO] - [Executing AuditService.log_mutation | Action: SCAN_ITEM | Collection: items]
[pid=9004] - [2026-08-13 17:20:31,565] - [core.controllers.ticket_controller] - [INFO] - [Item scanned and logged successfully! Unit Seq: 1 under Ticket: RNO-20260813-001]
[pid=9004] - [2026-08-13 17:20:31,566] - [commons.auth] - [INFO] - [Executing get_current_user dependency]
[pid=9004] - [2026-08-13 17:20:31,567] - [core.apis.routes.ticket_router] - [INFO] - [Calling PUT /tickets/ticket123/submit-inspection endpoint]
[pid=9004] - [2026-08-13 17:20:31,567] - [core.controllers.ticket_controller] - [INFO] - [Executing TicketController.submit_inspection for: ticket123]
[pid=9004] - [2026-08-13 17:20:31,567] - [core.services.audit_service] - [INFO] - [Executing AuditService.log_mutation | Action: SUBMIT_INSPECTION | Collection: tickets]
[pid=9004] - [2026-08-13 17:20:31,567] - [core.controllers.ticket_controller] - [INFO] - [Ticket submitted for inspection approval: RNO-20260813-001]
[pid=9004] - [2026-08-13 17:20:31,568] - [commons.auth] - [INFO] - [Executing get_current_user dependency]
[pid=9004] - [2026-08-13 17:20:31,569] - [commons.auth] - [INFO] - [Executing require_roles dependency check]
[pid=9004] - [2026-08-13 17:20:31,569] - [core.apis.routes.ticket_router] - [INFO] - [Calling POST /tickets/ticket123/approve endpoint]
[pid=9004] - [2026-08-13 17:20:31,569] - [core.controllers.ticket_controller] - [INFO] - [Executing TicketController.approve_ticket: ticket123]
[pid=9004] - [2026-08-13 17:20:31,569] - [core.services.audit_service] - [INFO] - [Executing AuditService.log_mutation | Action: APPROVE_SHIPMENT | Collection: tickets]
[pid=9004] - [2026-08-13 17:20:31,569] - [core.controllers.ticket_controller] - [INFO] - [Ticket inspection APPROVED! Status: SHIPMENT_ARRIVED for Ticket: RNO-20260813-001]
[pid=9004] - [2026-08-13 17:20:31,571] - [commons.auth] - [INFO] - [Executing get_current_user dependency]
[pid=9004] - [2026-08-13 17:20:31,571] - [core.apis.routes.ticket_router] - [INFO] - [Calling POST /tickets/ticket123/store endpoint]
[pid=9004] - [2026-08-13 17:20:31,571] - [core.controllers.ticket_controller] - [INFO] - [Executing TicketController.store_ticket: ticket123 -> A-04-12]
[pid=9004] - [2026-08-13 17:20:31,571] - [core.services.audit_service] - [INFO] - [Executing AuditService.log_mutation | Action: STORE_TICKET | Collection: tickets]
[pid=9004] - [2026-08-13 17:20:31,572] - [core.controllers.ticket_controller] - [INFO] - [Ticket STORED successfully at location: A-04-12]
[pid=9004] - [2026-08-13 17:20:31,578] - [commons.auth] - [INFO] - [Executing get_current_user dependency]
[pid=9004] - [2026-08-13 17:20:31,579] - [core.apis.routes.arrival_router] - [INFO] - [Calling POST /arrivals endpoint]
[pid=9004] - [2026-08-13 17:20:31,579] - [core.controllers.arrival_controller] - [INFO] - [Executing ArrivalController.process_arrival]
[pid=9004] - [2026-08-13 17:20:31,579] - [core.services.audit_service] - [INFO] - [Executing AuditService.log_mutation | Action: ARRIVE | Collection: tickets]
[pid=9004] - [2026-08-13 17:20:31,579] - [core.controllers.arrival_controller] - [INFO] - [Arrival processed successfully! Generated Ticket ID: LAX-20260813-001]
[pid=9004] - [2026-08-13 17:20:31,586] - [commons.auth] - [INFO] - [Executing get_current_user dependency]
[pid=9004] - [2026-08-13 17:20:31,586] - [core.apis.routes.ticket_router] - [INFO] - [Calling POST /tickets/RNO-20260813-001/items endpoint]
[pid=9004] - [2026-08-13 17:20:31,587] - [core.controllers.ticket_controller] - [INFO] - [Executing TicketController.log_item_scan for ticket: RNO-20260813-001]
[pid=9004] - [2026-08-13 17:20:31,587] - [core.cruds.item_crud] - [INFO] - [Executing CRUDItem.get_next_unit_seq for ticket: RNO-20260813-001]
[pid=9004] - [2026-08-13 17:20:31,587] - [core.database.database] - [INFO] - [Executing MongoDatabase function]
[pid=9004] - [2026-08-13 17:20:31,587] - [core.cruds.item_crud] - [ERROR] - [Error in CRUDItem.get_next_unit_seq: Event loop is closed]
[pid=9004] - [2026-08-13 17:20:31,587] - [core.controllers.ticket_controller] - [ERROR] - [Error in TicketController.log_item_scan: Event loop is closed]
[pid=9004] - [2026-08-13 17:20:31,587] - [core.apis.routes.ticket_router] - [ERROR] - [Error in POST /tickets/RNO-20260813-001/items endpoint: 500: Internal Server Error]
[pid=9004] - [2026-08-13 17:20:31,766] - [commons.auth] - [INFO] - [Executing get_current_user dependency]
[pid=9004] - [2026-08-13 17:20:31,768] - [core.apis.routes.order_router] - [INFO] - [Calling POST /orders endpoint]
[pid=9004] - [2026-08-13 17:20:31,768] - [core.controllers.order_controller] - [INFO] - [Executing OrderController.create_order]
[pid=9004] - [2026-08-13 17:20:31,769] - [core.services.audit_service] - [INFO] - [Executing AuditService.log_mutation | Action: CREATE | Collection: orders]
[pid=9004] - [2026-08-13 17:20:31,769] - [core.controllers.order_controller] - [INFO] - [Customer order created successfully: ORD-1001]
[pid=9004] - [2026-08-13 17:20:31,772] - [commons.auth] - [INFO] - [Executing get_current_user dependency]
[pid=9004] - [2026-08-13 17:20:31,773] - [core.apis.routes.order_router] - [INFO] - [Calling POST /orders/ORD-1001/reserve endpoint]
[pid=9004] - [2026-08-13 17:20:31,773] - [core.controllers.order_controller] - [INFO] - [Executing OrderController.reserve_order for: ORD-1001]
[pid=9004] - [2026-08-13 17:20:31,774] - [core.services.audit_service] - [INFO] - [Executing AuditService.log_mutation | Action: RESERVE_ORDER | Collection: orders]
[pid=9004] - [2026-08-13 17:20:31,774] - [core.controllers.order_controller] - [INFO] - [Order stock reserved successfully! Order ID: ORD-1001]
[pid=9004] - [2026-08-13 17:20:31,776] - [commons.auth] - [INFO] - [Executing get_current_user dependency]
[pid=9004] - [2026-08-13 17:20:31,776] - [core.apis.routes.order_router] - [INFO] - [Calling GET /orders/ORD-1001/picklist endpoint]
[pid=9004] - [2026-08-13 17:20:31,776] - [core.controllers.order_controller] - [INFO] - [Executing OrderController.get_picklist for: ORD-1001]
[pid=9004] - [2026-08-13 17:20:31,778] - [commons.auth] - [INFO] - [Executing get_current_user dependency]
[pid=9004] - [2026-08-13 17:20:31,779] - [core.apis.routes.order_router] - [INFO] - [Calling POST /orders/ORD-1001/pack endpoint]
[pid=9004] - [2026-08-13 17:20:31,779] - [core.controllers.order_controller] - [INFO] - [Executing OrderController.pack_order for: ORD-1001]
[pid=9004] - [2026-08-13 17:20:31,779] - [core.services.audit_service] - [INFO] - [Executing AuditService.log_mutation | Action: PACK_ORDER | Collection: orders]
[pid=9004] - [2026-08-13 17:20:31,779] - [core.controllers.order_controller] - [INFO] - [Order PACKED successfully: ORD-1001]
[pid=9004] - [2026-08-13 17:20:31,780] - [commons.auth] - [INFO] - [Executing get_current_user dependency]
[pid=9004] - [2026-08-13 17:20:31,781] - [core.apis.routes.order_router] - [INFO] - [Calling POST /orders/ORD-1001/label endpoint]
[pid=9004] - [2026-08-13 17:20:31,781] - [core.controllers.order_controller] - [INFO] - [Executing OrderController.generate_label for: ORD-1001]
[pid=9004] - [2026-08-13 17:20:31,781] - [core.controllers.order_controller] - [INFO] - [Shipping label generated stub for order ORD-1001: 1Z999EDD3D2B486]
[pid=9004] - [2026-08-13 17:20:31,783] - [commons.auth] - [INFO] - [Executing get_current_user dependency]
[pid=9004] - [2026-08-13 17:20:31,783] - [core.apis.routes.order_router] - [INFO] - [Calling POST /orders/ORD-1001/ship endpoint]
[pid=9004] - [2026-08-13 17:20:31,783] - [core.controllers.order_controller] - [INFO] - [Executing OrderController.ship_order for: ORD-1001]
[pid=9004] - [2026-08-13 17:20:31,783] - [core.services.audit_service] - [INFO] - [Executing AuditService.log_mutation | Action: SHIP_ORDER | Collection: orders]
[pid=9004] - [2026-08-13 17:20:31,784] - [core.controllers.order_controller] - [INFO] - [Order SHIPPED successfully! Units converted to SOLD: ORD-1001]
[pid=9004] - [2026-08-13 17:20:31,797] - [commons.auth] - [INFO] - [Executing get_current_user dependency]
[pid=9004] - [2026-08-13 17:20:31,798] - [core.apis.routes.order_router] - [INFO] - [Calling POST /orders/ORD-PARALLEL/reserve endpoint]
[pid=9004] - [2026-08-13 17:20:31,798] - [core.controllers.order_controller] - [INFO] - [Executing OrderController.reserve_order for: ORD-PARALLEL]
[pid=9004] - [2026-08-13 17:20:31,800] - [core.controllers.order_controller] - [INFO] - [Order stock reserved successfully! Order ID: ORD-PARALLEL]
[pid=9004] - [2026-08-13 17:20:31,801] - [commons.auth] - [INFO] - [Executing get_current_user dependency]
[pid=9004] - [2026-08-13 17:20:31,801] - [core.apis.routes.order_router] - [INFO] - [Calling POST /orders/ORD-PARALLEL/reserve endpoint]
[pid=9004] - [2026-08-13 17:20:31,801] - [core.controllers.order_controller] - [INFO] - [Executing OrderController.reserve_order for: ORD-PARALLEL]
[pid=9004] - [2026-08-13 17:20:31,803] - [core.controllers.order_controller] - [WARNING] - [Stock reservation failed: barcode 012345678905 needs 1, available 0]
[pid=9004] - [2026-08-13 17:20:31,803] - [core.apis.routes.order_router] - [ERROR] - [Error in POST /orders/ORD-PARALLEL/reserve endpoint: 400: Insufficient stock for barcode '012345678905'. Required: 1, Available: 0]
[pid=9004] - [2026-08-13 17:20:31,817] - [commons.auth] - [INFO] - [Executing get_current_user dependency]
[pid=9004] - [2026-08-13 17:20:31,817] - [commons.auth] - [INFO] - [Executing require_roles dependency check]
[pid=9004] - [2026-08-13 17:20:31,817] - [core.apis.routes.report_router] - [INFO] - [Calling GET /reports/summary endpoint]
[pid=9004] - [2026-08-13 17:20:31,823] - [commons.auth] - [INFO] - [Executing get_current_user dependency]
[pid=9004] - [2026-08-13 17:20:31,823] - [commons.auth] - [INFO] - [Executing require_roles dependency check]
[pid=9004] - [2026-08-13 17:20:31,823] - [core.apis.routes.report_router] - [INFO] - [Calling GET /reports/stock endpoint]
[pid=9004] - [2026-08-13 17:20:31,828] - [commons.auth] - [INFO] - [Executing get_current_user dependency]
[pid=9004] - [2026-08-13 17:20:31,829] - [commons.auth] - [INFO] - [Executing require_roles dependency check]
[pid=9004] - [2026-08-13 17:20:31,829] - [core.apis.routes.report_router] - [INFO] - [Calling GET /reports/export endpoint | Type: stock | Format: csv]
[pid=9004] - [2026-08-13 17:20:31,833] - [core.utils.ticket_generator] - [INFO] - [Executing TicketGenerator.generate_ticket_id for WH: RNO]
[pid=9004] - [2026-08-13 17:20:31,833] - [core.utils.ticket_generator] - [INFO] - [Generated ticket ID: RNO-20260813-014]
[pid=13960] - [2026-08-13 17:20:46,883] - [core.config.settings] - [INFO] - [Executing get_settings function]
[pid=13960] - [2026-08-13 17:20:48,004] - [commons.auth] - [INFO] - [Executing get_current_user dependency]
[pid=13960] - [2026-08-13 17:20:48,005] - [core.apis.routes.voice_router] - [INFO] - [Calling POST /voice/transcribe endpoint]
[pid=13960] - [2026-08-13 17:20:48,005] - [core.controllers.voice_controller] - [INFO] - [Executing VoiceController.transcribe]
[pid=13960] - [2026-08-13 17:20:48,005] - [core.services.voice_service] - [INFO] - [Executing VoiceService.transcribe_audio]
[pid=13960] - [2026-08-13 17:20:48,007] - [commons.auth] - [INFO] - [Executing get_current_user dependency]
[pid=13960] - [2026-08-13 17:20:48,008] - [core.apis.routes.voice_router] - [INFO] - [Calling POST /voice/parse endpoint]
[pid=13960] - [2026-08-13 17:20:48,011] - [core.controllers.voice_controller] - [INFO] - [Executing VoiceController.parse_transcript for ticket: RNO-20260813-001]
[pid=13960] - [2026-08-13 17:20:48,011] - [core.services.voice_service] - [INFO] - [Executing VoiceService.parse_transcript]
[pid=13960] - [2026-08-13 17:20:48,011] - [core.controllers.voice_controller] - [INFO] - [Voice draft saved successfully! Draft ID: draft123]
[pid=13960] - [2026-08-13 17:20:48,013] - [commons.auth] - [INFO] - [Executing get_current_user dependency]
[pid=13960] - [2026-08-13 17:20:48,014] - [core.apis.routes.voice_router] - [INFO] - [Calling POST /voice/drafts/draft123/confirm endpoint]
[pid=13960] - [2026-08-13 17:20:48,014] - [core.controllers.voice_controller] - [INFO] - [Executing VoiceController.confirm_draft for draft: draft123]
[pid=13960] - [2026-08-13 17:20:48,014] - [core.services.audit_service] - [INFO] - [Executing AuditService.__init__]
[pid=13960] - [2026-08-13 17:20:48,014] - [core.controllers.voice_controller] - [INFO] - [Voice draft confirmed and logged through Phase 2 pipeline! Draft ID: draft123]
[pid=13960] - [2026-08-13 17:20:48,021] - [commons.auth] - [INFO] - [Executing get_current_user dependency]
[pid=13960] - [2026-08-13 17:20:48,022] - [core.apis.routes.vision_router] - [INFO] - [Calling POST /vision/measure endpoint]
[pid=13960] - [2026-08-13 17:20:48,022] - [core.controllers.vision_controller] - [INFO] - [Executing VisionController.measure_package]
[pid=13960] - [2026-08-13 17:20:48,029] - [commons.auth] - [INFO] - [Executing get_current_user dependency]
[pid=13960] - [2026-08-13 17:20:48,030] - [core.apis.routes.query_router] - [INFO] - [Calling POST /query endpoint]
[pid=13960] - [2026-08-13 17:20:48,030] - [core.controllers.nl_query_controller] - [INFO] - [Executing NLQueryController.execute_query]
[pid=13960] - [2026-08-13 17:20:48,035] - [commons.auth] - [INFO] - [Executing get_current_user dependency]
[pid=13960] - [2026-08-13 17:20:48,036] - [commons.auth] - [INFO] - [Executing require_roles dependency check]
[pid=13960] - [2026-08-13 17:20:48,037] - [core.apis.routes.api_key_router] - [INFO] - [Calling POST /api-keys endpoint]
[pid=13960] - [2026-08-13 17:20:48,037] - [core.controllers.api_key_controller] - [INFO] - [Executing ApiKeyController.create_key]
[pid=13960] - [2026-08-13 17:20:48,038] - [core.controllers.api_key_controller] - [INFO] - [API key created successfully! Name: Morning Check Script | Prefix: wms_live_991]
[pid=13960] - [2026-08-13 17:20:48,039] - [commons.auth] - [INFO] - [Executing get_current_user dependency]
[pid=13960] - [2026-08-13 17:20:48,039] - [commons.auth] - [INFO] - [Executing require_roles dependency check]
[pid=13960] - [2026-08-13 17:20:48,039] - [core.apis.routes.api_key_router] - [INFO] - [Calling GET /api-keys endpoint]
[pid=13960] - [2026-08-13 17:20:48,039] - [core.controllers.api_key_controller] - [INFO] - [Executing ApiKeyController.list_keys]
[pid=13960] - [2026-08-13 17:20:48,040] - [commons.auth] - [INFO] - [Executing get_current_user dependency]
[pid=13960] - [2026-08-13 17:20:48,040] - [commons.auth] - [INFO] - [Executing require_roles dependency check]
[pid=13960] - [2026-08-13 17:20:48,040] - [core.apis.routes.api_key_router] - [INFO] - [Calling DELETE /api-keys/key123 endpoint]
[pid=13960] - [2026-08-13 17:20:48,040] - [core.controllers.api_key_controller] - [INFO] - [Executing ApiKeyController.revoke_key: key123]
[pid=13960] - [2026-08-13 17:20:48,040] - [core.controllers.api_key_controller] - [INFO] - [API key revoked successfully: key123]
[pid=13960] - [2026-08-13 17:20:48,046] - [commons.auth] - [INFO] - [Executing get_current_user dependency]
[pid=13960] - [2026-08-13 17:20:48,046] - [core.apis.routes.query_router] - [INFO] - [Calling POST /query endpoint]
[pid=13960] - [2026-08-13 17:20:48,046] - [core.controllers.nl_query_controller] - [INFO] - [Executing NLQueryController.execute_query]
[pid=13960] - [2026-08-13 17:20:48,046] - [core.controllers.nl_query_controller] - [WARNING] - [NL query rejected outside allow-list: Query does not match any allow-listed template]
[pid=13960] - [2026-08-13 17:20:48,046] - [core.apis.routes.query_router] - [ERROR] - [Error in POST /query endpoint: 400: Query does not match any allow-listed template]
[pid=13960] - [2026-08-13 17:20:48,050] - [commons.auth] - [INFO] - [Executing get_current_user dependency]
[pid=13960] - [2026-08-13 17:20:48,051] - [commons.auth] - [WARNING] - [Missing authentication token in request]
[pid=13960] - [2026-08-13 17:20:48,055] - [commons.auth] - [INFO] - [Executing hash_password function]
[pid=13960] - [2026-08-13 17:20:48,340] - [core.apis.routes.auth_router] - [INFO] - [Calling POST /auth/login endpoint]
[pid=13960] - [2026-08-13 17:20:48,340] - [core.controllers.auth_controller] - [INFO] - [Executing AuthController.login]
[pid=13960] - [2026-08-13 17:20:48,340] - [core.cruds.user_crud] - [INFO] - [Executing CRUDUser.get_by_email for: owner@whitfield.com]
[pid=13960] - [2026-08-13 17:20:48,340] - [commons.auth] - [INFO] - [Executing verify_password function]
[pid=13960] - [2026-08-13 17:20:48,630] - [commons.auth] - [INFO] - [Executing create_access_token function]
[pid=13960] - [2026-08-13 17:20:48,630] - [commons.auth] - [INFO] - [Executing create_refresh_token function]
[pid=13960] - [2026-08-13 17:20:48,630] - [core.controllers.auth_controller] - [INFO] - [User login successful: owner@whitfield.com (OWNER)]
[pid=13960] - [2026-08-13 17:20:48,634] - [commons.auth] - [INFO] - [Executing hash_password function]
[pid=13960] - [2026-08-13 17:20:48,909] - [core.apis.routes.auth_router] - [INFO] - [Calling POST /auth/login endpoint]
[pid=13960] - [2026-08-13 17:20:48,909] - [core.controllers.auth_controller] - [INFO] - [Executing AuthController.login]
[pid=13960] - [2026-08-13 17:20:48,909] - [core.cruds.user_crud] - [INFO] - [Executing CRUDUser.get_by_email for: owner@whitfield.com]
[pid=13960] - [2026-08-13 17:20:48,909] - [commons.auth] - [INFO] - [Executing verify_password function]
[pid=13960] - [2026-08-13 17:20:49,185] - [core.controllers.auth_controller] - [WARNING] - [Login failed: invalid password for user (owner@whitfield.com)]
[pid=13960] - [2026-08-13 17:20:49,185] - [core.apis.routes.auth_router] - [ERROR] - [Error in POST /auth/login endpoint: 401: Invalid email or password]
[pid=13960] - [2026-08-13 17:20:49,191] - [commons.auth] - [INFO] - [Executing get_current_user dependency]
[pid=13960] - [2026-08-13 17:20:49,192] - [commons.auth] - [INFO] - [Executing require_roles dependency check]
[pid=13960] - [2026-08-13 17:20:49,193] - [core.apis.routes.warehouse_router] - [INFO] - [Calling POST /warehouses endpoint]
[pid=13960] - [2026-08-13 17:20:49,193] - [core.controllers.warehouse_controller] - [INFO] - [Executing WarehouseController.create_warehouse]
[pid=13960] - [2026-08-13 17:20:49,193] - [core.services.audit_service] - [INFO] - [Executing AuditService.log_mutation | Action: CREATE | Collection: warehouses]
[pid=13960] - [2026-08-13 17:20:49,193] - [core.controllers.warehouse_controller] - [INFO] - [Warehouse created successfully: RNO]
[pid=13960] - [2026-08-13 17:20:49,201] - [commons.auth] - [INFO] - [Executing get_current_user dependency]
[pid=13960] - [2026-08-13 17:20:49,201] - [commons.auth] - [INFO] - [Executing require_roles dependency check]
[pid=13960] - [2026-08-13 17:20:49,204] - [core.apis.routes.user_router] - [INFO] - [Calling POST /users/managers endpoint]
[pid=13960] - [2026-08-13 17:20:49,204] - [core.controllers.user_controller] - [INFO] - [Executing UserController.create_manager]
[pid=13960] - [2026-08-13 17:20:49,204] - [commons.auth] - [INFO] - [Executing hash_password function]
[pid=13960] - [2026-08-13 17:20:49,479] - [core.services.audit_service] - [INFO] - [Executing AuditService.log_mutation | Action: CREATE | Collection: users]
[pid=13960] - [2026-08-13 17:20:49,480] - [core.controllers.user_controller] - [INFO] - [Manager user created successfully: manager.rno@whitfield.com]
[pid=13960] - [2026-08-13 17:20:49,486] - [commons.auth] - [INFO] - [Executing get_current_user dependency]
[pid=13960] - [2026-08-13 17:20:49,486] - [commons.auth] - [INFO] - [Executing require_roles dependency check]
[pid=13960] - [2026-08-13 17:20:49,489] - [core.apis.routes.user_router] - [INFO] - [Calling POST /users/staff endpoint]
[pid=13960] - [2026-08-13 17:20:49,489] - [core.controllers.user_controller] - [INFO] - [Executing UserController.create_staff]
[pid=13960] - [2026-08-13 17:20:49,490] - [commons.auth] - [INFO] - [Executing hash_password function]
[pid=13960] - [2026-08-13 17:20:49,768] - [core.services.audit_service] - [INFO] - [Executing AuditService.log_mutation | Action: CREATE | Collection: users]
[pid=13960] - [2026-08-13 17:20:49,769] - [core.controllers.user_controller] - [INFO] - [Staff user created successfully: staff.rookie@whitfield.com for WH: 607f1f77bcf86cd799439022]
[pid=13960] - [2026-08-13 17:20:49,775] - [commons.auth] - [INFO] - [Executing get_current_user dependency]
[pid=13960] - [2026-08-13 17:20:49,775] - [commons.auth] - [INFO] - [Executing require_roles dependency check]
[pid=13960] - [2026-08-13 17:20:49,775] - [commons.auth] - [WARNING] - [User staff.rookie@whitfield.com with role STAFF denied access. Required: ['OWNER']]
[pid=13960] - [2026-08-13 17:20:49,780] - [commons.auth] - [INFO] - [Executing get_current_user dependency]
[pid=13960] - [2026-08-13 17:20:49,780] - [commons.auth] - [INFO] - [Executing require_roles dependency check]
[pid=13960] - [2026-08-13 17:20:49,780] - [core.apis.routes.audit_router] - [INFO] - [Calling GET /audit endpoint]
[pid=13960] - [2026-08-13 17:20:49,780] - [core.controllers.audit_controller] - [INFO] - [Executing AuditController.get_audit_logs]
[pid=13960] - [2026-08-13 17:20:49,785] - [commons.auth] - [INFO] - [Executing get_current_user dependency]
[pid=13960] - [2026-08-13 17:20:49,786] - [commons.auth] - [INFO] - [Executing require_roles dependency check]
[pid=13960] - [2026-08-13 17:20:49,786] - [commons.auth] - [WARNING] - [User None with role STAFF denied access. Required: ['OWNER']]
[pid=13960] - [2026-08-13 17:20:49,788] - [commons.auth] - [INFO] - [Executing get_current_user dependency]
[pid=13960] - [2026-08-13 17:20:49,788] - [commons.auth] - [INFO] - [Executing require_roles dependency check]
[pid=13960] - [2026-08-13 17:20:49,788] - [commons.auth] - [WARNING] - [User None with role MANAGER denied access. Required: ['OWNER']]
[pid=13960] - [2026-08-13 17:20:49,794] - [commons.auth] - [INFO] - [Executing get_current_user dependency]
[pid=13960] - [2026-08-13 17:20:49,795] - [commons.auth] - [INFO] - [Executing require_roles dependency check]
[pid=13960] - [2026-08-13 17:20:49,795] - [core.apis.routes.warehouse_router] - [INFO] - [Calling POST /warehouses endpoint]
[pid=13960] - [2026-08-13 17:20:49,795] - [core.controllers.warehouse_controller] - [INFO] - [Executing WarehouseController.create_warehouse]
[pid=13960] - [2026-08-13 17:20:49,795] - [core.controllers.warehouse_controller] - [INFO] - [Warehouse created successfully: RNO]
[pid=13960] - [2026-08-13 17:20:49,805] - [core.apis.routes.health_router] - [INFO] - [Calling GET /health endpoint]
[pid=13960] - [2026-08-13 17:20:49,805] - [core.controllers.health_controller] - [INFO] - [Executing HealthController.get_health]
[pid=13960] - [2026-08-13 17:20:49,805] - [core.database.database] - [INFO] - [Executing ping function]
[pid=13960] - [2026-08-13 17:20:49,805] - [core.database.database] - [INFO] - [Executing MongoDatabase function]
[pid=13960] - [2026-08-13 17:20:49,805] - [core.database.database] - [INFO] - [Executing _MongoClientSingleton.__new__ | DB: wms]
[pid=13960] - [2026-08-13 17:20:49,813] - [core.database.database] - [INFO] - [MongoDB singleton initialized successfully | URI: mongodb://localhost:27017/?replicaSet=rs0&directConnection=true]
[pid=13960] - [2026-08-13 17:20:49,836] - [core.database.database] - [INFO] - [MongoDB ping successful]
[pid=13960] - [2026-08-13 17:20:49,845] - [commons.auth] - [INFO] - [Executing get_current_user dependency]
[pid=13960] - [2026-08-13 17:20:49,846] - [core.apis.routes.arrival_router] - [INFO] - [Calling POST /arrivals endpoint]
[pid=13960] - [2026-08-13 17:20:49,846] - [core.controllers.arrival_controller] - [INFO] - [Executing ArrivalController.process_arrival]
[pid=13960] - [2026-08-13 17:20:49,846] - [core.services.audit_service] - [INFO] - [Executing AuditService.log_mutation | Action: ARRIVE | Collection: tickets]
[pid=13960] - [2026-08-13 17:20:49,846] - [core.controllers.arrival_controller] - [INFO] - [Arrival processed successfully! Generated Ticket ID: RNO-20260813-001]
[pid=13960] - [2026-08-13 17:20:49,847] - [commons.auth] - [INFO] - [Executing get_current_user dependency]
[pid=13960] - [2026-08-13 17:20:49,849] - [core.apis.routes.ticket_router] - [INFO] - [Calling POST /tickets/RNO-20260813-001/items endpoint]
[pid=13960] - [2026-08-13 17:20:49,849] - [core.controllers.ticket_controller] - [INFO] - [Executing TicketController.log_item_scan for ticket: RNO-20260813-001]
[pid=13960] - [2026-08-13 17:20:49,850] - [core.services.audit_service] - [INFO] - [Executing AuditService.log_mutation | Action: SCAN_ITEM | Collection: items]
[pid=13960] - [2026-08-13 17:20:49,850] - [core.controllers.ticket_controller] - [INFO] - [Item scanned and logged successfully! Unit Seq: 1 under Ticket: RNO-20260813-001]
[pid=13960] - [2026-08-13 17:20:49,851] - [commons.auth] - [INFO] - [Executing get_current_user dependency]
[pid=13960] - [2026-08-13 17:20:49,851] - [core.apis.routes.ticket_router] - [INFO] - [Calling PUT /tickets/ticket123/submit-inspection endpoint]
[pid=13960] - [2026-08-13 17:20:49,852] - [core.controllers.ticket_controller] - [INFO] - [Executing TicketController.submit_inspection for: ticket123]
[pid=13960] - [2026-08-13 17:20:49,852] - [core.services.audit_service] - [INFO] - [Executing AuditService.log_mutation | Action: SUBMIT_INSPECTION | Collection: tickets]
[pid=13960] - [2026-08-13 17:20:49,852] - [core.controllers.ticket_controller] - [INFO] - [Ticket submitted for inspection approval: RNO-20260813-001]
[pid=13960] - [2026-08-13 17:20:49,853] - [commons.auth] - [INFO] - [Executing get_current_user dependency]
[pid=13960] - [2026-08-13 17:20:49,853] - [commons.auth] - [INFO] - [Executing require_roles dependency check]
[pid=13960] - [2026-08-13 17:20:49,853] - [core.apis.routes.ticket_router] - [INFO] - [Calling POST /tickets/ticket123/approve endpoint]
[pid=13960] - [2026-08-13 17:20:49,853] - [core.controllers.ticket_controller] - [INFO] - [Executing TicketController.approve_ticket: ticket123]
[pid=13960] - [2026-08-13 17:20:49,853] - [core.services.audit_service] - [INFO] - [Executing AuditService.log_mutation | Action: APPROVE_SHIPMENT | Collection: tickets]
[pid=13960] - [2026-08-13 17:20:49,853] - [core.controllers.ticket_controller] - [INFO] - [Ticket inspection APPROVED! Status: SHIPMENT_ARRIVED for Ticket: RNO-20260813-001]
[pid=13960] - [2026-08-13 17:20:49,855] - [commons.auth] - [INFO] - [Executing get_current_user dependency]
[pid=13960] - [2026-08-13 17:20:49,855] - [core.apis.routes.ticket_router] - [INFO] - [Calling POST /tickets/ticket123/store endpoint]
[pid=13960] - [2026-08-13 17:20:49,856] - [core.controllers.ticket_controller] - [INFO] - [Executing TicketController.store_ticket: ticket123 -> A-04-12]
[pid=13960] - [2026-08-13 17:20:49,856] - [core.services.audit_service] - [INFO] - [Executing AuditService.log_mutation | Action: STORE_TICKET | Collection: tickets]
[pid=13960] - [2026-08-13 17:20:49,856] - [core.controllers.ticket_controller] - [INFO] - [Ticket STORED successfully at location: A-04-12]
[pid=13960] - [2026-08-13 17:20:49,862] - [commons.auth] - [INFO] - [Executing get_current_user dependency]
[pid=13960] - [2026-08-13 17:20:49,863] - [core.apis.routes.arrival_router] - [INFO] - [Calling POST /arrivals endpoint]
[pid=13960] - [2026-08-13 17:20:49,863] - [core.controllers.arrival_controller] - [INFO] - [Executing ArrivalController.process_arrival]
[pid=13960] - [2026-08-13 17:20:49,863] - [core.services.audit_service] - [INFO] - [Executing AuditService.log_mutation | Action: ARRIVE | Collection: tickets]
[pid=13960] - [2026-08-13 17:20:49,863] - [core.controllers.arrival_controller] - [INFO] - [Arrival processed successfully! Generated Ticket ID: LAX-20260813-001]
[pid=13960] - [2026-08-13 17:20:49,869] - [commons.auth] - [INFO] - [Executing get_current_user dependency]
[pid=13960] - [2026-08-13 17:20:49,869] - [core.apis.routes.ticket_router] - [INFO] - [Calling POST /tickets/RNO-20260813-001/items endpoint]
[pid=13960] - [2026-08-13 17:20:49,869] - [core.controllers.ticket_controller] - [INFO] - [Executing TicketController.log_item_scan for ticket: RNO-20260813-001]
[pid=13960] - [2026-08-13 17:20:49,870] - [core.cruds.item_crud] - [INFO] - [Executing CRUDItem.get_next_unit_seq for ticket: RNO-20260813-001]
[pid=13960] - [2026-08-13 17:20:49,870] - [core.database.database] - [INFO] - [Executing MongoDatabase function]
[pid=13960] - [2026-08-13 17:20:49,870] - [core.cruds.item_crud] - [ERROR] - [Error in CRUDItem.get_next_unit_seq: Event loop is closed]
[pid=13960] - [2026-08-13 17:20:49,870] - [core.controllers.ticket_controller] - [ERROR] - [Error in TicketController.log_item_scan: Event loop is closed]
[pid=13960] - [2026-08-13 17:20:49,870] - [core.apis.routes.ticket_router] - [ERROR] - [Error in POST /tickets/RNO-20260813-001/items endpoint: 500: Internal Server Error]
[pid=13960] - [2026-08-13 17:20:50,057] - [commons.auth] - [INFO] - [Executing get_current_user dependency]
[pid=13960] - [2026-08-13 17:20:50,059] - [core.apis.routes.order_router] - [INFO] - [Calling POST /orders endpoint]
[pid=13960] - [2026-08-13 17:20:50,059] - [core.controllers.order_controller] - [INFO] - [Executing OrderController.create_order]
[pid=13960] - [2026-08-13 17:20:50,059] - [core.services.audit_service] - [INFO] - [Executing AuditService.log_mutation | Action: CREATE | Collection: orders]
[pid=13960] - [2026-08-13 17:20:50,060] - [core.controllers.order_controller] - [INFO] - [Customer order created successfully: ORD-1001]
[pid=13960] - [2026-08-13 17:20:50,063] - [commons.auth] - [INFO] - [Executing get_current_user dependency]
[pid=13960] - [2026-08-13 17:20:50,063] - [core.apis.routes.order_router] - [INFO] - [Calling POST /orders/ORD-1001/reserve endpoint]
[pid=13960] - [2026-08-13 17:20:50,063] - [core.controllers.order_controller] - [INFO] - [Executing OrderController.reserve_order for: ORD-1001]
[pid=13960] - [2026-08-13 17:20:50,064] - [core.services.audit_service] - [INFO] - [Executing AuditService.log_mutation | Action: RESERVE_ORDER | Collection: orders]
[pid=13960] - [2026-08-13 17:20:50,064] - [core.controllers.order_controller] - [INFO] - [Order stock reserved successfully! Order ID: ORD-1001]
[pid=13960] - [2026-08-13 17:20:50,067] - [commons.auth] - [INFO] - [Executing get_current_user dependency]
[pid=13960] - [2026-08-13 17:20:50,067] - [core.apis.routes.order_router] - [INFO] - [Calling GET /orders/ORD-1001/picklist endpoint]
[pid=13960] - [2026-08-13 17:20:50,067] - [core.controllers.order_controller] - [INFO] - [Executing OrderController.get_picklist for: ORD-1001]
[pid=13960] - [2026-08-13 17:20:50,068] - [commons.auth] - [INFO] - [Executing get_current_user dependency]
[pid=13960] - [2026-08-13 17:20:50,070] - [core.apis.routes.order_router] - [INFO] - [Calling POST /orders/ORD-1001/pack endpoint]
[pid=13960] - [2026-08-13 17:20:50,070] - [core.controllers.order_controller] - [INFO] - [Executing OrderController.pack_order for: ORD-1001]
[pid=13960] - [2026-08-13 17:20:50,070] - [core.services.audit_service] - [INFO] - [Executing AuditService.log_mutation | Action: PACK_ORDER | Collection: orders]
[pid=13960] - [2026-08-13 17:20:50,070] - [core.controllers.order_controller] - [INFO] - [Order PACKED successfully: ORD-1001]
[pid=13960] - [2026-08-13 17:20:50,071] - [commons.auth] - [INFO] - [Executing get_current_user dependency]
[pid=13960] - [2026-08-13 17:20:50,071] - [core.apis.routes.order_router] - [INFO] - [Calling POST /orders/ORD-1001/label endpoint]
[pid=13960] - [2026-08-13 17:20:50,071] - [core.controllers.order_controller] - [INFO] - [Executing OrderController.generate_label for: ORD-1001]
[pid=13960] - [2026-08-13 17:20:50,071] - [core.controllers.order_controller] - [INFO] - [Shipping label generated stub for order ORD-1001: 1Z999D5BE6A6BBB]
[pid=13960] - [2026-08-13 17:20:50,073] - [commons.auth] - [INFO] - [Executing get_current_user dependency]
[pid=13960] - [2026-08-13 17:20:50,073] - [core.apis.routes.order_router] - [INFO] - [Calling POST /orders/ORD-1001/ship endpoint]
[pid=13960] - [2026-08-13 17:20:50,073] - [core.controllers.order_controller] - [INFO] - [Executing OrderController.ship_order for: ORD-1001]
[pid=13960] - [2026-08-13 17:20:50,073] - [core.services.audit_service] - [INFO] - [Executing AuditService.log_mutation | Action: SHIP_ORDER | Collection: orders]
[pid=13960] - [2026-08-13 17:20:50,073] - [core.controllers.order_controller] - [INFO] - [Order SHIPPED successfully! Units converted to SOLD: ORD-1001]
[pid=13960] - [2026-08-13 17:20:50,087] - [commons.auth] - [INFO] - [Executing get_current_user dependency]
[pid=13960] - [2026-08-13 17:20:50,087] - [core.apis.routes.order_router] - [INFO] - [Calling POST /orders/ORD-PARALLEL/reserve endpoint]
[pid=13960] - [2026-08-13 17:20:50,087] - [core.controllers.order_controller] - [INFO] - [Executing OrderController.reserve_order for: ORD-PARALLEL]
[pid=13960] - [2026-08-13 17:20:50,089] - [core.controllers.order_controller] - [INFO] - [Order stock reserved successfully! Order ID: ORD-PARALLEL]
[pid=13960] - [2026-08-13 17:20:50,090] - [commons.auth] - [INFO] - [Executing get_current_user dependency]
[pid=13960] - [2026-08-13 17:20:50,090] - [core.apis.routes.order_router] - [INFO] - [Calling POST /orders/ORD-PARALLEL/reserve endpoint]
[pid=13960] - [2026-08-13 17:20:50,090] - [core.controllers.order_controller] - [INFO] - [Executing OrderController.reserve_order for: ORD-PARALLEL]
[pid=13960] - [2026-08-13 17:20:50,091] - [core.controllers.order_controller] - [WARNING] - [Stock reservation failed: barcode 012345678905 needs 1, available 0]
[pid=13960] - [2026-08-13 17:20:50,091] - [core.apis.routes.order_router] - [ERROR] - [Error in POST /orders/ORD-PARALLEL/reserve endpoint: 409: Insufficient stock for barcode '012345678905'. Required: 1, Available: 0]
[pid=13960] - [2026-08-13 17:20:50,103] - [commons.auth] - [INFO] - [Executing get_current_user dependency]
[pid=13960] - [2026-08-13 17:20:50,104] - [commons.auth] - [INFO] - [Executing require_roles dependency check]
[pid=13960] - [2026-08-13 17:20:50,104] - [core.apis.routes.report_router] - [INFO] - [Calling GET /reports/summary endpoint]
[pid=13960] - [2026-08-13 17:20:50,109] - [commons.auth] - [INFO] - [Executing get_current_user dependency]
[pid=13960] - [2026-08-13 17:20:50,110] - [commons.auth] - [INFO] - [Executing require_roles dependency check]
[pid=13960] - [2026-08-13 17:20:50,110] - [core.apis.routes.report_router] - [INFO] - [Calling GET /reports/stock endpoint]
[pid=13960] - [2026-08-13 17:20:50,115] - [commons.auth] - [INFO] - [Executing get_current_user dependency]
[pid=13960] - [2026-08-13 17:20:50,115] - [commons.auth] - [INFO] - [Executing require_roles dependency check]
[pid=13960] - [2026-08-13 17:20:50,116] - [core.apis.routes.report_router] - [INFO] - [Calling GET /reports/export endpoint | Type: stock | Format: csv]
[pid=13960] - [2026-08-13 17:20:50,119] - [core.utils.ticket_generator] - [INFO] - [Executing TicketGenerator.generate_ticket_id for WH: RNO]
[pid=13960] - [2026-08-13 17:20:50,120] - [core.utils.ticket_generator] - [INFO] - [Generated ticket ID: RNO-20260813-014]
[pid=20056] - [2026-08-13 17:20:54,530] - [core.config.settings] - [INFO] - [Executing get_settings function]
[pid=20056] - [2026-08-13 17:20:55,598] - [commons.auth] - [INFO] - [Executing get_current_user dependency]
[pid=20056] - [2026-08-13 17:20:55,600] - [core.apis.routes.ticket_router] - [INFO] - [Calling POST /tickets/RNO-20260813-001/items endpoint]
[pid=20056] - [2026-08-13 17:20:55,601] - [core.controllers.ticket_controller] - [INFO] - [Executing TicketController.log_item_scan for ticket: RNO-20260813-001]
[pid=20056] - [2026-08-13 17:20:55,601] - [core.cruds.item_crud] - [INFO] - [Executing CRUDItem.get_next_unit_seq for ticket: RNO-20260813-001]
[pid=20056] - [2026-08-13 17:20:55,601] - [core.database.database] - [INFO] - [Executing MongoDatabase function]
[pid=20056] - [2026-08-13 17:20:55,604] - [core.database.database] - [INFO] - [Executing _MongoClientSingleton.__new__ | DB: wms]
[pid=20056] - [2026-08-13 17:20:55,612] - [core.database.database] - [INFO] - [MongoDB singleton initialized successfully | URI: mongodb://localhost:27017/?replicaSet=rs0&directConnection=true]
[pid=20056] - [2026-08-13 17:20:55,663] - [core.cruds.item_crud] - [INFO] - [Executing CRUDItem.create]
[pid=20056] - [2026-08-13 17:20:55,663] - [core.database.database] - [INFO] - [Executing MongoDatabase function]
[pid=20056] - [2026-08-13 17:20:55,674] - [core.controllers.ticket_controller] - [INFO] - [Item scanned and logged successfully! Unit Seq: 1 under Ticket: RNO-20260813-001]
[pid=7548] - [2026-08-13 17:21:12,965] - [core.config.settings] - [INFO] - [Executing get_settings function]
[pid=7548] - [2026-08-13 17:21:14,243] - [commons.auth] - [INFO] - [Executing get_current_user dependency]
[pid=7548] - [2026-08-13 17:21:14,243] - [core.apis.routes.voice_router] - [INFO] - [Calling POST /voice/transcribe endpoint]
[pid=7548] - [2026-08-13 17:21:14,243] - [core.controllers.voice_controller] - [INFO] - [Executing VoiceController.transcribe]
[pid=7548] - [2026-08-13 17:21:14,244] - [core.services.voice_service] - [INFO] - [Executing VoiceService.transcribe_audio]
[pid=7548] - [2026-08-13 17:21:14,245] - [commons.auth] - [INFO] - [Executing get_current_user dependency]
[pid=7548] - [2026-08-13 17:21:14,246] - [core.apis.routes.voice_router] - [INFO] - [Calling POST /voice/parse endpoint]
[pid=7548] - [2026-08-13 17:21:14,246] - [core.controllers.voice_controller] - [INFO] - [Executing VoiceController.parse_transcript for ticket: RNO-20260813-001]
[pid=7548] - [2026-08-13 17:21:14,247] - [core.services.voice_service] - [INFO] - [Executing VoiceService.parse_transcript]
[pid=7548] - [2026-08-13 17:21:14,247] - [core.controllers.voice_controller] - [INFO] - [Voice draft saved successfully! Draft ID: draft123]
[pid=7548] - [2026-08-13 17:21:14,248] - [commons.auth] - [INFO] - [Executing get_current_user dependency]
[pid=7548] - [2026-08-13 17:21:14,249] - [core.apis.routes.voice_router] - [INFO] - [Calling POST /voice/drafts/draft123/confirm endpoint]
[pid=7548] - [2026-08-13 17:21:14,250] - [core.controllers.voice_controller] - [INFO] - [Executing VoiceController.confirm_draft for draft: draft123]
[pid=7548] - [2026-08-13 17:21:14,250] - [core.services.audit_service] - [INFO] - [Executing AuditService.__init__]
[pid=7548] - [2026-08-13 17:21:14,250] - [core.controllers.voice_controller] - [INFO] - [Voice draft confirmed and logged through Phase 2 pipeline! Draft ID: draft123]
[pid=7548] - [2026-08-13 17:21:14,256] - [commons.auth] - [INFO] - [Executing get_current_user dependency]
[pid=7548] - [2026-08-13 17:21:14,256] - [core.apis.routes.vision_router] - [INFO] - [Calling POST /vision/measure endpoint]
[pid=7548] - [2026-08-13 17:21:14,257] - [core.controllers.vision_controller] - [INFO] - [Executing VisionController.measure_package]
[pid=7548] - [2026-08-13 17:21:14,262] - [commons.auth] - [INFO] - [Executing get_current_user dependency]
[pid=7548] - [2026-08-13 17:21:14,263] - [core.apis.routes.query_router] - [INFO] - [Calling POST /query endpoint]
[pid=7548] - [2026-08-13 17:21:14,263] - [core.controllers.nl_query_controller] - [INFO] - [Executing NLQueryController.execute_query]
[pid=7548] - [2026-08-13 17:21:14,268] - [commons.auth] - [INFO] - [Executing get_current_user dependency]
[pid=7548] - [2026-08-13 17:21:14,268] - [commons.auth] - [INFO] - [Executing require_roles dependency check]
[pid=7548] - [2026-08-13 17:21:14,269] - [core.apis.routes.api_key_router] - [INFO] - [Calling POST /api-keys endpoint]
[pid=7548] - [2026-08-13 17:21:14,269] - [core.controllers.api_key_controller] - [INFO] - [Executing ApiKeyController.create_key]
[pid=7548] - [2026-08-13 17:21:14,270] - [core.controllers.api_key_controller] - [INFO] - [API key created successfully! Name: Morning Check Script | Prefix: wms_live_67f]
[pid=7548] - [2026-08-13 17:21:14,271] - [commons.auth] - [INFO] - [Executing get_current_user dependency]
[pid=7548] - [2026-08-13 17:21:14,271] - [commons.auth] - [INFO] - [Executing require_roles dependency check]
[pid=7548] - [2026-08-13 17:21:14,271] - [core.apis.routes.api_key_router] - [INFO] - [Calling GET /api-keys endpoint]
[pid=7548] - [2026-08-13 17:21:14,271] - [core.controllers.api_key_controller] - [INFO] - [Executing ApiKeyController.list_keys]
[pid=7548] - [2026-08-13 17:21:14,272] - [commons.auth] - [INFO] - [Executing get_current_user dependency]
[pid=7548] - [2026-08-13 17:21:14,272] - [commons.auth] - [INFO] - [Executing require_roles dependency check]
[pid=7548] - [2026-08-13 17:21:14,272] - [core.apis.routes.api_key_router] - [INFO] - [Calling DELETE /api-keys/key123 endpoint]
[pid=7548] - [2026-08-13 17:21:14,272] - [core.controllers.api_key_controller] - [INFO] - [Executing ApiKeyController.revoke_key: key123]
[pid=7548] - [2026-08-13 17:21:14,272] - [core.controllers.api_key_controller] - [INFO] - [API key revoked successfully: key123]
[pid=7548] - [2026-08-13 17:21:14,277] - [commons.auth] - [INFO] - [Executing get_current_user dependency]
[pid=7548] - [2026-08-13 17:21:14,278] - [core.apis.routes.query_router] - [INFO] - [Calling POST /query endpoint]
[pid=7548] - [2026-08-13 17:21:14,278] - [core.controllers.nl_query_controller] - [INFO] - [Executing NLQueryController.execute_query]
[pid=7548] - [2026-08-13 17:21:14,278] - [core.controllers.nl_query_controller] - [WARNING] - [NL query rejected outside allow-list: Query does not match any allow-listed template]
[pid=7548] - [2026-08-13 17:21:14,278] - [core.apis.routes.query_router] - [ERROR] - [Error in POST /query endpoint: 400: Query does not match any allow-listed template]
[pid=7548] - [2026-08-13 17:21:14,282] - [commons.auth] - [INFO] - [Executing get_current_user dependency]
[pid=7548] - [2026-08-13 17:21:14,282] - [commons.auth] - [WARNING] - [Missing authentication token in request]
[pid=7548] - [2026-08-13 17:21:14,285] - [commons.auth] - [INFO] - [Executing hash_password function]
[pid=7548] - [2026-08-13 17:21:14,573] - [core.apis.routes.auth_router] - [INFO] - [Calling POST /auth/login endpoint]
[pid=7548] - [2026-08-13 17:21:14,573] - [core.controllers.auth_controller] - [INFO] - [Executing AuthController.login]
[pid=7548] - [2026-08-13 17:21:14,573] - [core.cruds.user_crud] - [INFO] - [Executing CRUDUser.get_by_email for: owner@whitfield.com]
[pid=7548] - [2026-08-13 17:21:14,574] - [commons.auth] - [INFO] - [Executing verify_password function]
[pid=7548] - [2026-08-13 17:21:14,868] - [commons.auth] - [INFO] - [Executing create_access_token function]
[pid=7548] - [2026-08-13 17:21:14,869] - [commons.auth] - [INFO] - [Executing create_refresh_token function]
[pid=7548] - [2026-08-13 17:21:14,869] - [core.controllers.auth_controller] - [INFO] - [User login successful: owner@whitfield.com (OWNER)]
[pid=7548] - [2026-08-13 17:21:14,873] - [commons.auth] - [INFO] - [Executing hash_password function]
[pid=7548] - [2026-08-13 17:21:15,145] - [core.apis.routes.auth_router] - [INFO] - [Calling POST /auth/login endpoint]
[pid=7548] - [2026-08-13 17:21:15,145] - [core.controllers.auth_controller] - [INFO] - [Executing AuthController.login]
[pid=7548] - [2026-08-13 17:21:15,145] - [core.cruds.user_crud] - [INFO] - [Executing CRUDUser.get_by_email for: owner@whitfield.com]
[pid=7548] - [2026-08-13 17:21:15,145] - [commons.auth] - [INFO] - [Executing verify_password function]
[pid=7548] - [2026-08-13 17:21:15,428] - [core.controllers.auth_controller] - [WARNING] - [Login failed: invalid password for user (owner@whitfield.com)]
[pid=7548] - [2026-08-13 17:21:15,428] - [core.apis.routes.auth_router] - [ERROR] - [Error in POST /auth/login endpoint: 401: Invalid email or password]
[pid=7548] - [2026-08-13 17:21:15,433] - [commons.auth] - [INFO] - [Executing get_current_user dependency]
[pid=7548] - [2026-08-13 17:21:15,433] - [commons.auth] - [INFO] - [Executing require_roles dependency check]
[pid=7548] - [2026-08-13 17:21:15,434] - [core.apis.routes.warehouse_router] - [INFO] - [Calling POST /warehouses endpoint]
[pid=7548] - [2026-08-13 17:21:15,434] - [core.controllers.warehouse_controller] - [INFO] - [Executing WarehouseController.create_warehouse]
[pid=7548] - [2026-08-13 17:21:15,435] - [core.services.audit_service] - [INFO] - [Executing AuditService.log_mutation | Action: CREATE | Collection: warehouses]
[pid=7548] - [2026-08-13 17:21:15,435] - [core.controllers.warehouse_controller] - [INFO] - [Warehouse created successfully: RNO]
[pid=7548] - [2026-08-13 17:21:15,441] - [commons.auth] - [INFO] - [Executing get_current_user dependency]
[pid=7548] - [2026-08-13 17:21:15,441] - [commons.auth] - [INFO] - [Executing require_roles dependency check]
[pid=7548] - [2026-08-13 17:21:15,443] - [core.apis.routes.user_router] - [INFO] - [Calling POST /users/managers endpoint]
[pid=7548] - [2026-08-13 17:21:15,444] - [core.controllers.user_controller] - [INFO] - [Executing UserController.create_manager]
[pid=7548] - [2026-08-13 17:21:15,444] - [commons.auth] - [INFO] - [Executing hash_password function]
[pid=7548] - [2026-08-13 17:21:15,711] - [core.services.audit_service] - [INFO] - [Executing AuditService.log_mutation | Action: CREATE | Collection: users]
[pid=7548] - [2026-08-13 17:21:15,712] - [core.controllers.user_controller] - [INFO] - [Manager user created successfully: manager.rno@whitfield.com]
[pid=7548] - [2026-08-13 17:21:15,718] - [commons.auth] - [INFO] - [Executing get_current_user dependency]
[pid=7548] - [2026-08-13 17:21:15,718] - [commons.auth] - [INFO] - [Executing require_roles dependency check]
[pid=7548] - [2026-08-13 17:21:15,721] - [core.apis.routes.user_router] - [INFO] - [Calling POST /users/staff endpoint]
[pid=7548] - [2026-08-13 17:21:15,721] - [core.controllers.user_controller] - [INFO] - [Executing UserController.create_staff]
[pid=7548] - [2026-08-13 17:21:15,721] - [commons.auth] - [INFO] - [Executing hash_password function]
[pid=7548] - [2026-08-13 17:21:15,992] - [core.services.audit_service] - [INFO] - [Executing AuditService.log_mutation | Action: CREATE | Collection: users]
[pid=7548] - [2026-08-13 17:21:15,993] - [core.controllers.user_controller] - [INFO] - [Staff user created successfully: staff.rookie@whitfield.com for WH: 607f1f77bcf86cd799439022]
[pid=7548] - [2026-08-13 17:21:15,999] - [commons.auth] - [INFO] - [Executing get_current_user dependency]
[pid=7548] - [2026-08-13 17:21:15,999] - [commons.auth] - [INFO] - [Executing require_roles dependency check]
[pid=7548] - [2026-08-13 17:21:15,999] - [commons.auth] - [WARNING] - [User staff.rookie@whitfield.com with role STAFF denied access. Required: ['OWNER']]
[pid=7548] - [2026-08-13 17:21:16,004] - [commons.auth] - [INFO] - [Executing get_current_user dependency]
[pid=7548] - [2026-08-13 17:21:16,004] - [commons.auth] - [INFO] - [Executing require_roles dependency check]
[pid=7548] - [2026-08-13 17:21:16,004] - [core.apis.routes.audit_router] - [INFO] - [Calling GET /audit endpoint]
[pid=7548] - [2026-08-13 17:21:16,004] - [core.controllers.audit_controller] - [INFO] - [Executing AuditController.get_audit_logs]
[pid=7548] - [2026-08-13 17:21:16,011] - [commons.auth] - [INFO] - [Executing get_current_user dependency]
[pid=7548] - [2026-08-13 17:21:16,011] - [commons.auth] - [INFO] - [Executing require_roles dependency check]
[pid=7548] - [2026-08-13 17:21:16,011] - [commons.auth] - [WARNING] - [User None with role STAFF denied access. Required: ['OWNER']]
[pid=7548] - [2026-08-13 17:21:16,013] - [commons.auth] - [INFO] - [Executing get_current_user dependency]
[pid=7548] - [2026-08-13 17:21:16,013] - [commons.auth] - [INFO] - [Executing require_roles dependency check]
[pid=7548] - [2026-08-13 17:21:16,013] - [commons.auth] - [WARNING] - [User None with role MANAGER denied access. Required: ['OWNER']]
[pid=7548] - [2026-08-13 17:21:16,021] - [commons.auth] - [INFO] - [Executing get_current_user dependency]
[pid=7548] - [2026-08-13 17:21:16,021] - [commons.auth] - [INFO] - [Executing require_roles dependency check]
[pid=7548] - [2026-08-13 17:21:16,021] - [core.apis.routes.warehouse_router] - [INFO] - [Calling POST /warehouses endpoint]
[pid=7548] - [2026-08-13 17:21:16,022] - [core.controllers.warehouse_controller] - [INFO] - [Executing WarehouseController.create_warehouse]
[pid=7548] - [2026-08-13 17:21:16,022] - [core.controllers.warehouse_controller] - [INFO] - [Warehouse created successfully: RNO]
[pid=7548] - [2026-08-13 17:21:16,032] - [core.apis.routes.health_router] - [INFO] - [Calling GET /health endpoint]
[pid=7548] - [2026-08-13 17:21:16,032] - [core.controllers.health_controller] - [INFO] - [Executing HealthController.get_health]
[pid=7548] - [2026-08-13 17:21:16,032] - [core.database.database] - [INFO] - [Executing ping function]
[pid=7548] - [2026-08-13 17:21:16,032] - [core.database.database] - [INFO] - [Executing MongoDatabase function]
[pid=7548] - [2026-08-13 17:21:16,032] - [core.database.database] - [INFO] - [Executing _MongoClientSingleton.__new__ | DB: wms]
[pid=7548] - [2026-08-13 17:21:16,040] - [core.database.database] - [INFO] - [MongoDB singleton initialized successfully | URI: mongodb://localhost:27017/?replicaSet=rs0&directConnection=true]
[pid=7548] - [2026-08-13 17:21:16,051] - [core.database.database] - [INFO] - [MongoDB ping successful]
[pid=7548] - [2026-08-13 17:21:16,060] - [commons.auth] - [INFO] - [Executing get_current_user dependency]
[pid=7548] - [2026-08-13 17:21:16,061] - [core.apis.routes.arrival_router] - [INFO] - [Calling POST /arrivals endpoint]
[pid=7548] - [2026-08-13 17:21:16,061] - [core.controllers.arrival_controller] - [INFO] - [Executing ArrivalController.process_arrival]
[pid=7548] - [2026-08-13 17:21:16,062] - [core.services.audit_service] - [INFO] - [Executing AuditService.log_mutation | Action: ARRIVE | Collection: tickets]
[pid=7548] - [2026-08-13 17:21:16,062] - [core.controllers.arrival_controller] - [INFO] - [Arrival processed successfully! Generated Ticket ID: RNO-20260813-001]
[pid=7548] - [2026-08-13 17:21:16,063] - [commons.auth] - [INFO] - [Executing get_current_user dependency]
[pid=7548] - [2026-08-13 17:21:16,065] - [core.apis.routes.ticket_router] - [INFO] - [Calling POST /tickets/RNO-20260813-001/items endpoint]
[pid=7548] - [2026-08-13 17:21:16,065] - [core.controllers.ticket_controller] - [INFO] - [Executing TicketController.log_item_scan for ticket: RNO-20260813-001]
[pid=7548] - [2026-08-13 17:21:16,065] - [core.services.audit_service] - [INFO] - [Executing AuditService.log_mutation | Action: SCAN_ITEM | Collection: items]
[pid=7548] - [2026-08-13 17:21:16,066] - [core.controllers.ticket_controller] - [INFO] - [Item scanned and logged successfully! Unit Seq: 1 under Ticket: RNO-20260813-001]
[pid=7548] - [2026-08-13 17:21:16,066] - [commons.auth] - [INFO] - [Executing get_current_user dependency]
[pid=7548] - [2026-08-13 17:21:16,067] - [core.apis.routes.ticket_router] - [INFO] - [Calling PUT /tickets/ticket123/submit-inspection endpoint]
[pid=7548] - [2026-08-13 17:21:16,067] - [core.controllers.ticket_controller] - [INFO] - [Executing TicketController.submit_inspection for: ticket123]
[pid=7548] - [2026-08-13 17:21:16,067] - [core.services.audit_service] - [INFO] - [Executing AuditService.log_mutation | Action: SUBMIT_INSPECTION | Collection: tickets]
[pid=7548] - [2026-08-13 17:21:16,067] - [core.controllers.ticket_controller] - [INFO] - [Ticket submitted for inspection approval: RNO-20260813-001]
[pid=7548] - [2026-08-13 17:21:16,068] - [commons.auth] - [INFO] - [Executing get_current_user dependency]
[pid=7548] - [2026-08-13 17:21:16,068] - [commons.auth] - [INFO] - [Executing require_roles dependency check]
[pid=7548] - [2026-08-13 17:21:16,068] - [core.apis.routes.ticket_router] - [INFO] - [Calling POST /tickets/ticket123/approve endpoint]
[pid=7548] - [2026-08-13 17:21:16,068] - [core.controllers.ticket_controller] - [INFO] - [Executing TicketController.approve_ticket: ticket123]
[pid=7548] - [2026-08-13 17:21:16,068] - [core.services.audit_service] - [INFO] - [Executing AuditService.log_mutation | Action: APPROVE_SHIPMENT | Collection: tickets]
[pid=7548] - [2026-08-13 17:21:16,069] - [core.controllers.ticket_controller] - [INFO] - [Ticket inspection APPROVED! Status: SHIPMENT_ARRIVED for Ticket: RNO-20260813-001]
[pid=7548] - [2026-08-13 17:21:16,070] - [commons.auth] - [INFO] - [Executing get_current_user dependency]
[pid=7548] - [2026-08-13 17:21:16,071] - [core.apis.routes.ticket_router] - [INFO] - [Calling POST /tickets/ticket123/store endpoint]
[pid=7548] - [2026-08-13 17:21:16,071] - [core.controllers.ticket_controller] - [INFO] - [Executing TicketController.store_ticket: ticket123 -> A-04-12]
[pid=7548] - [2026-08-13 17:21:16,071] - [core.services.audit_service] - [INFO] - [Executing AuditService.log_mutation | Action: STORE_TICKET | Collection: tickets]
[pid=7548] - [2026-08-13 17:21:16,071] - [core.controllers.ticket_controller] - [INFO] - [Ticket STORED successfully at location: A-04-12]
[pid=7548] - [2026-08-13 17:21:16,077] - [commons.auth] - [INFO] - [Executing get_current_user dependency]
[pid=7548] - [2026-08-13 17:21:16,078] - [core.apis.routes.arrival_router] - [INFO] - [Calling POST /arrivals endpoint]
[pid=7548] - [2026-08-13 17:21:16,078] - [core.controllers.arrival_controller] - [INFO] - [Executing ArrivalController.process_arrival]
[pid=7548] - [2026-08-13 17:21:16,078] - [core.services.audit_service] - [INFO] - [Executing AuditService.log_mutation | Action: ARRIVE | Collection: tickets]
[pid=7548] - [2026-08-13 17:21:16,078] - [core.controllers.arrival_controller] - [INFO] - [Arrival processed successfully! Generated Ticket ID: LAX-20260813-001]
[pid=7548] - [2026-08-13 17:21:16,084] - [commons.auth] - [INFO] - [Executing get_current_user dependency]
[pid=7548] - [2026-08-13 17:21:16,084] - [core.apis.routes.ticket_router] - [INFO] - [Calling POST /tickets/RNO-20260813-001/items endpoint]
[pid=7548] - [2026-08-13 17:21:16,084] - [core.controllers.ticket_controller] - [INFO] - [Executing TicketController.log_item_scan for ticket: RNO-20260813-001]
[pid=7548] - [2026-08-13 17:21:16,084] - [core.apis.routes.ticket_router] - [ERROR] - [Error in POST /tickets/RNO-20260813-001/items endpoint: 409: Duplicate submission]
[pid=7548] - [2026-08-13 17:21:16,090] - [commons.auth] - [INFO] - [Executing get_current_user dependency]
[pid=7548] - [2026-08-13 17:21:16,092] - [core.apis.routes.order_router] - [INFO] - [Calling POST /orders endpoint]
[pid=7548] - [2026-08-13 17:21:16,092] - [core.controllers.order_controller] - [INFO] - [Executing OrderController.create_order]
[pid=7548] - [2026-08-13 17:21:16,092] - [core.services.audit_service] - [INFO] - [Executing AuditService.log_mutation | Action: CREATE | Collection: orders]
[pid=7548] - [2026-08-13 17:21:16,092] - [core.controllers.order_controller] - [INFO] - [Customer order created successfully: ORD-1001]
[pid=7548] - [2026-08-13 17:21:16,095] - [commons.auth] - [INFO] - [Executing get_current_user dependency]
[pid=7548] - [2026-08-13 17:21:16,095] - [core.apis.routes.order_router] - [INFO] - [Calling POST /orders/ORD-1001/reserve endpoint]
[pid=7548] - [2026-08-13 17:21:16,096] - [core.controllers.order_controller] - [INFO] - [Executing OrderController.reserve_order for: ORD-1001]
[pid=7548] - [2026-08-13 17:21:16,097] - [core.services.audit_service] - [INFO] - [Executing AuditService.log_mutation | Action: RESERVE_ORDER | Collection: orders]
[pid=7548] - [2026-08-13 17:21:16,097] - [core.controllers.order_controller] - [INFO] - [Order stock reserved successfully! Order ID: ORD-1001]
[pid=7548] - [2026-08-13 17:21:16,099] - [commons.auth] - [INFO] - [Executing get_current_user dependency]
[pid=7548] - [2026-08-13 17:21:16,099] - [core.apis.routes.order_router] - [INFO] - [Calling GET /orders/ORD-1001/picklist endpoint]
[pid=7548] - [2026-08-13 17:21:16,099] - [core.controllers.order_controller] - [INFO] - [Executing OrderController.get_picklist for: ORD-1001]
[pid=7548] - [2026-08-13 17:21:16,100] - [commons.auth] - [INFO] - [Executing get_current_user dependency]
[pid=7548] - [2026-08-13 17:21:16,103] - [core.apis.routes.order_router] - [INFO] - [Calling POST /orders/ORD-1001/pack endpoint]
[pid=7548] - [2026-08-13 17:21:16,103] - [core.controllers.order_controller] - [INFO] - [Executing OrderController.pack_order for: ORD-1001]
[pid=7548] - [2026-08-13 17:21:16,103] - [core.services.audit_service] - [INFO] - [Executing AuditService.log_mutation | Action: PACK_ORDER | Collection: orders]
[pid=7548] - [2026-08-13 17:21:16,103] - [core.controllers.order_controller] - [INFO] - [Order PACKED successfully: ORD-1001]
[pid=7548] - [2026-08-13 17:21:16,104] - [commons.auth] - [INFO] - [Executing get_current_user dependency]
[pid=7548] - [2026-08-13 17:21:16,104] - [core.apis.routes.order_router] - [INFO] - [Calling POST /orders/ORD-1001/label endpoint]
[pid=7548] - [2026-08-13 17:21:16,104] - [core.controllers.order_controller] - [INFO] - [Executing OrderController.generate_label for: ORD-1001]
[pid=7548] - [2026-08-13 17:21:16,105] - [core.controllers.order_controller] - [INFO] - [Shipping label generated stub for order ORD-1001: 1Z999A2AD26F35C]
[pid=7548] - [2026-08-13 17:21:16,106] - [commons.auth] - [INFO] - [Executing get_current_user dependency]
[pid=7548] - [2026-08-13 17:21:16,106] - [core.apis.routes.order_router] - [INFO] - [Calling POST /orders/ORD-1001/ship endpoint]
[pid=7548] - [2026-08-13 17:21:16,106] - [core.controllers.order_controller] - [INFO] - [Executing OrderController.ship_order for: ORD-1001]
[pid=7548] - [2026-08-13 17:21:16,106] - [core.services.audit_service] - [INFO] - [Executing AuditService.log_mutation | Action: SHIP_ORDER | Collection: orders]
[pid=7548] - [2026-08-13 17:21:16,107] - [core.controllers.order_controller] - [INFO] - [Order SHIPPED successfully! Units converted to SOLD: ORD-1001]
[pid=7548] - [2026-08-13 17:21:16,120] - [commons.auth] - [INFO] - [Executing get_current_user dependency]
[pid=7548] - [2026-08-13 17:21:16,120] - [core.apis.routes.order_router] - [INFO] - [Calling POST /orders/ORD-PARALLEL/reserve endpoint]
[pid=7548] - [2026-08-13 17:21:16,120] - [core.controllers.order_controller] - [INFO] - [Executing OrderController.reserve_order for: ORD-PARALLEL]
[pid=7548] - [2026-08-13 17:21:16,122] - [core.controllers.order_controller] - [INFO] - [Order stock reserved successfully! Order ID: ORD-PARALLEL]
[pid=7548] - [2026-08-13 17:21:16,123] - [commons.auth] - [INFO] - [Executing get_current_user dependency]
[pid=7548] - [2026-08-13 17:21:16,123] - [core.apis.routes.order_router] - [INFO] - [Calling POST /orders/ORD-PARALLEL/reserve endpoint]
[pid=7548] - [2026-08-13 17:21:16,123] - [core.controllers.order_controller] - [INFO] - [Executing OrderController.reserve_order for: ORD-PARALLEL]
[pid=7548] - [2026-08-13 17:21:16,124] - [core.controllers.order_controller] - [WARNING] - [Stock reservation failed: barcode 012345678905 needs 1, available 0]
[pid=7548] - [2026-08-13 17:21:16,124] - [core.apis.routes.order_router] - [ERROR] - [Error in POST /orders/ORD-PARALLEL/reserve endpoint: 409: Insufficient stock for barcode '012345678905'. Required: 1, Available: 0]
[pid=7548] - [2026-08-13 17:21:16,129] - [commons.auth] - [INFO] - [Executing get_current_user dependency]
[pid=7548] - [2026-08-13 17:21:16,129] - [commons.auth] - [INFO] - [Executing require_roles dependency check]
[pid=7548] - [2026-08-13 17:21:16,129] - [core.apis.routes.report_router] - [INFO] - [Calling GET /reports/summary endpoint]
[pid=7548] - [2026-08-13 17:21:16,135] - [commons.auth] - [INFO] - [Executing get_current_user dependency]
[pid=7548] - [2026-08-13 17:21:16,135] - [commons.auth] - [INFO] - [Executing require_roles dependency check]
[pid=7548] - [2026-08-13 17:21:16,135] - [core.apis.routes.report_router] - [INFO] - [Calling GET /reports/stock endpoint]
[pid=7548] - [2026-08-13 17:21:16,140] - [commons.auth] - [INFO] - [Executing get_current_user dependency]
[pid=7548] - [2026-08-13 17:21:16,140] - [commons.auth] - [INFO] - [Executing require_roles dependency check]
[pid=7548] - [2026-08-13 17:21:16,141] - [core.apis.routes.report_router] - [INFO] - [Calling GET /reports/export endpoint | Type: stock | Format: csv]
[pid=7548] - [2026-08-13 17:21:16,144] - [core.utils.ticket_generator] - [INFO] - [Executing TicketGenerator.generate_ticket_id for WH: RNO]
[pid=7548] - [2026-08-13 17:21:16,145] - [core.utils.ticket_generator] - [INFO] - [Generated ticket ID: RNO-20260813-014]
[pid=9100] - [2026-08-13 17:21:21,568] - [core.config.settings] - [INFO] - [Executing get_settings function]
[pid=2244] - [2026-08-13 17:21:36,588] - [core.config.settings] - [INFO] - [Executing get_settings function]
[pid=2244] - [2026-08-13 17:21:38,384] - [commons.auth] - [INFO] - [Executing get_current_user dependency]
[pid=2244] - [2026-08-13 17:21:38,385] - [core.apis.routes.voice_router] - [INFO] - [Calling POST /voice/transcribe endpoint]
[pid=2244] - [2026-08-13 17:21:38,385] - [core.controllers.voice_controller] - [INFO] - [Executing VoiceController.transcribe]
[pid=2244] - [2026-08-13 17:21:38,385] - [core.services.voice_service] - [INFO] - [Executing VoiceService.transcribe_audio]
[pid=2244] - [2026-08-13 17:21:38,391] - [commons.auth] - [INFO] - [Executing get_current_user dependency]
[pid=2244] - [2026-08-13 17:21:38,392] - [core.apis.routes.voice_router] - [INFO] - [Calling POST /voice/parse endpoint]
[pid=2244] - [2026-08-13 17:21:38,396] - [core.controllers.voice_controller] - [INFO] - [Executing VoiceController.parse_transcript for ticket: RNO-20260813-001]
[pid=2244] - [2026-08-13 17:21:38,396] - [core.services.voice_service] - [INFO] - [Executing VoiceService.parse_transcript]
[pid=2244] - [2026-08-13 17:21:38,401] - [core.controllers.voice_controller] - [INFO] - [Voice draft saved successfully! Draft ID: draft123]
[pid=2244] - [2026-08-13 17:21:38,404] - [commons.auth] - [INFO] - [Executing get_current_user dependency]
[pid=2244] - [2026-08-13 17:21:38,405] - [core.apis.routes.voice_router] - [INFO] - [Calling POST /voice/drafts/draft123/confirm endpoint]
[pid=2244] - [2026-08-13 17:21:38,406] - [core.controllers.voice_controller] - [INFO] - [Executing VoiceController.confirm_draft for draft: draft123]
[pid=2244] - [2026-08-13 17:21:38,406] - [core.services.audit_service] - [INFO] - [Executing AuditService.__init__]
[pid=2244] - [2026-08-13 17:21:38,406] - [core.controllers.voice_controller] - [INFO] - [Voice draft confirmed and logged through Phase 2 pipeline! Draft ID: draft123]
[pid=2244] - [2026-08-13 17:21:38,420] - [commons.auth] - [INFO] - [Executing get_current_user dependency]
[pid=2244] - [2026-08-13 17:21:38,421] - [core.apis.routes.vision_router] - [INFO] - [Calling POST /vision/measure endpoint]
[pid=2244] - [2026-08-13 17:21:38,421] - [core.controllers.vision_controller] - [INFO] - [Executing VisionController.measure_package]
[pid=2244] - [2026-08-13 17:21:38,430] - [commons.auth] - [INFO] - [Executing get_current_user dependency]
[pid=2244] - [2026-08-13 17:21:38,431] - [core.apis.routes.query_router] - [INFO] - [Calling POST /query endpoint]
[pid=2244] - [2026-08-13 17:21:38,431] - [core.controllers.nl_query_controller] - [INFO] - [Executing NLQueryController.execute_query]
[pid=2244] - [2026-08-13 17:21:38,441] - [commons.auth] - [INFO] - [Executing get_current_user dependency]
[pid=2244] - [2026-08-13 17:21:38,441] - [commons.auth] - [INFO] - [Executing require_roles dependency check]
[pid=2244] - [2026-08-13 17:21:38,443] - [core.apis.routes.api_key_router] - [INFO] - [Calling POST /api-keys endpoint]
[pid=2244] - [2026-08-13 17:21:38,443] - [core.controllers.api_key_controller] - [INFO] - [Executing ApiKeyController.create_key]
[pid=2244] - [2026-08-13 17:21:38,444] - [core.controllers.api_key_controller] - [INFO] - [API key created successfully! Name: Morning Check Script | Prefix: wms_live_c03]
[pid=2244] - [2026-08-13 17:21:38,446] - [commons.auth] - [INFO] - [Executing get_current_user dependency]
[pid=2244] - [2026-08-13 17:21:38,446] - [commons.auth] - [INFO] - [Executing require_roles dependency check]
[pid=2244] - [2026-08-13 17:21:38,446] - [core.apis.routes.api_key_router] - [INFO] - [Calling GET /api-keys endpoint]
[pid=2244] - [2026-08-13 17:21:38,446] - [core.controllers.api_key_controller] - [INFO] - [Executing ApiKeyController.list_keys]
[pid=2244] - [2026-08-13 17:21:38,448] - [commons.auth] - [INFO] - [Executing get_current_user dependency]
[pid=2244] - [2026-08-13 17:21:38,448] - [commons.auth] - [INFO] - [Executing require_roles dependency check]
[pid=2244] - [2026-08-13 17:21:38,449] - [core.apis.routes.api_key_router] - [INFO] - [Calling DELETE /api-keys/key123 endpoint]
[pid=2244] - [2026-08-13 17:21:38,449] - [core.controllers.api_key_controller] - [INFO] - [Executing ApiKeyController.revoke_key: key123]
[pid=2244] - [2026-08-13 17:21:38,449] - [core.controllers.api_key_controller] - [INFO] - [API key revoked successfully: key123]
[pid=2244] - [2026-08-13 17:21:38,458] - [commons.auth] - [INFO] - [Executing get_current_user dependency]
[pid=2244] - [2026-08-13 17:21:38,458] - [core.apis.routes.query_router] - [INFO] - [Calling POST /query endpoint]
[pid=2244] - [2026-08-13 17:21:38,458] - [core.controllers.nl_query_controller] - [INFO] - [Executing NLQueryController.execute_query]
[pid=2244] - [2026-08-13 17:21:38,458] - [core.controllers.nl_query_controller] - [WARNING] - [NL query rejected outside allow-list: Query does not match any allow-listed template]
[pid=2244] - [2026-08-13 17:21:38,458] - [core.apis.routes.query_router] - [ERROR] - [Error in POST /query endpoint: 400: Query does not match any allow-listed template]
[pid=2244] - [2026-08-13 17:21:38,465] - [commons.auth] - [INFO] - [Executing get_current_user dependency]
[pid=2244] - [2026-08-13 17:21:38,465] - [commons.auth] - [WARNING] - [Missing authentication token in request]
[pid=2244] - [2026-08-13 17:21:38,472] - [commons.auth] - [INFO] - [Executing hash_password function]
[pid=2244] - [2026-08-13 17:21:38,757] - [core.apis.routes.auth_router] - [INFO] - [Calling POST /auth/login endpoint]
[pid=2244] - [2026-08-13 17:21:38,759] - [core.controllers.auth_controller] - [INFO] - [Executing AuthController.login]
[pid=2244] - [2026-08-13 17:21:38,759] - [core.cruds.user_crud] - [INFO] - [Executing CRUDUser.get_by_email for: owner@whitfield.com]
[pid=2244] - [2026-08-13 17:21:38,759] - [commons.auth] - [INFO] - [Executing verify_password function]
[pid=2244] - [2026-08-13 17:21:39,026] - [commons.auth] - [INFO] - [Executing create_access_token function]
[pid=2244] - [2026-08-13 17:21:39,027] - [commons.auth] - [INFO] - [Executing create_refresh_token function]
[pid=2244] - [2026-08-13 17:21:39,028] - [core.controllers.auth_controller] - [INFO] - [User login successful: owner@whitfield.com (OWNER)]
[pid=2244] - [2026-08-13 17:21:39,036] - [commons.auth] - [INFO] - [Executing hash_password function]
[pid=2244] - [2026-08-13 17:21:39,311] - [core.apis.routes.auth_router] - [INFO] - [Calling POST /auth/login endpoint]
[pid=2244] - [2026-08-13 17:21:39,311] - [core.controllers.auth_controller] - [INFO] - [Executing AuthController.login]
[pid=2244] - [2026-08-13 17:21:39,311] - [core.cruds.user_crud] - [INFO] - [Executing CRUDUser.get_by_email for: owner@whitfield.com]
[pid=2244] - [2026-08-13 17:21:39,311] - [commons.auth] - [INFO] - [Executing verify_password function]
[pid=2244] - [2026-08-13 17:21:39,601] - [core.controllers.auth_controller] - [WARNING] - [Login failed: invalid password for user (owner@whitfield.com)]
[pid=2244] - [2026-08-13 17:21:39,601] - [core.apis.routes.auth_router] - [ERROR] - [Error in POST /auth/login endpoint: 401: Invalid email or password]
[pid=2244] - [2026-08-13 17:21:39,609] - [commons.auth] - [INFO] - [Executing get_current_user dependency]
[pid=2244] - [2026-08-13 17:21:39,610] - [commons.auth] - [INFO] - [Executing require_roles dependency check]
[pid=2244] - [2026-08-13 17:21:39,611] - [core.apis.routes.warehouse_router] - [INFO] - [Calling POST /warehouses endpoint]
[pid=2244] - [2026-08-13 17:21:39,612] - [core.controllers.warehouse_controller] - [INFO] - [Executing WarehouseController.create_warehouse]
[pid=2244] - [2026-08-13 17:21:39,612] - [core.services.audit_service] - [INFO] - [Executing AuditService.log_mutation | Action: CREATE | Collection: warehouses]
[pid=2244] - [2026-08-13 17:21:39,612] - [core.controllers.warehouse_controller] - [INFO] - [Warehouse created successfully: RNO]
[pid=2244] - [2026-08-13 17:21:39,623] - [commons.auth] - [INFO] - [Executing get_current_user dependency]
[pid=2244] - [2026-08-13 17:21:39,624] - [commons.auth] - [INFO] - [Executing require_roles dependency check]
[pid=2244] - [2026-08-13 17:21:39,627] - [core.apis.routes.user_router] - [INFO] - [Calling POST /users/managers endpoint]
[pid=2244] - [2026-08-13 17:21:39,627] - [core.controllers.user_controller] - [INFO] - [Executing UserController.create_manager]
[pid=2244] - [2026-08-13 17:21:39,628] - [commons.auth] - [INFO] - [Executing hash_password function]
[pid=2244] - [2026-08-13 17:21:39,905] - [core.services.audit_service] - [INFO] - [Executing AuditService.log_mutation | Action: CREATE | Collection: users]
[pid=2244] - [2026-08-13 17:21:39,906] - [core.controllers.user_controller] - [INFO] - [Manager user created successfully: manager.rno@whitfield.com]
[pid=2244] - [2026-08-13 17:21:39,915] - [commons.auth] - [INFO] - [Executing get_current_user dependency]
[pid=2244] - [2026-08-13 17:21:39,915] - [commons.auth] - [INFO] - [Executing require_roles dependency check]
[pid=2244] - [2026-08-13 17:21:39,921] - [core.apis.routes.user_router] - [INFO] - [Calling POST /users/staff endpoint]
[pid=2244] - [2026-08-13 17:21:39,921] - [core.controllers.user_controller] - [INFO] - [Executing UserController.create_staff]
[pid=2244] - [2026-08-13 17:21:39,921] - [commons.auth] - [INFO] - [Executing hash_password function]
[pid=2244] - [2026-08-13 17:21:40,200] - [core.services.audit_service] - [INFO] - [Executing AuditService.log_mutation | Action: CREATE | Collection: users]
[pid=2244] - [2026-08-13 17:21:40,200] - [core.controllers.user_controller] - [INFO] - [Staff user created successfully: staff.rookie@whitfield.com for WH: 607f1f77bcf86cd799439022]
[pid=2244] - [2026-08-13 17:21:40,210] - [commons.auth] - [INFO] - [Executing get_current_user dependency]
[pid=2244] - [2026-08-13 17:21:40,210] - [commons.auth] - [INFO] - [Executing require_roles dependency check]
[pid=2244] - [2026-08-13 17:21:40,210] - [commons.auth] - [WARNING] - [User staff.rookie@whitfield.com with role STAFF denied access. Required: ['OWNER']]
[pid=2244] - [2026-08-13 17:21:40,218] - [commons.auth] - [INFO] - [Executing get_current_user dependency]
[pid=2244] - [2026-08-13 17:21:40,219] - [commons.auth] - [INFO] - [Executing require_roles dependency check]
[pid=2244] - [2026-08-13 17:21:40,219] - [core.apis.routes.audit_router] - [INFO] - [Calling GET /audit endpoint]
[pid=2244] - [2026-08-13 17:21:40,220] - [core.controllers.audit_controller] - [INFO] - [Executing AuditController.get_audit_logs]
[pid=2244] - [2026-08-13 17:21:40,227] - [commons.auth] - [INFO] - [Executing get_current_user dependency]
[pid=2244] - [2026-08-13 17:21:40,228] - [commons.auth] - [INFO] - [Executing require_roles dependency check]
[pid=2244] - [2026-08-13 17:21:40,228] - [commons.auth] - [WARNING] - [User None with role STAFF denied access. Required: ['OWNER']]
[pid=2244] - [2026-08-13 17:21:40,231] - [commons.auth] - [INFO] - [Executing get_current_user dependency]
[pid=2244] - [2026-08-13 17:21:40,232] - [commons.auth] - [INFO] - [Executing require_roles dependency check]
[pid=2244] - [2026-08-13 17:21:40,232] - [commons.auth] - [WARNING] - [User None with role MANAGER denied access. Required: ['OWNER']]
[pid=2244] - [2026-08-13 17:21:40,241] - [commons.auth] - [INFO] - [Executing get_current_user dependency]
[pid=2244] - [2026-08-13 17:21:40,242] - [commons.auth] - [INFO] - [Executing require_roles dependency check]
[pid=2244] - [2026-08-13 17:21:40,242] - [core.apis.routes.warehouse_router] - [INFO] - [Calling POST /warehouses endpoint]
[pid=2244] - [2026-08-13 17:21:40,242] - [core.controllers.warehouse_controller] - [INFO] - [Executing WarehouseController.create_warehouse]
[pid=2244] - [2026-08-13 17:21:40,243] - [core.controllers.warehouse_controller] - [INFO] - [Warehouse created successfully: RNO]
[pid=2244] - [2026-08-13 17:21:40,259] - [core.apis.routes.health_router] - [INFO] - [Calling GET /health endpoint]
[pid=2244] - [2026-08-13 17:21:40,259] - [core.controllers.health_controller] - [INFO] - [Executing HealthController.get_health]
[pid=2244] - [2026-08-13 17:21:40,260] - [core.database.database] - [INFO] - [Executing ping function]
[pid=2244] - [2026-08-13 17:21:40,260] - [core.database.database] - [INFO] - [Executing MongoDatabase function]
[pid=2244] - [2026-08-13 17:21:40,260] - [core.database.database] - [INFO] - [Executing _MongoClientSingleton.__new__ | DB: wms]
[pid=2244] - [2026-08-13 17:21:40,272] - [core.database.database] - [INFO] - [MongoDB singleton initialized successfully | URI: mongodb://localhost:27017/?replicaSet=rs0&directConnection=true]
[pid=2244] - [2026-08-13 17:21:40,296] - [core.database.database] - [INFO] - [MongoDB ping successful]
[pid=2244] - [2026-08-13 17:21:40,309] - [commons.auth] - [INFO] - [Executing get_current_user dependency]
[pid=2244] - [2026-08-13 17:21:40,311] - [core.apis.routes.arrival_router] - [INFO] - [Calling POST /arrivals endpoint]
[pid=2244] - [2026-08-13 17:21:40,311] - [core.controllers.arrival_controller] - [INFO] - [Executing ArrivalController.process_arrival]
[pid=2244] - [2026-08-13 17:21:40,311] - [core.services.audit_service] - [INFO] - [Executing AuditService.log_mutation | Action: ARRIVE | Collection: tickets]
[pid=2244] - [2026-08-13 17:21:40,312] - [core.controllers.arrival_controller] - [INFO] - [Arrival processed successfully! Generated Ticket ID: RNO-20260813-001]
[pid=2244] - [2026-08-13 17:21:40,314] - [commons.auth] - [INFO] - [Executing get_current_user dependency]
[pid=2244] - [2026-08-13 17:21:40,317] - [core.apis.routes.ticket_router] - [INFO] - [Calling POST /tickets/RNO-20260813-001/items endpoint]
[pid=2244] - [2026-08-13 17:21:40,318] - [core.controllers.ticket_controller] - [INFO] - [Executing TicketController.log_item_scan for ticket: RNO-20260813-001]
[pid=2244] - [2026-08-13 17:21:40,318] - [core.services.audit_service] - [INFO] - [Executing AuditService.log_mutation | Action: SCAN_ITEM | Collection: items]
[pid=2244] - [2026-08-13 17:21:40,318] - [core.controllers.ticket_controller] - [INFO] - [Item scanned and logged successfully! Unit Seq: 1 under Ticket: RNO-20260813-001]
[pid=2244] - [2026-08-13 17:21:40,320] - [commons.auth] - [INFO] - [Executing get_current_user dependency]
[pid=2244] - [2026-08-13 17:21:40,320] - [core.apis.routes.ticket_router] - [INFO] - [Calling PUT /tickets/ticket123/submit-inspection endpoint]
[pid=2244] - [2026-08-13 17:21:40,320] - [core.controllers.ticket_controller] - [INFO] - [Executing TicketController.submit_inspection for: ticket123]
[pid=2244] - [2026-08-13 17:21:40,320] - [core.services.audit_service] - [INFO] - [Executing AuditService.log_mutation | Action: SUBMIT_INSPECTION | Collection: tickets]
[pid=2244] - [2026-08-13 17:21:40,321] - [core.controllers.ticket_controller] - [INFO] - [Ticket submitted for inspection approval: RNO-20260813-001]
[pid=2244] - [2026-08-13 17:21:40,322] - [commons.auth] - [INFO] - [Executing get_current_user dependency]
[pid=2244] - [2026-08-13 17:21:40,323] - [commons.auth] - [INFO] - [Executing require_roles dependency check]
[pid=2244] - [2026-08-13 17:21:40,323] - [core.apis.routes.ticket_router] - [INFO] - [Calling POST /tickets/ticket123/approve endpoint]
[pid=2244] - [2026-08-13 17:21:40,323] - [core.controllers.ticket_controller] - [INFO] - [Executing TicketController.approve_ticket: ticket123]
[pid=2244] - [2026-08-13 17:21:40,323] - [core.services.audit_service] - [INFO] - [Executing AuditService.log_mutation | Action: APPROVE_SHIPMENT | Collection: tickets]
[pid=2244] - [2026-08-13 17:21:40,323] - [core.controllers.ticket_controller] - [INFO] - [Ticket inspection APPROVED! Status: SHIPMENT_ARRIVED for Ticket: RNO-20260813-001]
[pid=2244] - [2026-08-13 17:21:40,326] - [commons.auth] - [INFO] - [Executing get_current_user dependency]
[pid=2244] - [2026-08-13 17:21:40,327] - [core.apis.routes.ticket_router] - [INFO] - [Calling POST /tickets/ticket123/store endpoint]
[pid=2244] - [2026-08-13 17:21:40,327] - [core.controllers.ticket_controller] - [INFO] - [Executing TicketController.store_ticket: ticket123 -> A-04-12]
[pid=2244] - [2026-08-13 17:21:40,327] - [core.services.audit_service] - [INFO] - [Executing AuditService.log_mutation | Action: STORE_TICKET | Collection: tickets]
[pid=2244] - [2026-08-13 17:21:40,327] - [core.controllers.ticket_controller] - [INFO] - [Ticket STORED successfully at location: A-04-12]
[pid=2244] - [2026-08-13 17:21:40,337] - [commons.auth] - [INFO] - [Executing get_current_user dependency]
[pid=2244] - [2026-08-13 17:21:40,337] - [core.apis.routes.arrival_router] - [INFO] - [Calling POST /arrivals endpoint]
[pid=2244] - [2026-08-13 17:21:40,337] - [core.controllers.arrival_controller] - [INFO] - [Executing ArrivalController.process_arrival]
[pid=2244] - [2026-08-13 17:21:40,338] - [core.services.audit_service] - [INFO] - [Executing AuditService.log_mutation | Action: ARRIVE | Collection: tickets]
[pid=2244] - [2026-08-13 17:21:40,338] - [core.controllers.arrival_controller] - [INFO] - [Arrival processed successfully! Generated Ticket ID: LAX-20260813-001]
[pid=2244] - [2026-08-13 17:21:40,348] - [commons.auth] - [INFO] - [Executing get_current_user dependency]
[pid=2244] - [2026-08-13 17:21:40,348] - [core.apis.routes.ticket_router] - [INFO] - [Calling POST /tickets/RNO-20260813-001/items endpoint]
[pid=2244] - [2026-08-13 17:21:40,348] - [core.controllers.ticket_controller] - [INFO] - [Executing TicketController.log_item_scan for ticket: RNO-20260813-001]
[pid=2244] - [2026-08-13 17:21:40,349] - [core.apis.routes.ticket_router] - [ERROR] - [Error in POST /tickets/RNO-20260813-001/items endpoint: 409: Duplicate submission]
[pid=2244] - [2026-08-13 17:21:40,361] - [commons.auth] - [INFO] - [Executing get_current_user dependency]
[pid=2244] - [2026-08-13 17:21:40,365] - [core.apis.routes.order_router] - [INFO] - [Calling POST /orders endpoint]
[pid=2244] - [2026-08-13 17:21:40,365] - [core.controllers.order_controller] - [INFO] - [Executing OrderController.create_order]
[pid=2244] - [2026-08-13 17:21:40,365] - [core.services.audit_service] - [INFO] - [Executing AuditService.log_mutation | Action: CREATE | Collection: orders]
[pid=2244] - [2026-08-13 17:21:40,366] - [core.controllers.order_controller] - [INFO] - [Customer order created successfully: ORD-1001]
[pid=2244] - [2026-08-13 17:21:40,373] - [commons.auth] - [INFO] - [Executing get_current_user dependency]
[pid=2244] - [2026-08-13 17:21:40,373] - [core.apis.routes.order_router] - [INFO] - [Calling POST /orders/ORD-1001/reserve endpoint]
[pid=2244] - [2026-08-13 17:21:40,374] - [core.controllers.order_controller] - [INFO] - [Executing OrderController.reserve_order for: ORD-1001]
[pid=2244] - [2026-08-13 17:21:40,376] - [core.services.audit_service] - [INFO] - [Executing AuditService.log_mutation | Action: RESERVE_ORDER | Collection: orders]
[pid=2244] - [2026-08-13 17:21:40,376] - [core.controllers.order_controller] - [INFO] - [Order stock reserved successfully! Order ID: ORD-1001]
[pid=2244] - [2026-08-13 17:21:40,379] - [commons.auth] - [INFO] - [Executing get_current_user dependency]
[pid=2244] - [2026-08-13 17:21:40,379] - [core.apis.routes.order_router] - [INFO] - [Calling GET /orders/ORD-1001/picklist endpoint]
[pid=2244] - [2026-08-13 17:21:40,379] - [core.controllers.order_controller] - [INFO] - [Executing OrderController.get_picklist for: ORD-1001]
[pid=2244] - [2026-08-13 17:21:40,382] - [commons.auth] - [INFO] - [Executing get_current_user dependency]
[pid=2244] - [2026-08-13 17:21:40,385] - [core.apis.routes.order_router] - [INFO] - [Calling POST /orders/ORD-1001/pack endpoint]
[pid=2244] - [2026-08-13 17:21:40,385] - [core.controllers.order_controller] - [INFO] - [Executing OrderController.pack_order for: ORD-1001]
[pid=2244] - [2026-08-13 17:21:40,385] - [core.services.audit_service] - [INFO] - [Executing AuditService.log_mutation | Action: PACK_ORDER | Collection: orders]
[pid=2244] - [2026-08-13 17:21:40,385] - [core.controllers.order_controller] - [INFO] - [Order PACKED successfully: ORD-1001]
[pid=2244] - [2026-08-13 17:21:40,387] - [commons.auth] - [INFO] - [Executing get_current_user dependency]
[pid=2244] - [2026-08-13 17:21:40,387] - [core.apis.routes.order_router] - [INFO] - [Calling POST /orders/ORD-1001/label endpoint]
[pid=2244] - [2026-08-13 17:21:40,387] - [core.controllers.order_controller] - [INFO] - [Executing OrderController.generate_label for: ORD-1001]
[pid=2244] - [2026-08-13 17:21:40,388] - [core.controllers.order_controller] - [INFO] - [Shipping label generated stub for order ORD-1001: 1Z9993F79F7EBC4]
[pid=2244] - [2026-08-13 17:21:40,390] - [commons.auth] - [INFO] - [Executing get_current_user dependency]
[pid=2244] - [2026-08-13 17:21:40,390] - [core.apis.routes.order_router] - [INFO] - [Calling POST /orders/ORD-1001/ship endpoint]
[pid=2244] - [2026-08-13 17:21:40,391] - [core.controllers.order_controller] - [INFO] - [Executing OrderController.ship_order for: ORD-1001]
[pid=2244] - [2026-08-13 17:21:40,391] - [core.services.audit_service] - [INFO] - [Executing AuditService.log_mutation | Action: SHIP_ORDER | Collection: orders]
[pid=2244] - [2026-08-13 17:21:40,391] - [core.controllers.order_controller] - [INFO] - [Order SHIPPED successfully! Units converted to SOLD: ORD-1001]
[pid=2244] - [2026-08-13 17:21:40,409] - [commons.auth] - [INFO] - [Executing get_current_user dependency]
[pid=2244] - [2026-08-13 17:21:40,410] - [core.apis.routes.order_router] - [INFO] - [Calling POST /orders/ORD-PARALLEL/reserve endpoint]
[pid=2244] - [2026-08-13 17:21:40,410] - [core.controllers.order_controller] - [INFO] - [Executing OrderController.reserve_order for: ORD-PARALLEL]
[pid=2244] - [2026-08-13 17:21:40,413] - [core.controllers.order_controller] - [INFO] - [Order stock reserved successfully! Order ID: ORD-PARALLEL]
[pid=2244] - [2026-08-13 17:21:40,415] - [commons.auth] - [INFO] - [Executing get_current_user dependency]
[pid=2244] - [2026-08-13 17:21:40,416] - [core.apis.routes.order_router] - [INFO] - [Calling POST /orders/ORD-PARALLEL/reserve endpoint]
[pid=2244] - [2026-08-13 17:21:40,416] - [core.controllers.order_controller] - [INFO] - [Executing OrderController.reserve_order for: ORD-PARALLEL]
[pid=2244] - [2026-08-13 17:21:40,417] - [core.controllers.order_controller] - [WARNING] - [Stock reservation failed: barcode 012345678905 needs 1, available 0]
[pid=2244] - [2026-08-13 17:21:40,417] - [core.apis.routes.order_router] - [ERROR] - [Error in POST /orders/ORD-PARALLEL/reserve endpoint: 409: Insufficient stock for barcode '012345678905'. Required: 1, Available: 0]
[pid=2244] - [2026-08-13 17:21:40,425] - [commons.auth] - [INFO] - [Executing get_current_user dependency]
[pid=2244] - [2026-08-13 17:21:40,426] - [commons.auth] - [INFO] - [Executing require_roles dependency check]
[pid=2244] - [2026-08-13 17:21:40,426] - [core.apis.routes.report_router] - [INFO] - [Calling GET /reports/summary endpoint]
[pid=2244] - [2026-08-13 17:21:40,434] - [commons.auth] - [INFO] - [Executing get_current_user dependency]
[pid=2244] - [2026-08-13 17:21:40,434] - [commons.auth] - [INFO] - [Executing require_roles dependency check]
[pid=2244] - [2026-08-13 17:21:40,435] - [core.apis.routes.report_router] - [INFO] - [Calling GET /reports/stock endpoint]
[pid=2244] - [2026-08-13 17:21:40,442] - [commons.auth] - [INFO] - [Executing get_current_user dependency]
[pid=2244] - [2026-08-13 17:21:40,443] - [commons.auth] - [INFO] - [Executing require_roles dependency check]
[pid=2244] - [2026-08-13 17:21:40,443] - [core.apis.routes.report_router] - [INFO] - [Calling GET /reports/export endpoint | Type: stock | Format: csv]
[pid=2244] - [2026-08-13 17:21:40,452] - [core.utils.ticket_generator] - [INFO] - [Executing TicketGenerator.generate_ticket_id for WH: RNO]
[pid=2244] - [2026-08-13 17:21:40,452] - [core.utils.ticket_generator] - [INFO] - [Generated ticket ID: RNO-20260813-014]
[pid=20572] - [2026-08-13 17:22:07,843] - [core.config.settings] - [INFO] - [Executing get_settings function]
[pid=20572] - [2026-08-13 17:22:11,653] - [commons.auth] - [INFO] - [Executing get_current_user dependency]
[pid=20572] - [2026-08-13 17:22:11,654] - [core.apis.routes.voice_router] - [INFO] - [Calling POST /voice/transcribe endpoint]
[pid=20572] - [2026-08-13 17:22:11,655] - [core.controllers.voice_controller] - [INFO] - [Executing VoiceController.transcribe]
[pid=20572] - [2026-08-13 17:22:11,655] - [core.services.voice_service] - [INFO] - [Executing VoiceService.transcribe_audio]
[pid=20572] - [2026-08-13 17:22:11,666] - [commons.auth] - [INFO] - [Executing get_current_user dependency]
[pid=20572] - [2026-08-13 17:22:11,668] - [core.apis.routes.voice_router] - [INFO] - [Calling POST /voice/parse endpoint]
[pid=20572] - [2026-08-13 17:22:11,669] - [core.controllers.voice_controller] - [INFO] - [Executing VoiceController.parse_transcript for ticket: RNO-20260813-001]
[pid=20572] - [2026-08-13 17:22:11,670] - [core.services.voice_service] - [INFO] - [Executing VoiceService.parse_transcript]
[pid=20572] - [2026-08-13 17:22:11,677] - [core.controllers.voice_controller] - [INFO] - [Voice draft saved successfully! Draft ID: draft123]
[pid=20572] - [2026-08-13 17:22:11,682] - [commons.auth] - [INFO] - [Executing get_current_user dependency]
[pid=20572] - [2026-08-13 17:22:11,683] - [core.apis.routes.voice_router] - [INFO] - [Calling POST /voice/drafts/draft123/confirm endpoint]
[pid=20572] - [2026-08-13 17:22:11,684] - [core.controllers.voice_controller] - [INFO] - [Executing VoiceController.confirm_draft for draft: draft123]
[pid=20572] - [2026-08-13 17:22:11,684] - [core.services.audit_service] - [INFO] - [Executing AuditService.__init__]
[pid=20572] - [2026-08-13 17:22:11,684] - [core.controllers.voice_controller] - [INFO] - [Voice draft confirmed and logged through Phase 2 pipeline! Draft ID: draft123]
[pid=20572] - [2026-08-13 17:22:11,706] - [commons.auth] - [INFO] - [Executing get_current_user dependency]
[pid=20572] - [2026-08-13 17:22:11,707] - [core.apis.routes.vision_router] - [INFO] - [Calling POST /vision/measure endpoint]
[pid=20572] - [2026-08-13 17:22:11,707] - [core.controllers.vision_controller] - [INFO] - [Executing VisionController.measure_package]
[pid=20572] - [2026-08-13 17:22:11,716] - [commons.auth] - [INFO] - [Executing get_current_user dependency]
[pid=20572] - [2026-08-13 17:22:11,717] - [core.apis.routes.query_router] - [INFO] - [Calling POST /query endpoint]
[pid=20572] - [2026-08-13 17:22:11,717] - [core.controllers.nl_query_controller] - [INFO] - [Executing NLQueryController.execute_query]
[pid=20572] - [2026-08-13 17:22:11,730] - [commons.auth] - [INFO] - [Executing get_current_user dependency]
[pid=20572] - [2026-08-13 17:22:11,731] - [commons.auth] - [INFO] - [Executing require_roles dependency check]
[pid=20572] - [2026-08-13 17:22:11,735] - [core.apis.routes.api_key_router] - [INFO] - [Calling POST /api-keys endpoint]
[pid=20572] - [2026-08-13 17:22:11,735] - [core.controllers.api_key_controller] - [INFO] - [Executing ApiKeyController.create_key]
[pid=20572] - [2026-08-13 17:22:11,737] - [core.controllers.api_key_controller] - [INFO] - [API key created successfully! Name: Morning Check Script | Prefix: wms_live_dca]
[pid=20572] - [2026-08-13 17:22:11,740] - [commons.auth] - [INFO] - [Executing get_current_user dependency]
[pid=20572] - [2026-08-13 17:22:11,741] - [commons.auth] - [INFO] - [Executing require_roles dependency check]
[pid=20572] - [2026-08-13 17:22:11,741] - [core.apis.routes.api_key_router] - [INFO] - [Calling GET /api-keys endpoint]
[pid=20572] - [2026-08-13 17:22:11,741] - [core.controllers.api_key_controller] - [INFO] - [Executing ApiKeyController.list_keys]
[pid=20572] - [2026-08-13 17:22:11,743] - [commons.auth] - [INFO] - [Executing get_current_user dependency]
[pid=20572] - [2026-08-13 17:22:11,743] - [commons.auth] - [INFO] - [Executing require_roles dependency check]
[pid=20572] - [2026-08-13 17:22:11,743] - [core.apis.routes.api_key_router] - [INFO] - [Calling DELETE /api-keys/key123 endpoint]
[pid=20572] - [2026-08-13 17:22:11,744] - [core.controllers.api_key_controller] - [INFO] - [Executing ApiKeyController.revoke_key: key123]
[pid=20572] - [2026-08-13 17:22:11,744] - [core.controllers.api_key_controller] - [INFO] - [API key revoked successfully: key123]
[pid=20572] - [2026-08-13 17:22:11,753] - [commons.auth] - [INFO] - [Executing get_current_user dependency]
[pid=20572] - [2026-08-13 17:22:11,754] - [core.apis.routes.query_router] - [INFO] - [Calling POST /query endpoint]
[pid=20572] - [2026-08-13 17:22:11,754] - [core.controllers.nl_query_controller] - [INFO] - [Executing NLQueryController.execute_query]
[pid=20572] - [2026-08-13 17:22:11,754] - [core.controllers.nl_query_controller] - [WARNING] - [NL query rejected outside allow-list: Query does not match any allow-listed template]
[pid=20572] - [2026-08-13 17:22:11,755] - [core.apis.routes.query_router] - [ERROR] - [Error in POST /query endpoint: 400: Query does not match any allow-listed template]
[pid=20572] - [2026-08-13 17:22:11,765] - [commons.auth] - [INFO] - [Executing get_current_user dependency]
[pid=20572] - [2026-08-13 17:22:11,766] - [commons.auth] - [WARNING] - [Missing authentication token in request]
[pid=20572] - [2026-08-13 17:22:11,773] - [commons.auth] - [INFO] - [Executing hash_password function]
[pid=20572] - [2026-08-13 17:22:12,064] - [core.apis.routes.auth_router] - [INFO] - [Calling POST /auth/login endpoint]
[pid=20572] - [2026-08-13 17:22:12,064] - [core.controllers.auth_controller] - [INFO] - [Executing AuthController.login]
[pid=20572] - [2026-08-13 17:22:12,064] - [core.cruds.user_crud] - [INFO] - [Executing CRUDUser.get_by_email for: owner@whitfield.com]
[pid=20572] - [2026-08-13 17:22:12,064] - [commons.auth] - [INFO] - [Executing verify_password function]
[pid=20572] - [2026-08-13 17:22:12,341] - [commons.auth] - [INFO] - [Executing create_access_token function]
[pid=20572] - [2026-08-13 17:22:12,342] - [commons.auth] - [INFO] - [Executing create_refresh_token function]
[pid=20572] - [2026-08-13 17:22:12,343] - [core.controllers.auth_controller] - [INFO] - [User login successful: owner@whitfield.com (OWNER)]
[pid=20572] - [2026-08-13 17:22:12,348] - [commons.auth] - [INFO] - [Executing hash_password function]
[pid=20572] - [2026-08-13 17:22:12,691] - [core.apis.routes.auth_router] - [INFO] - [Calling POST /auth/login endpoint]
[pid=20572] - [2026-08-13 17:22:12,691] - [core.controllers.auth_controller] - [INFO] - [Executing AuthController.login]
[pid=20572] - [2026-08-13 17:22:12,692] - [core.cruds.user_crud] - [INFO] - [Executing CRUDUser.get_by_email for: owner@whitfield.com]
[pid=20572] - [2026-08-13 17:22:12,693] - [commons.auth] - [INFO] - [Executing verify_password function]
[pid=20572] - [2026-08-13 17:22:13,177] - [core.controllers.auth_controller] - [WARNING] - [Login failed: invalid password for user (owner@whitfield.com)]
[pid=20572] - [2026-08-13 17:22:13,178] - [core.apis.routes.auth_router] - [ERROR] - [Error in POST /auth/login endpoint: 401: Invalid email or password]
[pid=20572] - [2026-08-13 17:22:13,209] - [commons.auth] - [INFO] - [Executing get_current_user dependency]
[pid=20572] - [2026-08-13 17:22:13,210] - [commons.auth] - [INFO] - [Executing require_roles dependency check]
[pid=20572] - [2026-08-13 17:22:13,215] - [core.apis.routes.warehouse_router] - [INFO] - [Calling POST /warehouses endpoint]
[pid=20572] - [2026-08-13 17:22:13,215] - [core.controllers.warehouse_controller] - [INFO] - [Executing WarehouseController.create_warehouse]
[pid=20572] - [2026-08-13 17:22:13,216] - [core.services.audit_service] - [INFO] - [Executing AuditService.log_mutation | Action: CREATE | Collection: warehouses]
[pid=20572] - [2026-08-13 17:22:13,217] - [core.controllers.warehouse_controller] - [INFO] - [Warehouse created successfully: RNO]
[pid=20572] - [2026-08-13 17:22:13,253] - [commons.auth] - [INFO] - [Executing get_current_user dependency]
[pid=20572] - [2026-08-13 17:22:13,255] - [commons.auth] - [INFO] - [Executing require_roles dependency check]
[pid=20572] - [2026-08-13 17:22:13,268] - [core.apis.routes.user_router] - [INFO] - [Calling POST /users/managers endpoint]
[pid=20572] - [2026-08-13 17:22:13,269] - [core.controllers.user_controller] - [INFO] - [Executing UserController.create_manager]
[pid=20572] - [2026-08-13 17:22:13,270] - [commons.auth] - [INFO] - [Executing hash_password function]
[pid=20572] - [2026-08-13 17:22:13,670] - [core.services.audit_service] - [INFO] - [Executing AuditService.log_mutation | Action: CREATE | Collection: users]
[pid=20572] - [2026-08-13 17:22:13,670] - [core.controllers.user_controller] - [INFO] - [Manager user created successfully: manager.rno@whitfield.com]
[pid=20572] - [2026-08-13 17:22:13,689] - [commons.auth] - [INFO] - [Executing get_current_user dependency]
[pid=20572] - [2026-08-13 17:22:13,691] - [commons.auth] - [INFO] - [Executing require_roles dependency check]
[pid=20572] - [2026-08-13 17:22:13,701] - [core.apis.routes.user_router] - [INFO] - [Calling POST /users/staff endpoint]
[pid=20572] - [2026-08-13 17:22:13,702] - [core.controllers.user_controller] - [INFO] - [Executing UserController.create_staff]
[pid=20572] - [2026-08-13 17:22:13,702] - [commons.auth] - [INFO] - [Executing hash_password function]
[pid=20572] - [2026-08-13 17:22:14,164] - [core.services.audit_service] - [INFO] - [Executing AuditService.log_mutation | Action: CREATE | Collection: users]
[pid=20572] - [2026-08-13 17:22:14,165] - [core.controllers.user_controller] - [INFO] - [Staff user created successfully: staff.rookie@whitfield.com for WH: 607f1f77bcf86cd799439022]
[pid=20572] - [2026-08-13 17:22:14,188] - [commons.auth] - [INFO] - [Executing get_current_user dependency]
[pid=20572] - [2026-08-13 17:22:14,190] - [commons.auth] - [INFO] - [Executing require_roles dependency check]
[pid=20572] - [2026-08-13 17:22:14,190] - [commons.auth] - [WARNING] - [User staff.rookie@whitfield.com with role STAFF denied access. Required: ['OWNER']]
[pid=20572] - [2026-08-13 17:22:14,211] - [commons.auth] - [INFO] - [Executing get_current_user dependency]
[pid=20572] - [2026-08-13 17:22:14,212] - [commons.auth] - [INFO] - [Executing require_roles dependency check]
[pid=20572] - [2026-08-13 17:22:14,214] - [core.apis.routes.audit_router] - [INFO] - [Calling GET /audit endpoint]
[pid=20572] - [2026-08-13 17:22:14,214] - [core.controllers.audit_controller] - [INFO] - [Executing AuditController.get_audit_logs]
[pid=20572] - [2026-08-13 17:22:14,235] - [commons.auth] - [INFO] - [Executing get_current_user dependency]
[pid=20572] - [2026-08-13 17:22:14,236] - [commons.auth] - [INFO] - [Executing require_roles dependency check]
[pid=20572] - [2026-08-13 17:22:14,236] - [commons.auth] - [WARNING] - [User None with role STAFF denied access. Required: ['OWNER']]
[pid=20572] - [2026-08-13 17:22:14,244] - [commons.auth] - [INFO] - [Executing get_current_user dependency]
[pid=20572] - [2026-08-13 17:22:14,245] - [commons.auth] - [INFO] - [Executing require_roles dependency check]
[pid=20572] - [2026-08-13 17:22:14,245] - [commons.auth] - [WARNING] - [User None with role MANAGER denied access. Required: ['OWNER']]
[pid=20572] - [2026-08-13 17:22:14,268] - [commons.auth] - [INFO] - [Executing get_current_user dependency]
[pid=20572] - [2026-08-13 17:22:14,269] - [commons.auth] - [INFO] - [Executing require_roles dependency check]
[pid=20572] - [2026-08-13 17:22:14,270] - [core.apis.routes.warehouse_router] - [INFO] - [Calling POST /warehouses endpoint]
[pid=20572] - [2026-08-13 17:22:14,270] - [core.controllers.warehouse_controller] - [INFO] - [Executing WarehouseController.create_warehouse]
[pid=20572] - [2026-08-13 17:22:14,271] - [core.controllers.warehouse_controller] - [INFO] - [Warehouse created successfully: RNO]
[pid=20572] - [2026-08-13 17:22:14,318] - [core.apis.routes.health_router] - [INFO] - [Calling GET /health endpoint]
[pid=20572] - [2026-08-13 17:22:14,319] - [core.controllers.health_controller] - [INFO] - [Executing HealthController.get_health]
[pid=20572] - [2026-08-13 17:22:14,319] - [core.database.database] - [INFO] - [Executing ping function]
[pid=20572] - [2026-08-13 17:22:14,320] - [core.database.database] - [INFO] - [Executing MongoDatabase function]
[pid=20572] - [2026-08-13 17:22:14,320] - [core.database.database] - [INFO] - [Executing _MongoClientSingleton.__new__ | DB: wms]
[pid=20572] - [2026-08-13 17:22:14,356] - [core.database.database] - [INFO] - [MongoDB singleton initialized successfully | URI: mongodb://localhost:27017/?replicaSet=rs0&directConnection=true]
[pid=20572] - [2026-08-13 17:22:14,405] - [core.database.database] - [INFO] - [MongoDB ping successful]
[pid=20572] - [2026-08-13 17:22:14,467] - [commons.auth] - [INFO] - [Executing get_current_user dependency]
[pid=20572] - [2026-08-13 17:22:14,472] - [core.apis.routes.arrival_router] - [INFO] - [Calling POST /arrivals endpoint]
[pid=20572] - [2026-08-13 17:22:14,473] - [core.controllers.arrival_controller] - [INFO] - [Executing ArrivalController.process_arrival]
[pid=20572] - [2026-08-13 17:22:14,473] - [core.services.audit_service] - [INFO] - [Executing AuditService.log_mutation | Action: ARRIVE | Collection: tickets]
[pid=20572] - [2026-08-13 17:22:14,474] - [core.controllers.arrival_controller] - [INFO] - [Arrival processed successfully! Generated Ticket ID: RNO-20260813-001]
[pid=20572] - [2026-08-13 17:22:14,479] - [commons.auth] - [INFO] - [Executing get_current_user dependency]
[pid=20572] - [2026-08-13 17:22:14,486] - [core.apis.routes.ticket_router] - [INFO] - [Calling POST /tickets/RNO-20260813-001/items endpoint]
[pid=20572] - [2026-08-13 17:22:14,487] - [core.controllers.ticket_controller] - [INFO] - [Executing TicketController.log_item_scan for ticket: RNO-20260813-001]
[pid=20572] - [2026-08-13 17:22:14,487] - [core.services.audit_service] - [INFO] - [Executing AuditService.log_mutation | Action: SCAN_ITEM | Collection: items]
[pid=20572] - [2026-08-13 17:22:14,488] - [core.controllers.ticket_controller] - [INFO] - [Item scanned and logged successfully! Unit Seq: 1 under Ticket: RNO-20260813-001]
[pid=20572] - [2026-08-13 17:22:14,491] - [commons.auth] - [INFO] - [Executing get_current_user dependency]
[pid=20572] - [2026-08-13 17:22:14,492] - [core.apis.routes.ticket_router] - [INFO] - [Calling PUT /tickets/ticket123/submit-inspection endpoint]
[pid=20572] - [2026-08-13 17:22:14,492] - [core.controllers.ticket_controller] - [INFO] - [Executing TicketController.submit_inspection for: ticket123]
[pid=20572] - [2026-08-13 17:22:14,493] - [core.services.audit_service] - [INFO] - [Executing AuditService.log_mutation | Action: SUBMIT_INSPECTION | Collection: tickets]
[pid=20572] - [2026-08-13 17:22:14,493] - [core.controllers.ticket_controller] - [INFO] - [Ticket submitted for inspection approval: RNO-20260813-001]
[pid=20572] - [2026-08-13 17:22:14,496] - [commons.auth] - [INFO] - [Executing get_current_user dependency]
[pid=20572] - [2026-08-13 17:22:14,497] - [commons.auth] - [INFO] - [Executing require_roles dependency check]
[pid=20572] - [2026-08-13 17:22:14,497] - [core.apis.routes.ticket_router] - [INFO] - [Calling POST /tickets/ticket123/approve endpoint]
[pid=20572] - [2026-08-13 17:22:14,498] - [core.controllers.ticket_controller] - [INFO] - [Executing TicketController.approve_ticket: ticket123]
[pid=20572] - [2026-08-13 17:22:14,498] - [core.services.audit_service] - [INFO] - [Executing AuditService.log_mutation | Action: APPROVE_SHIPMENT | Collection: tickets]
[pid=20572] - [2026-08-13 17:22:14,499] - [core.controllers.ticket_controller] - [INFO] - [Ticket inspection APPROVED! Status: SHIPMENT_ARRIVED for Ticket: RNO-20260813-001]
[pid=20572] - [2026-08-13 17:22:14,504] - [commons.auth] - [INFO] - [Executing get_current_user dependency]
[pid=20572] - [2026-08-13 17:22:14,506] - [core.apis.routes.ticket_router] - [INFO] - [Calling POST /tickets/ticket123/store endpoint]
[pid=20572] - [2026-08-13 17:22:14,506] - [core.controllers.ticket_controller] - [INFO] - [Executing TicketController.store_ticket: ticket123 -> A-04-12]
[pid=20572] - [2026-08-13 17:22:14,507] - [core.services.audit_service] - [INFO] - [Executing AuditService.log_mutation | Action: STORE_TICKET | Collection: tickets]
[pid=20572] - [2026-08-13 17:22:14,507] - [core.controllers.ticket_controller] - [INFO] - [Ticket STORED successfully at location: A-04-12]
[pid=20572] - [2026-08-13 17:22:14,528] - [commons.auth] - [INFO] - [Executing get_current_user dependency]
[pid=20572] - [2026-08-13 17:22:14,530] - [core.apis.routes.arrival_router] - [INFO] - [Calling POST /arrivals endpoint]
[pid=20572] - [2026-08-13 17:22:14,530] - [core.controllers.arrival_controller] - [INFO] - [Executing ArrivalController.process_arrival]
[pid=20572] - [2026-08-13 17:22:14,531] - [core.services.audit_service] - [INFO] - [Executing AuditService.log_mutation | Action: ARRIVE | Collection: tickets]
[pid=20572] - [2026-08-13 17:22:14,531] - [core.controllers.arrival_controller] - [INFO] - [Arrival processed successfully! Generated Ticket ID: LAX-20260813-001]
[pid=20572] - [2026-08-13 17:22:14,555] - [commons.auth] - [INFO] - [Executing get_current_user dependency]
[pid=20572] - [2026-08-13 17:22:14,558] - [core.apis.routes.ticket_router] - [INFO] - [Calling POST /tickets/RNO-20260813-001/items endpoint]
[pid=20572] - [2026-08-13 17:22:14,558] - [core.controllers.ticket_controller] - [INFO] - [Executing TicketController.log_item_scan for ticket: RNO-20260813-001]
[pid=20572] - [2026-08-13 17:22:14,559] - [core.apis.routes.ticket_router] - [ERROR] - [Error in POST /tickets/RNO-20260813-001/items endpoint: 409: Duplicate submission]
[pid=20572] - [2026-08-13 17:22:14,589] - [commons.auth] - [INFO] - [Executing get_current_user dependency]
[pid=20572] - [2026-08-13 17:22:14,595] - [core.apis.routes.order_router] - [INFO] - [Calling POST /orders endpoint]
[pid=20572] - [2026-08-13 17:22:14,596] - [core.controllers.order_controller] - [INFO] - [Executing OrderController.create_order]
[pid=20572] - [2026-08-13 17:22:14,597] - [core.services.audit_service] - [INFO] - [Executing AuditService.log_mutation | Action: CREATE | Collection: orders]
[pid=20572] - [2026-08-13 17:22:14,598] - [core.controllers.order_controller] - [INFO] - [Customer order created successfully: ORD-1001]
[pid=20572] - [2026-08-13 17:22:14,612] - [commons.auth] - [INFO] - [Executing get_current_user dependency]
[pid=20572] - [2026-08-13 17:22:14,613] - [core.apis.routes.order_router] - [INFO] - [Calling POST /orders/ORD-1001/reserve endpoint]
[pid=20572] - [2026-08-13 17:22:14,613] - [core.controllers.order_controller] - [INFO] - [Executing OrderController.reserve_order for: ORD-1001]
[pid=20572] - [2026-08-13 17:22:14,618] - [core.services.audit_service] - [INFO] - [Executing AuditService.log_mutation | Action: RESERVE_ORDER | Collection: orders]
[pid=20572] - [2026-08-13 17:22:14,619] - [core.controllers.order_controller] - [INFO] - [Order stock reserved successfully! Order ID: ORD-1001]
[pid=20572] - [2026-08-13 17:22:14,625] - [commons.auth] - [INFO] - [Executing get_current_user dependency]
[pid=20572] - [2026-08-13 17:22:14,626] - [core.apis.routes.order_router] - [INFO] - [Calling GET /orders/ORD-1001/picklist endpoint]
[pid=20572] - [2026-08-13 17:22:14,626] - [core.controllers.order_controller] - [INFO] - [Executing OrderController.get_picklist for: ORD-1001]
[pid=20572] - [2026-08-13 17:22:14,634] - [commons.auth] - [INFO] - [Executing get_current_user dependency]
[pid=20572] - [2026-08-13 17:22:14,638] - [core.apis.routes.order_router] - [INFO] - [Calling POST /orders/ORD-1001/pack endpoint]
[pid=20572] - [2026-08-13 17:22:14,639] - [core.controllers.order_controller] - [INFO] - [Executing OrderController.pack_order for: ORD-1001]
[pid=20572] - [2026-08-13 17:22:14,639] - [core.services.audit_service] - [INFO] - [Executing AuditService.log_mutation | Action: PACK_ORDER | Collection: orders]
[pid=20572] - [2026-08-13 17:22:14,640] - [core.controllers.order_controller] - [INFO] - [Order PACKED successfully: ORD-1001]
[pid=20572] - [2026-08-13 17:22:14,644] - [commons.auth] - [INFO] - [Executing get_current_user dependency]
[pid=20572] - [2026-08-13 17:22:14,644] - [core.apis.routes.order_router] - [INFO] - [Calling POST /orders/ORD-1001/label endpoint]
[pid=20572] - [2026-08-13 17:22:14,645] - [core.controllers.order_controller] - [INFO] - [Executing OrderController.generate_label for: ORD-1001]
[pid=20572] - [2026-08-13 17:22:14,645] - [core.controllers.order_controller] - [INFO] - [Shipping label generated stub for order ORD-1001: 1Z999B00C805374]
[pid=20572] - [2026-08-13 17:22:14,651] - [commons.auth] - [INFO] - [Executing get_current_user dependency]
[pid=20572] - [2026-08-13 17:22:14,651] - [core.apis.routes.order_router] - [INFO] - [Calling POST /orders/ORD-1001/ship endpoint]
[pid=20572] - [2026-08-13 17:22:14,652] - [core.controllers.order_controller] - [INFO] - [Executing OrderController.ship_order for: ORD-1001]
[pid=20572] - [2026-08-13 17:22:14,653] - [core.services.audit_service] - [INFO] - [Executing AuditService.log_mutation | Action: SHIP_ORDER | Collection: orders]
[pid=20572] - [2026-08-13 17:22:14,653] - [core.controllers.order_controller] - [INFO] - [Order SHIPPED successfully! Units converted to SOLD: ORD-1001]
[pid=20572] - [2026-08-13 17:22:14,710] - [commons.auth] - [INFO] - [Executing get_current_user dependency]
[pid=20572] - [2026-08-13 17:22:14,711] - [core.apis.routes.order_router] - [INFO] - [Calling POST /orders/ORD-PARALLEL/reserve endpoint]
[pid=20572] - [2026-08-13 17:22:14,712] - [core.controllers.order_controller] - [INFO] - [Executing OrderController.reserve_order for: ORD-PARALLEL]
[pid=20572] - [2026-08-13 17:22:14,717] - [core.controllers.order_controller] - [INFO] - [Order stock reserved successfully! Order ID: ORD-PARALLEL]
[pid=20572] - [2026-08-13 17:22:14,721] - [commons.auth] - [INFO] - [Executing get_current_user dependency]
[pid=20572] - [2026-08-13 17:22:14,723] - [core.apis.routes.order_router] - [INFO] - [Calling POST /orders/ORD-PARALLEL/reserve endpoint]
[pid=20572] - [2026-08-13 17:22:14,723] - [core.controllers.order_controller] - [INFO] - [Executing OrderController.reserve_order for: ORD-PARALLEL]
[pid=20572] - [2026-08-13 17:22:14,726] - [core.controllers.order_controller] - [WARNING] - [Stock reservation failed: barcode 012345678905 needs 1, available 0]
[pid=20572] - [2026-08-13 17:22:14,727] - [core.apis.routes.order_router] - [ERROR] - [Error in POST /orders/ORD-PARALLEL/reserve endpoint: 409: Insufficient stock for barcode '012345678905'. Required: 1, Available: 0]
[pid=20572] - [2026-08-13 17:22:14,748] - [commons.auth] - [INFO] - [Executing get_current_user dependency]
[pid=20572] - [2026-08-13 17:22:14,749] - [commons.auth] - [INFO] - [Executing require_roles dependency check]
[pid=20572] - [2026-08-13 17:22:14,756] - [core.apis.routes.report_router] - [INFO] - [Calling GET /reports/summary endpoint]
[pid=20572] - [2026-08-13 17:22:14,778] - [commons.auth] - [INFO] - [Executing get_current_user dependency]
[pid=20572] - [2026-08-13 17:22:14,779] - [commons.auth] - [INFO] - [Executing require_roles dependency check]
[pid=20572] - [2026-08-13 17:22:14,780] - [core.apis.routes.report_router] - [INFO] - [Calling GET /reports/stock endpoint]
[pid=20572] - [2026-08-13 17:22:14,798] - [commons.auth] - [INFO] - [Executing get_current_user dependency]
[pid=20572] - [2026-08-13 17:22:14,799] - [commons.auth] - [INFO] - [Executing require_roles dependency check]
[pid=20572] - [2026-08-13 17:22:14,800] - [core.apis.routes.report_router] - [INFO] - [Calling GET /reports/export endpoint | Type: stock | Format: csv]
[pid=20572] - [2026-08-13 17:22:14,811] - [core.services.export_service] - [INFO] - [Executing ExportService.generate_csv]
[pid=20572] - [2026-08-13 17:22:14,811] - [core.services.export_service] - [INFO] - [Executing ExportService.generate_csv]
[pid=20572] - [2026-08-13 17:22:14,818] - [core.services.export_service] - [INFO] - [Executing ExportService.generate_xlsx]
[pid=20572] - [2026-08-13 17:22:14,880] - [core.services.export_service] - [INFO] - [Executing ExportService.generate_xlsx]
[pid=20572] - [2026-08-13 17:22:14,937] - [core.services.storage_service] - [INFO] - [LocalStorageService initialized | Upload Dir: C:\Users\aayus\WMS\uploads]
[pid=20572] - [2026-08-13 17:22:14,940] - [core.services.storage_service] - [INFO] - [Executing LocalStorageService.save_image]
[pid=20572] - [2026-08-13 17:22:14,941] - [core.services.storage_service] - [WARNING] - [Image upload rejected: invalid extension .pdf]
[pid=20572] - [2026-08-13 17:22:14,951] - [core.services.storage_service] - [INFO] - [Executing LocalStorageService.save_image]
[pid=20572] - [2026-08-13 17:22:14,958] - [core.services.storage_service] - [INFO] - [Image saved successfully: /uploads/081b43c423814aa5bf13242b30dedfe1.png]
[pid=20572] - [2026-08-13 17:22:14,960] - [core.services.storage_service] - [INFO] - [LocalStorageService initialized | Upload Dir: C:\Users\aayus\WMS\uploads]
[pid=20572] - [2026-08-13 17:22:14,969] - [core.services.vision_service] - [INFO] - [Executing VisionService.measure_package]
[pid=20572] - [2026-08-13 17:22:14,989] - [core.services.vision_service] - [WARNING] - [Vision measurement failed: invalid image payload]
[pid=20572] - [2026-08-13 17:22:15,000] - [core.services.nl_query_service] - [INFO] - [Executing NLQueryService.execute_query: 'How many items available?']
[pid=20572] - [2026-08-13 17:22:15,002] - [core.services.nl_query_service] - [INFO] - [NL Query executed using template 'STOCK_AVAILABLE'. Returned 1 rows.]
[pid=20572] - [2026-08-13 17:22:15,002] - [core.services.nl_query_service] - [INFO] - [Executing NLQueryService.execute_query: 'Show broken stock']
[pid=20572] - [2026-08-13 17:22:15,003] - [core.services.nl_query_service] - [INFO] - [NL Query executed using template 'STOCK_DAMAGED'. Returned 1 rows.]
[pid=20572] - [2026-08-13 17:22:15,005] - [core.services.nl_query_service] - [INFO] - [Executing NLQueryService.execute_query: 'Show held stock']
[pid=20572] - [2026-08-13 17:22:15,007] - [core.services.nl_query_service] - [INFO] - [NL Query executed using template 'STOCK_RESERVED'. Returned 1 rows.]
[pid=20572] - [2026-08-13 17:22:15,022] - [core.services.idempotency_service] - [INFO] - [Executing IdempotencyService.lock_key for key: key1]
[pid=20572] - [2026-08-13 17:22:15,023] - [core.services.idempotency_service] - [INFO] - [Idempotency key locked successfully: key1]
[pid=20572] - [2026-08-13 17:22:15,024] - [core.services.idempotency_service] - [INFO] - [Executing IdempotencyService.lock_key for key: key1]
[pid=20572] - [2026-08-13 17:22:15,024] - [core.services.idempotency_service] - [WARNING] - [Idempotency conflict: key key1 already processed]
[pid=20572] - [2026-08-13 17:22:15,034] - [core.services.audit_service] - [INFO] - [Executing AuditService.__init__]
[pid=20572] - [2026-08-13 17:22:15,320] - [core.services.voice_service] - [INFO] - [Executing VoiceService.transcribe_audio]
[pid=20572] - [2026-08-13 17:22:15,320] - [core.services.voice_service] - [INFO] - [Executing VoiceService.parse_transcript]
[pid=20572] - [2026-08-13 17:22:15,357] - [core.utils.ticket_generator] - [INFO] - [Executing TicketGenerator.generate_ticket_id for WH: RNO]
[pid=20572] - [2026-08-13 17:22:15,358] - [core.utils.ticket_generator] - [INFO] - [Generated ticket ID: RNO-20260813-014]
[pid=13152] - [2026-08-13 17:22:20,606] - [core.config.settings] - [INFO] - [Executing get_settings function]
[pid=13152] - [2026-08-13 17:22:22,458] - [core.services.export_service] - [INFO] - [Executing ExportService.generate_csv]
[pid=13152] - [2026-08-13 17:22:22,458] - [core.services.export_service] - [INFO] - [Executing ExportService.generate_csv]
[pid=13152] - [2026-08-13 17:22:22,461] - [core.services.export_service] - [INFO] - [Executing ExportService.generate_xlsx]
[pid=13152] - [2026-08-13 17:22:22,483] - [core.services.export_service] - [INFO] - [Executing ExportService.generate_xlsx]
[pid=13152] - [2026-08-13 17:22:22,506] - [core.services.storage_service] - [INFO] - [LocalStorageService initialized | Upload Dir: C:\Users\aayus\WMS\uploads]
[pid=13152] - [2026-08-13 17:22:22,507] - [core.services.storage_service] - [INFO] - [Executing LocalStorageService.save_image]
[pid=13152] - [2026-08-13 17:22:22,507] - [core.services.storage_service] - [WARNING] - [Image upload rejected: invalid extension .pdf]
[pid=13152] - [2026-08-13 17:22:22,510] - [core.services.storage_service] - [INFO] - [Executing LocalStorageService.save_image]
[pid=13152] - [2026-08-13 17:22:22,535] - [core.services.storage_service] - [INFO] - [Image saved successfully: /uploads/136493a0ef4a4364b5e610ea4f1b473a.png]
[pid=13152] - [2026-08-13 17:22:22,540] - [core.services.storage_service] - [INFO] - [LocalStorageService initialized | Upload Dir: C:\Users\aayus\WMS\uploads]
[pid=13152] - [2026-08-13 17:22:22,548] - [core.services.vision_service] - [INFO] - [Executing VisionService.measure_package]
[pid=13152] - [2026-08-13 17:22:22,549] - [core.services.vision_service] - [WARNING] - [Vision measurement failed: invalid image payload]
[pid=13152] - [2026-08-13 17:22:22,559] - [core.services.nl_query_service] - [INFO] - [Executing NLQueryService.execute_query: 'How many items available?']
[pid=13152] - [2026-08-13 17:22:22,560] - [core.services.nl_query_service] - [INFO] - [NL Query executed using template 'STOCK_AVAILABLE'. Returned 1 rows.]
[pid=13152] - [2026-08-13 17:22:22,560] - [core.services.nl_query_service] - [INFO] - [Executing NLQueryService.execute_query: 'Show broken stock']
[pid=13152] - [2026-08-13 17:22:22,561] - [core.services.nl_query_service] - [INFO] - [NL Query executed using template 'STOCK_DAMAGED'. Returned 1 rows.]
[pid=13152] - [2026-08-13 17:22:22,562] - [core.services.nl_query_service] - [INFO] - [Executing NLQueryService.execute_query: 'Show held stock']
[pid=13152] - [2026-08-13 17:22:22,562] - [core.services.nl_query_service] - [INFO] - [NL Query executed using template 'STOCK_RESERVED'. Returned 1 rows.]
[pid=13152] - [2026-08-13 17:22:22,570] - [core.services.idempotency_service] - [INFO] - [Executing IdempotencyService.lock_key for key: key1]
[pid=13152] - [2026-08-13 17:22:22,571] - [core.services.idempotency_service] - [INFO] - [Idempotency key locked successfully: key1]
[pid=13152] - [2026-08-13 17:22:22,571] - [core.services.idempotency_service] - [INFO] - [Executing IdempotencyService.lock_key for key: key1]
[pid=13152] - [2026-08-13 17:22:22,572] - [core.services.idempotency_service] - [WARNING] - [Idempotency conflict: key key1 already processed]
[pid=13152] - [2026-08-13 17:22:22,579] - [core.services.audit_service] - [INFO] - [Executing AuditService.__init__]
[pid=13152] - [2026-08-13 17:22:22,856] - [core.services.voice_service] - [INFO] - [Executing VoiceService.transcribe_audio]
[pid=13152] - [2026-08-13 17:22:22,857] - [core.services.voice_service] - [INFO] - [Executing VoiceService.parse_transcript]
[pid=16584] - [2026-08-13 17:22:33,766] - [core.config.settings] - [INFO] - [Executing get_settings function]
[pid=16584] - [2026-08-13 17:22:35,683] - [commons.auth] - [INFO] - [Executing get_current_user dependency]
[pid=16584] - [2026-08-13 17:22:35,683] - [core.apis.routes.voice_router] - [INFO] - [Calling POST /voice/transcribe endpoint]
[pid=16584] - [2026-08-13 17:22:35,683] - [core.controllers.voice_controller] - [INFO] - [Executing VoiceController.transcribe]
[pid=16584] - [2026-08-13 17:22:35,684] - [core.services.voice_service] - [INFO] - [Executing VoiceService.transcribe_audio]
[pid=16584] - [2026-08-13 17:22:35,689] - [commons.auth] - [INFO] - [Executing get_current_user dependency]
[pid=16584] - [2026-08-13 17:22:35,690] - [core.apis.routes.voice_router] - [INFO] - [Calling POST /voice/parse endpoint]
[pid=16584] - [2026-08-13 17:22:35,692] - [core.controllers.voice_controller] - [INFO] - [Executing VoiceController.parse_transcript for ticket: RNO-20260813-001]
[pid=16584] - [2026-08-13 17:22:35,692] - [core.services.voice_service] - [INFO] - [Executing VoiceService.parse_transcript]
[pid=16584] - [2026-08-13 17:22:35,695] - [core.controllers.voice_controller] - [INFO] - [Voice draft saved successfully! Draft ID: draft123]
[pid=16584] - [2026-08-13 17:22:35,698] - [commons.auth] - [INFO] - [Executing get_current_user dependency]
[pid=16584] - [2026-08-13 17:22:35,699] - [core.apis.routes.voice_router] - [INFO] - [Calling POST /voice/drafts/draft123/confirm endpoint]
[pid=16584] - [2026-08-13 17:22:35,699] - [core.controllers.voice_controller] - [INFO] - [Executing VoiceController.confirm_draft for draft: draft123]
[pid=16584] - [2026-08-13 17:22:35,699] - [core.services.audit_service] - [INFO] - [Executing AuditService.__init__]
[pid=16584] - [2026-08-13 17:22:35,700] - [core.controllers.voice_controller] - [INFO] - [Voice draft confirmed and logged through Phase 2 pipeline! Draft ID: draft123]
[pid=16584] - [2026-08-13 17:22:35,713] - [commons.auth] - [INFO] - [Executing get_current_user dependency]
[pid=16584] - [2026-08-13 17:22:35,714] - [core.apis.routes.vision_router] - [INFO] - [Calling POST /vision/measure endpoint]
[pid=16584] - [2026-08-13 17:22:35,714] - [core.controllers.vision_controller] - [INFO] - [Executing VisionController.measure_package]
[pid=16584] - [2026-08-13 17:22:35,723] - [commons.auth] - [INFO] - [Executing get_current_user dependency]
[pid=16584] - [2026-08-13 17:22:35,724] - [core.apis.routes.query_router] - [INFO] - [Calling POST /query endpoint]
[pid=16584] - [2026-08-13 17:22:35,725] - [core.controllers.nl_query_controller] - [INFO] - [Executing NLQueryController.execute_query]
[pid=16584] - [2026-08-13 17:22:35,734] - [commons.auth] - [INFO] - [Executing get_current_user dependency]
[pid=16584] - [2026-08-13 17:22:35,735] - [commons.auth] - [INFO] - [Executing require_roles dependency check]
[pid=16584] - [2026-08-13 17:22:35,737] - [core.apis.routes.api_key_router] - [INFO] - [Calling POST /api-keys endpoint]
[pid=16584] - [2026-08-13 17:22:35,737] - [core.controllers.api_key_controller] - [INFO] - [Executing ApiKeyController.create_key]
[pid=16584] - [2026-08-13 17:22:35,738] - [core.controllers.api_key_controller] - [INFO] - [API key created successfully! Name: Morning Check Script | Prefix: wms_live_6c3]
[pid=16584] - [2026-08-13 17:22:35,740] - [commons.auth] - [INFO] - [Executing get_current_user dependency]
[pid=16584] - [2026-08-13 17:22:35,740] - [commons.auth] - [INFO] - [Executing require_roles dependency check]
[pid=16584] - [2026-08-13 17:22:35,741] - [core.apis.routes.api_key_router] - [INFO] - [Calling GET /api-keys endpoint]
[pid=16584] - [2026-08-13 17:22:35,741] - [core.controllers.api_key_controller] - [INFO] - [Executing ApiKeyController.list_keys]
[pid=16584] - [2026-08-13 17:22:35,742] - [commons.auth] - [INFO] - [Executing get_current_user dependency]
[pid=16584] - [2026-08-13 17:22:35,743] - [commons.auth] - [INFO] - [Executing require_roles dependency check]
[pid=16584] - [2026-08-13 17:22:35,743] - [core.apis.routes.api_key_router] - [INFO] - [Calling DELETE /api-keys/key123 endpoint]
[pid=16584] - [2026-08-13 17:22:35,743] - [core.controllers.api_key_controller] - [INFO] - [Executing ApiKeyController.revoke_key: key123]
[pid=16584] - [2026-08-13 17:22:35,743] - [core.controllers.api_key_controller] - [INFO] - [API key revoked successfully: key123]
[pid=16584] - [2026-08-13 17:22:35,752] - [commons.auth] - [INFO] - [Executing get_current_user dependency]
[pid=16584] - [2026-08-13 17:22:35,752] - [core.apis.routes.query_router] - [INFO] - [Calling POST /query endpoint]
[pid=16584] - [2026-08-13 17:22:35,752] - [core.controllers.nl_query_controller] - [INFO] - [Executing NLQueryController.execute_query]
[pid=16584] - [2026-08-13 17:22:35,752] - [core.controllers.nl_query_controller] - [WARNING] - [NL query rejected outside allow-list: Query does not match any allow-listed template]
[pid=16584] - [2026-08-13 17:22:35,753] - [core.apis.routes.query_router] - [ERROR] - [Error in POST /query endpoint: 400: Query does not match any allow-listed template]
[pid=16584] - [2026-08-13 17:22:35,762] - [commons.auth] - [INFO] - [Executing get_current_user dependency]
[pid=16584] - [2026-08-13 17:22:35,762] - [commons.auth] - [WARNING] - [Missing authentication token in request]
[pid=16584] - [2026-08-13 17:22:35,769] - [commons.auth] - [INFO] - [Executing hash_password function]
[pid=16584] - [2026-08-13 17:22:36,067] - [core.apis.routes.auth_router] - [INFO] - [Calling POST /auth/login endpoint]
[pid=16584] - [2026-08-13 17:22:36,068] - [core.controllers.auth_controller] - [INFO] - [Executing AuthController.login]
[pid=16584] - [2026-08-13 17:22:36,068] - [core.cruds.user_crud] - [INFO] - [Executing CRUDUser.get_by_email for: owner@whitfield.com]
[pid=16584] - [2026-08-13 17:22:36,068] - [commons.auth] - [INFO] - [Executing verify_password function]
[pid=16584] - [2026-08-13 17:22:36,355] - [commons.auth] - [INFO] - [Executing create_access_token function]
[pid=16584] - [2026-08-13 17:22:36,356] - [commons.auth] - [INFO] - [Executing create_refresh_token function]
[pid=16584] - [2026-08-13 17:22:36,356] - [core.controllers.auth_controller] - [INFO] - [User login successful: owner@whitfield.com (OWNER)]
[pid=16584] - [2026-08-13 17:22:36,363] - [commons.auth] - [INFO] - [Executing hash_password function]
[pid=16584] - [2026-08-13 17:22:36,643] - [core.apis.routes.auth_router] - [INFO] - [Calling POST /auth/login endpoint]
[pid=16584] - [2026-08-13 17:22:36,644] - [core.controllers.auth_controller] - [INFO] - [Executing AuthController.login]
[pid=16584] - [2026-08-13 17:22:36,644] - [core.cruds.user_crud] - [INFO] - [Executing CRUDUser.get_by_email for: owner@whitfield.com]
[pid=16584] - [2026-08-13 17:22:36,644] - [commons.auth] - [INFO] - [Executing verify_password function]
[pid=16584] - [2026-08-13 17:22:36,913] - [core.controllers.auth_controller] - [WARNING] - [Login failed: invalid password for user (owner@whitfield.com)]
[pid=16584] - [2026-08-13 17:22:36,914] - [core.apis.routes.auth_router] - [ERROR] - [Error in POST /auth/login endpoint: 401: Invalid email or password]
[pid=16584] - [2026-08-13 17:22:36,923] - [commons.auth] - [INFO] - [Executing get_current_user dependency]
[pid=16584] - [2026-08-13 17:22:36,924] - [commons.auth] - [INFO] - [Executing require_roles dependency check]
[pid=16584] - [2026-08-13 17:22:36,925] - [core.apis.routes.warehouse_router] - [INFO] - [Calling POST /warehouses endpoint]
[pid=16584] - [2026-08-13 17:22:36,926] - [core.controllers.warehouse_controller] - [INFO] - [Executing WarehouseController.create_warehouse]
[pid=16584] - [2026-08-13 17:22:36,926] - [core.services.audit_service] - [INFO] - [Executing AuditService.log_mutation | Action: CREATE | Collection: warehouses]
[pid=16584] - [2026-08-13 17:22:36,926] - [core.controllers.warehouse_controller] - [INFO] - [Warehouse created successfully: RNO]
[pid=16584] - [2026-08-13 17:22:36,937] - [commons.auth] - [INFO] - [Executing get_current_user dependency]
[pid=16584] - [2026-08-13 17:22:36,937] - [commons.auth] - [INFO] - [Executing require_roles dependency check]
[pid=16584] - [2026-08-13 17:22:36,941] - [core.apis.routes.user_router] - [INFO] - [Calling POST /users/managers endpoint]
[pid=16584] - [2026-08-13 17:22:36,941] - [core.controllers.user_controller] - [INFO] - [Executing UserController.create_manager]
[pid=16584] - [2026-08-13 17:22:36,942] - [commons.auth] - [INFO] - [Executing hash_password function]
[pid=16584] - [2026-08-13 17:22:37,210] - [core.services.audit_service] - [INFO] - [Executing AuditService.log_mutation | Action: CREATE | Collection: users]
[pid=16584] - [2026-08-13 17:22:37,210] - [core.controllers.user_controller] - [INFO] - [Manager user created successfully: manager.rno@whitfield.com]
[pid=16584] - [2026-08-13 17:22:37,239] - [commons.auth] - [INFO] - [Executing get_current_user dependency]
[pid=16584] - [2026-08-13 17:22:37,240] - [commons.auth] - [INFO] - [Executing require_roles dependency check]
[pid=16584] - [2026-08-13 17:22:37,244] - [core.apis.routes.user_router] - [INFO] - [Calling POST /users/staff endpoint]
[pid=16584] - [2026-08-13 17:22:37,244] - [core.controllers.user_controller] - [INFO] - [Executing UserController.create_staff]
[pid=16584] - [2026-08-13 17:22:37,245] - [commons.auth] - [INFO] - [Executing hash_password function]
[pid=16584] - [2026-08-13 17:22:37,526] - [core.services.audit_service] - [INFO] - [Executing AuditService.log_mutation | Action: CREATE | Collection: users]
[pid=16584] - [2026-08-13 17:22:37,526] - [core.controllers.user_controller] - [INFO] - [Staff user created successfully: staff.rookie@whitfield.com for WH: 607f1f77bcf86cd799439022]
[pid=16584] - [2026-08-13 17:22:37,539] - [commons.auth] - [INFO] - [Executing get_current_user dependency]
[pid=16584] - [2026-08-13 17:22:37,539] - [commons.auth] - [INFO] - [Executing require_roles dependency check]
[pid=16584] - [2026-08-13 17:22:37,539] - [commons.auth] - [WARNING] - [User staff.rookie@whitfield.com with role STAFF denied access. Required: ['OWNER']]
[pid=16584] - [2026-08-13 17:22:37,548] - [commons.auth] - [INFO] - [Executing get_current_user dependency]
[pid=16584] - [2026-08-13 17:22:37,548] - [commons.auth] - [INFO] - [Executing require_roles dependency check]
[pid=16584] - [2026-08-13 17:22:37,549] - [core.apis.routes.audit_router] - [INFO] - [Calling GET /audit endpoint]
[pid=16584] - [2026-08-13 17:22:37,549] - [core.controllers.audit_controller] - [INFO] - [Executing AuditController.get_audit_logs]
[pid=16584] - [2026-08-13 17:22:37,558] - [commons.auth] - [INFO] - [Executing get_current_user dependency]
[pid=16584] - [2026-08-13 17:22:37,559] - [commons.auth] - [INFO] - [Executing require_roles dependency check]
[pid=16584] - [2026-08-13 17:22:37,559] - [commons.auth] - [WARNING] - [User None with role STAFF denied access. Required: ['OWNER']]
[pid=16584] - [2026-08-13 17:22:37,562] - [commons.auth] - [INFO] - [Executing get_current_user dependency]
[pid=16584] - [2026-08-13 17:22:37,562] - [commons.auth] - [INFO] - [Executing require_roles dependency check]
[pid=16584] - [2026-08-13 17:22:37,562] - [commons.auth] - [WARNING] - [User None with role MANAGER denied access. Required: ['OWNER']]
[pid=16584] - [2026-08-13 17:22:37,572] - [commons.auth] - [INFO] - [Executing get_current_user dependency]
[pid=16584] - [2026-08-13 17:22:37,573] - [commons.auth] - [INFO] - [Executing require_roles dependency check]
[pid=16584] - [2026-08-13 17:22:37,573] - [core.apis.routes.warehouse_router] - [INFO] - [Calling POST /warehouses endpoint]
[pid=16584] - [2026-08-13 17:22:37,573] - [core.controllers.warehouse_controller] - [INFO] - [Executing WarehouseController.create_warehouse]
[pid=16584] - [2026-08-13 17:22:37,573] - [core.controllers.warehouse_controller] - [INFO] - [Warehouse created successfully: RNO]
[pid=16584] - [2026-08-13 17:22:37,590] - [core.apis.routes.health_router] - [INFO] - [Calling GET /health endpoint]
[pid=16584] - [2026-08-13 17:22:37,590] - [core.controllers.health_controller] - [INFO] - [Executing HealthController.get_health]
[pid=16584] - [2026-08-13 17:22:37,590] - [core.database.database] - [INFO] - [Executing ping function]
[pid=16584] - [2026-08-13 17:22:37,590] - [core.database.database] - [INFO] - [Executing MongoDatabase function]
[pid=16584] - [2026-08-13 17:22:37,590] - [core.database.database] - [INFO] - [Executing _MongoClientSingleton.__new__ | DB: wms]
[pid=16584] - [2026-08-13 17:22:37,600] - [core.database.database] - [INFO] - [MongoDB singleton initialized successfully | URI: mongodb://localhost:27017/?replicaSet=rs0&directConnection=true]
[pid=16584] - [2026-08-13 17:22:37,642] - [core.database.database] - [INFO] - [MongoDB ping successful]
[pid=16584] - [2026-08-13 17:22:37,654] - [commons.auth] - [INFO] - [Executing get_current_user dependency]
[pid=16584] - [2026-08-13 17:22:37,656] - [core.apis.routes.arrival_router] - [INFO] - [Calling POST /arrivals endpoint]
[pid=16584] - [2026-08-13 17:22:37,656] - [core.controllers.arrival_controller] - [INFO] - [Executing ArrivalController.process_arrival]
[pid=16584] - [2026-08-13 17:22:37,656] - [core.services.audit_service] - [INFO] - [Executing AuditService.log_mutation | Action: ARRIVE | Collection: tickets]
[pid=16584] - [2026-08-13 17:22:37,657] - [core.controllers.arrival_controller] - [INFO] - [Arrival processed successfully! Generated Ticket ID: RNO-20260813-001]
[pid=16584] - [2026-08-13 17:22:37,659] - [commons.auth] - [INFO] - [Executing get_current_user dependency]
[pid=16584] - [2026-08-13 17:22:37,662] - [core.apis.routes.ticket_router] - [INFO] - [Calling POST /tickets/RNO-20260813-001/items endpoint]
[pid=16584] - [2026-08-13 17:22:37,662] - [core.controllers.ticket_controller] - [INFO] - [Executing TicketController.log_item_scan for ticket: RNO-20260813-001]
[pid=16584] - [2026-08-13 17:22:37,663] - [core.services.audit_service] - [INFO] - [Executing AuditService.log_mutation | Action: SCAN_ITEM | Collection: items]
[pid=16584] - [2026-08-13 17:22:37,663] - [core.controllers.ticket_controller] - [INFO] - [Item scanned and logged successfully! Unit Seq: 1 under Ticket: RNO-20260813-001]
[pid=16584] - [2026-08-13 17:22:37,665] - [commons.auth] - [INFO] - [Executing get_current_user dependency]
[pid=16584] - [2026-08-13 17:22:37,665] - [core.apis.routes.ticket_router] - [INFO] - [Calling PUT /tickets/ticket123/submit-inspection endpoint]
[pid=16584] - [2026-08-13 17:22:37,665] - [core.controllers.ticket_controller] - [INFO] - [Executing TicketController.submit_inspection for: ticket123]
[pid=16584] - [2026-08-13 17:22:37,666] - [core.services.audit_service] - [INFO] - [Executing AuditService.log_mutation | Action: SUBMIT_INSPECTION | Collection: tickets]
[pid=16584] - [2026-08-13 17:22:37,666] - [core.controllers.ticket_controller] - [INFO] - [Ticket submitted for inspection approval: RNO-20260813-001]
[pid=16584] - [2026-08-13 17:22:37,667] - [commons.auth] - [INFO] - [Executing get_current_user dependency]
[pid=16584] - [2026-08-13 17:22:37,668] - [commons.auth] - [INFO] - [Executing require_roles dependency check]
[pid=16584] - [2026-08-13 17:22:37,668] - [core.apis.routes.ticket_router] - [INFO] - [Calling POST /tickets/ticket123/approve endpoint]
[pid=16584] - [2026-08-13 17:22:37,668] - [core.controllers.ticket_controller] - [INFO] - [Executing TicketController.approve_ticket: ticket123]
[pid=16584] - [2026-08-13 17:22:37,668] - [core.services.audit_service] - [INFO] - [Executing AuditService.log_mutation | Action: APPROVE_SHIPMENT | Collection: tickets]
[pid=16584] - [2026-08-13 17:22:37,668] - [core.controllers.ticket_controller] - [INFO] - [Ticket inspection APPROVED! Status: SHIPMENT_ARRIVED for Ticket: RNO-20260813-001]
[pid=16584] - [2026-08-13 17:22:37,670] - [commons.auth] - [INFO] - [Executing get_current_user dependency]
[pid=16584] - [2026-08-13 17:22:37,671] - [core.apis.routes.ticket_router] - [INFO] - [Calling POST /tickets/ticket123/store endpoint]
[pid=16584] - [2026-08-13 17:22:37,672] - [core.controllers.ticket_controller] - [INFO] - [Executing TicketController.store_ticket: ticket123 -> A-04-12]
[pid=16584] - [2026-08-13 17:22:37,672] - [core.services.audit_service] - [INFO] - [Executing AuditService.log_mutation | Action: STORE_TICKET | Collection: tickets]
[pid=16584] - [2026-08-13 17:22:37,672] - [core.controllers.ticket_controller] - [INFO] - [Ticket STORED successfully at location: A-04-12]
[pid=16584] - [2026-08-13 17:22:37,683] - [commons.auth] - [INFO] - [Executing get_current_user dependency]
[pid=16584] - [2026-08-13 17:22:37,683] - [core.apis.routes.arrival_router] - [INFO] - [Calling POST /arrivals endpoint]
[pid=16584] - [2026-08-13 17:22:37,683] - [core.controllers.arrival_controller] - [INFO] - [Executing ArrivalController.process_arrival]
[pid=16584] - [2026-08-13 17:22:37,683] - [core.services.audit_service] - [INFO] - [Executing AuditService.log_mutation | Action: ARRIVE | Collection: tickets]
[pid=16584] - [2026-08-13 17:22:37,684] - [core.controllers.arrival_controller] - [INFO] - [Arrival processed successfully! Generated Ticket ID: LAX-20260813-001]
[pid=16584] - [2026-08-13 17:22:37,693] - [commons.auth] - [INFO] - [Executing get_current_user dependency]
[pid=16584] - [2026-08-13 17:22:37,694] - [core.apis.routes.ticket_router] - [INFO] - [Calling POST /tickets/RNO-20260813-001/items endpoint]
[pid=16584] - [2026-08-13 17:22:37,694] - [core.controllers.ticket_controller] - [INFO] - [Executing TicketController.log_item_scan for ticket: RNO-20260813-001]
[pid=16584] - [2026-08-13 17:22:37,694] - [core.apis.routes.ticket_router] - [ERROR] - [Error in POST /tickets/RNO-20260813-001/items endpoint: 409: Duplicate submission]
[pid=16584] - [2026-08-13 17:22:37,713] - [commons.auth] - [INFO] - [Executing get_current_user dependency]
[pid=16584] - [2026-08-13 17:22:37,719] - [core.apis.routes.order_router] - [INFO] - [Calling POST /orders endpoint]
[pid=16584] - [2026-08-13 17:22:37,720] - [core.controllers.order_controller] - [INFO] - [Executing OrderController.create_order]
[pid=16584] - [2026-08-13 17:22:37,721] - [core.services.audit_service] - [INFO] - [Executing AuditService.log_mutation | Action: CREATE | Collection: orders]
[pid=16584] - [2026-08-13 17:22:37,721] - [core.controllers.order_controller] - [INFO] - [Customer order created successfully: ORD-1001]
[pid=16584] - [2026-08-13 17:22:37,732] - [commons.auth] - [INFO] - [Executing get_current_user dependency]
[pid=16584] - [2026-08-13 17:22:37,732] - [core.apis.routes.order_router] - [INFO] - [Calling POST /orders/ORD-1001/reserve endpoint]
[pid=16584] - [2026-08-13 17:22:37,733] - [core.controllers.order_controller] - [INFO] - [Executing OrderController.reserve_order for: ORD-1001]
[pid=16584] - [2026-08-13 17:22:37,735] - [core.services.audit_service] - [INFO] - [Executing AuditService.log_mutation | Action: RESERVE_ORDER | Collection: orders]
[pid=16584] - [2026-08-13 17:22:37,735] - [core.controllers.order_controller] - [INFO] - [Order stock reserved successfully! Order ID: ORD-1001]
[pid=16584] - [2026-08-13 17:22:37,740] - [commons.auth] - [INFO] - [Executing get_current_user dependency]
[pid=16584] - [2026-08-13 17:22:37,741] - [core.apis.routes.order_router] - [INFO] - [Calling GET /orders/ORD-1001/picklist endpoint]
[pid=16584] - [2026-08-13 17:22:37,741] - [core.controllers.order_controller] - [INFO] - [Executing OrderController.get_picklist for: ORD-1001]
[pid=16584] - [2026-08-13 17:22:37,745] - [commons.auth] - [INFO] - [Executing get_current_user dependency]
[pid=16584] - [2026-08-13 17:22:37,748] - [core.apis.routes.order_router] - [INFO] - [Calling POST /orders/ORD-1001/pack endpoint]
[pid=16584] - [2026-08-13 17:22:37,749] - [core.controllers.order_controller] - [INFO] - [Executing OrderController.pack_order for: ORD-1001]
[pid=16584] - [2026-08-13 17:22:37,749] - [core.services.audit_service] - [INFO] - [Executing AuditService.log_mutation | Action: PACK_ORDER | Collection: orders]
[pid=16584] - [2026-08-13 17:22:37,749] - [core.controllers.order_controller] - [INFO] - [Order PACKED successfully: ORD-1001]
[pid=16584] - [2026-08-13 17:22:37,751] - [commons.auth] - [INFO] - [Executing get_current_user dependency]
[pid=16584] - [2026-08-13 17:22:37,752] - [core.apis.routes.order_router] - [INFO] - [Calling POST /orders/ORD-1001/label endpoint]
[pid=16584] - [2026-08-13 17:22:37,752] - [core.controllers.order_controller] - [INFO] - [Executing OrderController.generate_label for: ORD-1001]
[pid=16584] - [2026-08-13 17:22:37,753] - [core.controllers.order_controller] - [INFO] - [Shipping label generated stub for order ORD-1001: 1Z999621CBF188D]
[pid=16584] - [2026-08-13 17:22:37,756] - [commons.auth] - [INFO] - [Executing get_current_user dependency]
[pid=16584] - [2026-08-13 17:22:37,756] - [core.apis.routes.order_router] - [INFO] - [Calling POST /orders/ORD-1001/ship endpoint]
[pid=16584] - [2026-08-13 17:22:37,756] - [core.controllers.order_controller] - [INFO] - [Executing OrderController.ship_order for: ORD-1001]
[pid=16584] - [2026-08-13 17:22:37,756] - [core.services.audit_service] - [INFO] - [Executing AuditService.log_mutation | Action: SHIP_ORDER | Collection: orders]
[pid=16584] - [2026-08-13 17:22:37,756] - [core.controllers.order_controller] - [INFO] - [Order SHIPPED successfully! Units converted to SOLD: ORD-1001]
[pid=16584] - [2026-08-13 17:22:37,777] - [commons.auth] - [INFO] - [Executing get_current_user dependency]
[pid=16584] - [2026-08-13 17:22:37,778] - [core.apis.routes.order_router] - [INFO] - [Calling POST /orders/ORD-PARALLEL/reserve endpoint]
[pid=16584] - [2026-08-13 17:22:37,778] - [core.controllers.order_controller] - [INFO] - [Executing OrderController.reserve_order for: ORD-PARALLEL]
[pid=16584] - [2026-08-13 17:22:37,781] - [core.controllers.order_controller] - [INFO] - [Order stock reserved successfully! Order ID: ORD-PARALLEL]
[pid=16584] - [2026-08-13 17:22:37,783] - [commons.auth] - [INFO] - [Executing get_current_user dependency]
[pid=16584] - [2026-08-13 17:22:37,783] - [core.apis.routes.order_router] - [INFO] - [Calling POST /orders/ORD-PARALLEL/reserve endpoint]
[pid=16584] - [2026-08-13 17:22:37,783] - [core.controllers.order_controller] - [INFO] - [Executing OrderController.reserve_order for: ORD-PARALLEL]
[pid=16584] - [2026-08-13 17:22:37,784] - [core.controllers.order_controller] - [WARNING] - [Stock reservation failed: barcode 012345678905 needs 1, available 0]
[pid=16584] - [2026-08-13 17:22:37,785] - [core.apis.routes.order_router] - [ERROR] - [Error in POST /orders/ORD-PARALLEL/reserve endpoint: 409: Insufficient stock for barcode '012345678905'. Required: 1, Available: 0]
[pid=16584] - [2026-08-13 17:22:37,792] - [commons.auth] - [INFO] - [Executing get_current_user dependency]
[pid=16584] - [2026-08-13 17:22:37,793] - [commons.auth] - [INFO] - [Executing require_roles dependency check]
[pid=16584] - [2026-08-13 17:22:37,793] - [core.apis.routes.report_router] - [INFO] - [Calling GET /reports/summary endpoint]
[pid=16584] - [2026-08-13 17:22:37,804] - [commons.auth] - [INFO] - [Executing get_current_user dependency]
[pid=16584] - [2026-08-13 17:22:37,804] - [commons.auth] - [INFO] - [Executing require_roles dependency check]
[pid=16584] - [2026-08-13 17:22:37,805] - [core.apis.routes.report_router] - [INFO] - [Calling GET /reports/stock endpoint]
[pid=16584] - [2026-08-13 17:22:37,813] - [commons.auth] - [INFO] - [Executing get_current_user dependency]
[pid=16584] - [2026-08-13 17:22:37,814] - [commons.auth] - [INFO] - [Executing require_roles dependency check]
[pid=16584] - [2026-08-13 17:22:37,814] - [core.apis.routes.report_router] - [INFO] - [Calling GET /reports/export endpoint | Type: stock | Format: csv]
[pid=16584] - [2026-08-13 17:22:37,818] - [core.services.export_service] - [INFO] - [Executing ExportService.generate_csv]
[pid=16584] - [2026-08-13 17:22:37,818] - [core.services.export_service] - [INFO] - [Executing ExportService.generate_csv]
[pid=16584] - [2026-08-13 17:22:37,822] - [core.services.export_service] - [INFO] - [Executing ExportService.generate_xlsx]
[pid=16584] - [2026-08-13 17:22:37,838] - [core.services.export_service] - [INFO] - [Executing ExportService.generate_xlsx]
[pid=16584] - [2026-08-13 17:22:37,853] - [core.services.storage_service] - [INFO] - [LocalStorageService initialized | Upload Dir: C:\Users\aayus\WMS\uploads]
[pid=16584] - [2026-08-13 17:22:37,854] - [core.services.storage_service] - [INFO] - [Executing LocalStorageService.save_image]
[pid=16584] - [2026-08-13 17:22:37,854] - [core.services.storage_service] - [WARNING] - [Image upload rejected: invalid extension .pdf]
[pid=16584] - [2026-08-13 17:22:37,857] - [core.services.storage_service] - [INFO] - [Executing LocalStorageService.save_image]
[pid=16584] - [2026-08-13 17:22:37,859] - [core.services.storage_service] - [INFO] - [Image saved successfully: /uploads/e13b112fde83474d95c34a3cc92ab2f2.png]
[pid=16584] - [2026-08-13 17:22:37,860] - [core.services.storage_service] - [INFO] - [LocalStorageService initialized | Upload Dir: C:\Users\aayus\WMS\uploads]
[pid=16584] - [2026-08-13 17:22:37,865] - [core.services.vision_service] - [INFO] - [Executing VisionService.measure_package]
[pid=16584] - [2026-08-13 17:22:37,865] - [core.services.vision_service] - [WARNING] - [Vision measurement failed: invalid image payload]
[pid=16584] - [2026-08-13 17:22:37,872] - [core.services.nl_query_service] - [INFO] - [Executing NLQueryService.execute_query: 'How many items available?']
[pid=16584] - [2026-08-13 17:22:37,872] - [core.services.nl_query_service] - [INFO] - [NL Query executed using template 'STOCK_AVAILABLE'. Returned 1 rows.]
[pid=16584] - [2026-08-13 17:22:37,872] - [core.services.nl_query_service] - [INFO] - [Executing NLQueryService.execute_query: 'Show broken stock']
[pid=16584] - [2026-08-13 17:22:37,873] - [core.services.nl_query_service] - [INFO] - [NL Query executed using template 'STOCK_DAMAGED'. Returned 1 rows.]
[pid=16584] - [2026-08-13 17:22:37,873] - [core.services.nl_query_service] - [INFO] - [Executing NLQueryService.execute_query: 'Show held stock']
[pid=16584] - [2026-08-13 17:22:37,873] - [core.services.nl_query_service] - [INFO] - [NL Query executed using template 'STOCK_RESERVED'. Returned 1 rows.]
[pid=16584] - [2026-08-13 17:22:37,879] - [core.services.idempotency_service] - [INFO] - [Executing IdempotencyService.lock_key for key: key1]
[pid=16584] - [2026-08-13 17:22:37,879] - [core.services.idempotency_service] - [INFO] - [Idempotency key locked successfully: key1]
[pid=16584] - [2026-08-13 17:22:37,880] - [core.services.idempotency_service] - [INFO] - [Executing IdempotencyService.lock_key for key: key1]
[pid=16584] - [2026-08-13 17:22:37,880] - [core.services.idempotency_service] - [WARNING] - [Idempotency conflict: key key1 already processed]
[pid=16584] - [2026-08-13 17:22:37,887] - [core.services.audit_service] - [INFO] - [Executing AuditService.__init__]
[pid=16584] - [2026-08-13 17:22:37,888] - [core.services.audit_service] - [INFO] - [Executing AuditService.log_mutation | Action: TEST | Collection: test]
[pid=16584] - [2026-08-13 17:22:37,893] - [core.services.voice_service] - [INFO] - [Executing VoiceService.transcribe_audio]
[pid=16584] - [2026-08-13 17:22:37,894] - [core.services.voice_service] - [INFO] - [Executing VoiceService.parse_transcript]
[pid=16584] - [2026-08-13 17:22:37,900] - [core.utils.ticket_generator] - [INFO] - [Executing TicketGenerator.generate_ticket_id for WH: RNO]
[pid=16584] - [2026-08-13 17:22:37,900] - [core.utils.ticket_generator] - [INFO] - [Generated ticket ID: RNO-20260813-014]
[pid=26524] - [2026-08-13 17:23:15,231] - [core.config.settings] - [INFO] - [Executing get_settings function]
[pid=26524] - [2026-08-13 17:23:16,287] - [commons.auth] - [INFO] - [Executing get_current_user dependency]
[pid=26524] - [2026-08-13 17:23:16,288] - [core.apis.routes.voice_router] - [INFO] - [Calling POST /voice/transcribe endpoint]
[pid=26524] - [2026-08-13 17:23:16,288] - [core.controllers.voice_controller] - [INFO] - [Executing VoiceController.transcribe]
[pid=26524] - [2026-08-13 17:23:16,288] - [core.services.voice_service] - [INFO] - [Executing VoiceService.transcribe_audio]
[pid=26524] - [2026-08-13 17:23:16,290] - [commons.auth] - [INFO] - [Executing get_current_user dependency]
[pid=26524] - [2026-08-13 17:23:16,291] - [core.apis.routes.voice_router] - [INFO] - [Calling POST /voice/parse endpoint]
[pid=26524] - [2026-08-13 17:23:16,295] - [core.controllers.voice_controller] - [INFO] - [Executing VoiceController.parse_transcript for ticket: RNO-20260813-001]
[pid=26524] - [2026-08-13 17:23:16,295] - [core.services.voice_service] - [INFO] - [Executing VoiceService.parse_transcript]
[pid=26524] - [2026-08-13 17:23:16,295] - [core.controllers.voice_controller] - [INFO] - [Voice draft saved successfully! Draft ID: draft123]
[pid=26524] - [2026-08-13 17:23:16,297] - [commons.auth] - [INFO] - [Executing get_current_user dependency]
[pid=26524] - [2026-08-13 17:23:16,298] - [core.apis.routes.voice_router] - [INFO] - [Calling POST /voice/drafts/draft123/confirm endpoint]
[pid=26524] - [2026-08-13 17:23:16,298] - [core.controllers.voice_controller] - [INFO] - [Executing VoiceController.confirm_draft for draft: draft123]
[pid=26524] - [2026-08-13 17:23:16,298] - [core.services.audit_service] - [INFO] - [Executing AuditService.__init__]
[pid=26524] - [2026-08-13 17:23:16,298] - [core.controllers.voice_controller] - [INFO] - [Voice draft confirmed and logged through Phase 2 pipeline! Draft ID: draft123]
[pid=26524] - [2026-08-13 17:23:16,305] - [commons.auth] - [INFO] - [Executing get_current_user dependency]
[pid=26524] - [2026-08-13 17:23:16,305] - [core.apis.routes.vision_router] - [INFO] - [Calling POST /vision/measure endpoint]
[pid=26524] - [2026-08-13 17:23:16,306] - [core.controllers.vision_controller] - [INFO] - [Executing VisionController.measure_package]
[pid=26524] - [2026-08-13 17:23:16,312] - [commons.auth] - [INFO] - [Executing get_current_user dependency]
[pid=26524] - [2026-08-13 17:23:16,313] - [core.apis.routes.query_router] - [INFO] - [Calling POST /query endpoint]
[pid=26524] - [2026-08-13 17:23:16,313] - [core.controllers.nl_query_controller] - [INFO] - [Executing NLQueryController.execute_query]
[pid=26524] - [2026-08-13 17:23:16,319] - [commons.auth] - [INFO] - [Executing get_current_user dependency]
[pid=26524] - [2026-08-13 17:23:16,320] - [commons.auth] - [INFO] - [Executing require_roles dependency check]
[pid=26524] - [2026-08-13 17:23:16,321] - [core.apis.routes.api_key_router] - [INFO] - [Calling POST /api-keys endpoint]
[pid=26524] - [2026-08-13 17:23:16,321] - [core.controllers.api_key_controller] - [INFO] - [Executing ApiKeyController.create_key]
[pid=26524] - [2026-08-13 17:23:16,321] - [core.controllers.api_key_controller] - [INFO] - [API key created successfully! Name: Morning Check Script | Prefix: wms_live_6db]
[pid=26524] - [2026-08-13 17:23:16,322] - [commons.auth] - [INFO] - [Executing get_current_user dependency]
[pid=26524] - [2026-08-13 17:23:16,323] - [commons.auth] - [INFO] - [Executing require_roles dependency check]
[pid=26524] - [2026-08-13 17:23:16,323] - [core.apis.routes.api_key_router] - [INFO] - [Calling GET /api-keys endpoint]
[pid=26524] - [2026-08-13 17:23:16,323] - [core.controllers.api_key_controller] - [INFO] - [Executing ApiKeyController.list_keys]
[pid=26524] - [2026-08-13 17:23:16,324] - [commons.auth] - [INFO] - [Executing get_current_user dependency]
[pid=26524] - [2026-08-13 17:23:16,324] - [commons.auth] - [INFO] - [Executing require_roles dependency check]
[pid=26524] - [2026-08-13 17:23:16,324] - [core.apis.routes.api_key_router] - [INFO] - [Calling DELETE /api-keys/key123 endpoint]
[pid=26524] - [2026-08-13 17:23:16,324] - [core.controllers.api_key_controller] - [INFO] - [Executing ApiKeyController.revoke_key: key123]
[pid=26524] - [2026-08-13 17:23:16,324] - [core.controllers.api_key_controller] - [INFO] - [API key revoked successfully: key123]
[pid=26524] - [2026-08-13 17:23:16,330] - [commons.auth] - [INFO] - [Executing get_current_user dependency]
[pid=26524] - [2026-08-13 17:23:16,330] - [core.apis.routes.query_router] - [INFO] - [Calling POST /query endpoint]
[pid=26524] - [2026-08-13 17:23:16,330] - [core.controllers.nl_query_controller] - [INFO] - [Executing NLQueryController.execute_query]
[pid=26524] - [2026-08-13 17:23:16,330] - [core.controllers.nl_query_controller] - [WARNING] - [NL query rejected outside allow-list: Query does not match any allow-listed template]
[pid=26524] - [2026-08-13 17:23:16,331] - [core.apis.routes.query_router] - [ERROR] - [Error in POST /query endpoint: 400: Query does not match any allow-listed template]
[pid=26524] - [2026-08-13 17:23:16,335] - [commons.auth] - [INFO] - [Executing get_current_user dependency]
[pid=26524] - [2026-08-13 17:23:16,335] - [commons.auth] - [WARNING] - [Missing authentication token in request]
[pid=26524] - [2026-08-13 17:23:16,339] - [commons.auth] - [INFO] - [Executing hash_password function]
[pid=26524] - [2026-08-13 17:23:16,619] - [core.apis.routes.auth_router] - [INFO] - [Calling POST /auth/login endpoint]
[pid=26524] - [2026-08-13 17:23:16,620] - [core.controllers.auth_controller] - [INFO] - [Executing AuthController.login]
[pid=26524] - [2026-08-13 17:23:16,620] - [core.cruds.user_crud] - [INFO] - [Executing CRUDUser.get_by_email for: owner@whitfield.com]
[pid=26524] - [2026-08-13 17:23:16,620] - [commons.auth] - [INFO] - [Executing verify_password function]
[pid=26524] - [2026-08-13 17:23:16,890] - [commons.auth] - [INFO] - [Executing create_access_token function]
[pid=26524] - [2026-08-13 17:23:16,891] - [commons.auth] - [INFO] - [Executing create_refresh_token function]
[pid=26524] - [2026-08-13 17:23:16,891] - [core.controllers.auth_controller] - [INFO] - [User login successful: owner@whitfield.com (OWNER)]
[pid=26524] - [2026-08-13 17:23:16,897] - [commons.auth] - [INFO] - [Executing hash_password function]
[pid=26524] - [2026-08-13 17:23:17,172] - [core.apis.routes.auth_router] - [INFO] - [Calling POST /auth/login endpoint]
[pid=26524] - [2026-08-13 17:23:17,173] - [core.controllers.auth_controller] - [INFO] - [Executing AuthController.login]
[pid=26524] - [2026-08-13 17:23:17,173] - [core.cruds.user_crud] - [INFO] - [Executing CRUDUser.get_by_email for: owner@whitfield.com]
[pid=26524] - [2026-08-13 17:23:17,173] - [commons.auth] - [INFO] - [Executing verify_password function]
[pid=26524] - [2026-08-13 17:23:17,441] - [core.controllers.auth_controller] - [WARNING] - [Login failed: invalid password for user (owner@whitfield.com)]
[pid=26524] - [2026-08-13 17:23:17,441] - [core.apis.routes.auth_router] - [ERROR] - [Error in POST /auth/login endpoint: 401: Invalid email or password]
[pid=26524] - [2026-08-13 17:23:17,448] - [commons.auth] - [INFO] - [Executing get_current_user dependency]
[pid=26524] - [2026-08-13 17:23:17,448] - [commons.auth] - [INFO] - [Executing require_roles dependency check]
[pid=26524] - [2026-08-13 17:23:17,449] - [core.apis.routes.warehouse_router] - [INFO] - [Calling POST /warehouses endpoint]
[pid=26524] - [2026-08-13 17:23:17,449] - [core.controllers.warehouse_controller] - [INFO] - [Executing WarehouseController.create_warehouse]
[pid=26524] - [2026-08-13 17:23:17,449] - [core.services.audit_service] - [INFO] - [Executing AuditService.log_mutation | Action: CREATE | Collection: warehouses]
[pid=26524] - [2026-08-13 17:23:17,449] - [core.controllers.warehouse_controller] - [INFO] - [Warehouse created successfully: RNO]
[pid=26524] - [2026-08-13 17:23:17,456] - [commons.auth] - [INFO] - [Executing get_current_user dependency]
[pid=26524] - [2026-08-13 17:23:17,456] - [commons.auth] - [INFO] - [Executing require_roles dependency check]
[pid=26524] - [2026-08-13 17:23:17,458] - [core.apis.routes.user_router] - [INFO] - [Calling POST /users/managers endpoint]
[pid=26524] - [2026-08-13 17:23:17,458] - [core.controllers.user_controller] - [INFO] - [Executing UserController.create_manager]
[pid=26524] - [2026-08-13 17:23:17,459] - [commons.auth] - [INFO] - [Executing hash_password function]
[pid=26524] - [2026-08-13 17:23:17,728] - [core.services.audit_service] - [INFO] - [Executing AuditService.log_mutation | Action: CREATE | Collection: users]
[pid=26524] - [2026-08-13 17:23:17,728] - [core.controllers.user_controller] - [INFO] - [Manager user created successfully: manager.rno@whitfield.com]
[pid=26524] - [2026-08-13 17:23:17,734] - [commons.auth] - [INFO] - [Executing get_current_user dependency]
[pid=26524] - [2026-08-13 17:23:17,735] - [commons.auth] - [INFO] - [Executing require_roles dependency check]
[pid=26524] - [2026-08-13 17:23:17,737] - [core.apis.routes.user_router] - [INFO] - [Calling POST /users/staff endpoint]
[pid=26524] - [2026-08-13 17:23:17,737] - [core.controllers.user_controller] - [INFO] - [Executing UserController.create_staff]
[pid=26524] - [2026-08-13 17:23:17,737] - [commons.auth] - [INFO] - [Executing hash_password function]
[pid=26524] - [2026-08-13 17:23:18,006] - [core.services.audit_service] - [INFO] - [Executing AuditService.log_mutation | Action: CREATE | Collection: users]
[pid=26524] - [2026-08-13 17:23:18,006] - [core.controllers.user_controller] - [INFO] - [Staff user created successfully: staff.rookie@whitfield.com for WH: 607f1f77bcf86cd799439022]
[pid=26524] - [2026-08-13 17:23:18,015] - [commons.auth] - [INFO] - [Executing get_current_user dependency]
[pid=26524] - [2026-08-13 17:23:18,015] - [commons.auth] - [INFO] - [Executing require_roles dependency check]
[pid=26524] - [2026-08-13 17:23:18,015] - [commons.auth] - [WARNING] - [User staff.rookie@whitfield.com with role STAFF denied access. Required: ['OWNER']]
[pid=26524] - [2026-08-13 17:23:18,021] - [commons.auth] - [INFO] - [Executing get_current_user dependency]
[pid=26524] - [2026-08-13 17:23:18,022] - [commons.auth] - [INFO] - [Executing require_roles dependency check]
[pid=26524] - [2026-08-13 17:23:18,022] - [core.apis.routes.audit_router] - [INFO] - [Calling GET /audit endpoint]
[pid=26524] - [2026-08-13 17:23:18,022] - [core.controllers.audit_controller] - [INFO] - [Executing AuditController.get_audit_logs]
[pid=26524] - [2026-08-13 17:23:18,028] - [commons.auth] - [INFO] - [Executing get_current_user dependency]
[pid=26524] - [2026-08-13 17:23:18,029] - [commons.auth] - [INFO] - [Executing require_roles dependency check]
[pid=26524] - [2026-08-13 17:23:18,029] - [commons.auth] - [WARNING] - [User None with role STAFF denied access. Required: ['OWNER']]
[pid=26524] - [2026-08-13 17:23:18,031] - [commons.auth] - [INFO] - [Executing get_current_user dependency]
[pid=26524] - [2026-08-13 17:23:18,031] - [commons.auth] - [INFO] - [Executing require_roles dependency check]
[pid=26524] - [2026-08-13 17:23:18,031] - [commons.auth] - [WARNING] - [User None with role MANAGER denied access. Required: ['OWNER']]
[pid=26524] - [2026-08-13 17:23:18,042] - [commons.auth] - [INFO] - [Executing get_current_user dependency]
[pid=26524] - [2026-08-13 17:23:18,043] - [commons.auth] - [INFO] - [Executing require_roles dependency check]
[pid=26524] - [2026-08-13 17:23:18,043] - [core.apis.routes.warehouse_router] - [INFO] - [Calling POST /warehouses endpoint]
[pid=26524] - [2026-08-13 17:23:18,043] - [core.controllers.warehouse_controller] - [INFO] - [Executing WarehouseController.create_warehouse]
[pid=26524] - [2026-08-13 17:23:18,043] - [core.controllers.warehouse_controller] - [INFO] - [Warehouse created successfully: RNO]
[pid=26524] - [2026-08-13 17:23:18,053] - [core.apis.routes.health_router] - [INFO] - [Calling GET /health endpoint]
[pid=26524] - [2026-08-13 17:23:18,054] - [core.controllers.health_controller] - [INFO] - [Executing HealthController.get_health]
[pid=26524] - [2026-08-13 17:23:18,054] - [core.database.database] - [INFO] - [Executing ping function]
[pid=26524] - [2026-08-13 17:23:18,054] - [core.database.database] - [INFO] - [Executing MongoDatabase function]
[pid=26524] - [2026-08-13 17:23:18,054] - [core.database.database] - [INFO] - [Executing _MongoClientSingleton.__new__ | DB: wms]
[pid=26524] - [2026-08-13 17:23:18,064] - [core.database.database] - [INFO] - [MongoDB singleton initialized successfully | URI: mongodb://localhost:27017/?replicaSet=rs0&directConnection=true]
[pid=26524] - [2026-08-13 17:23:18,112] - [core.database.database] - [INFO] - [MongoDB ping successful]
[pid=26524] - [2026-08-13 17:23:18,120] - [commons.auth] - [INFO] - [Executing get_current_user dependency]
[pid=26524] - [2026-08-13 17:23:18,122] - [core.apis.routes.arrival_router] - [INFO] - [Calling POST /arrivals endpoint]
[pid=26524] - [2026-08-13 17:23:18,122] - [core.controllers.arrival_controller] - [INFO] - [Executing ArrivalController.process_arrival]
[pid=26524] - [2026-08-13 17:23:18,122] - [core.services.audit_service] - [INFO] - [Executing AuditService.log_mutation | Action: ARRIVE | Collection: tickets]
[pid=26524] - [2026-08-13 17:23:18,122] - [core.controllers.arrival_controller] - [INFO] - [Arrival processed successfully! Generated Ticket ID: RNO-20260813-001]
[pid=26524] - [2026-08-13 17:23:18,123] - [commons.auth] - [INFO] - [Executing get_current_user dependency]
[pid=26524] - [2026-08-13 17:23:18,125] - [core.apis.routes.ticket_router] - [INFO] - [Calling POST /tickets/RNO-20260813-001/items endpoint]
[pid=26524] - [2026-08-13 17:23:18,125] - [core.controllers.ticket_controller] - [INFO] - [Executing TicketController.log_item_scan for ticket: RNO-20260813-001]
[pid=26524] - [2026-08-13 17:23:18,126] - [core.services.audit_service] - [INFO] - [Executing AuditService.log_mutation | Action: SCAN_ITEM | Collection: items]
[pid=26524] - [2026-08-13 17:23:18,126] - [core.controllers.ticket_controller] - [INFO] - [Item scanned and logged successfully! Unit Seq: 1 under Ticket: RNO-20260813-001]
[pid=26524] - [2026-08-13 17:23:18,126] - [commons.auth] - [INFO] - [Executing get_current_user dependency]
[pid=26524] - [2026-08-13 17:23:18,127] - [core.apis.routes.ticket_router] - [INFO] - [Calling PUT /tickets/ticket123/submit-inspection endpoint]
[pid=26524] - [2026-08-13 17:23:18,127] - [core.controllers.ticket_controller] - [INFO] - [Executing TicketController.submit_inspection for: ticket123]
[pid=26524] - [2026-08-13 17:23:18,127] - [core.services.audit_service] - [INFO] - [Executing AuditService.log_mutation | Action: SUBMIT_INSPECTION | Collection: tickets]
[pid=26524] - [2026-08-13 17:23:18,127] - [core.controllers.ticket_controller] - [INFO] - [Ticket submitted for inspection approval: RNO-20260813-001]
[pid=26524] - [2026-08-13 17:23:18,128] - [commons.auth] - [INFO] - [Executing get_current_user dependency]
[pid=26524] - [2026-08-13 17:23:18,128] - [commons.auth] - [INFO] - [Executing require_roles dependency check]
[pid=26524] - [2026-08-13 17:23:18,128] - [core.apis.routes.ticket_router] - [INFO] - [Calling POST /tickets/ticket123/approve endpoint]
[pid=26524] - [2026-08-13 17:23:18,128] - [core.controllers.ticket_controller] - [INFO] - [Executing TicketController.approve_ticket: ticket123]
[pid=26524] - [2026-08-13 17:23:18,128] - [core.services.audit_service] - [INFO] - [Executing AuditService.log_mutation | Action: APPROVE_SHIPMENT | Collection: tickets]
[pid=26524] - [2026-08-13 17:23:18,129] - [core.controllers.ticket_controller] - [INFO] - [Ticket inspection APPROVED! Status: SHIPMENT_ARRIVED for Ticket: RNO-20260813-001]
[pid=26524] - [2026-08-13 17:23:18,130] - [commons.auth] - [INFO] - [Executing get_current_user dependency]
[pid=26524] - [2026-08-13 17:23:18,130] - [core.apis.routes.ticket_router] - [INFO] - [Calling POST /tickets/ticket123/store endpoint]
[pid=26524] - [2026-08-13 17:23:18,130] - [core.controllers.ticket_controller] - [INFO] - [Executing TicketController.store_ticket: ticket123 -> A-04-12]
[pid=26524] - [2026-08-13 17:23:18,131] - [core.services.audit_service] - [INFO] - [Executing AuditService.log_mutation | Action: STORE_TICKET | Collection: tickets]
[pid=26524] - [2026-08-13 17:23:18,131] - [core.controllers.ticket_controller] - [INFO] - [Ticket STORED successfully at location: A-04-12]
[pid=26524] - [2026-08-13 17:23:18,137] - [commons.auth] - [INFO] - [Executing get_current_user dependency]
[pid=26524] - [2026-08-13 17:23:18,137] - [core.apis.routes.arrival_router] - [INFO] - [Calling POST /arrivals endpoint]
[pid=26524] - [2026-08-13 17:23:18,137] - [core.controllers.arrival_controller] - [INFO] - [Executing ArrivalController.process_arrival]
[pid=26524] - [2026-08-13 17:23:18,137] - [core.services.audit_service] - [INFO] - [Executing AuditService.log_mutation | Action: ARRIVE | Collection: tickets]
[pid=26524] - [2026-08-13 17:23:18,138] - [core.controllers.arrival_controller] - [INFO] - [Arrival processed successfully! Generated Ticket ID: LAX-20260813-001]
[pid=26524] - [2026-08-13 17:23:18,143] - [commons.auth] - [INFO] - [Executing get_current_user dependency]
[pid=26524] - [2026-08-13 17:23:18,143] - [core.apis.routes.ticket_router] - [INFO] - [Calling POST /tickets/RNO-20260813-001/items endpoint]
[pid=26524] - [2026-08-13 17:23:18,144] - [core.controllers.ticket_controller] - [INFO] - [Executing TicketController.log_item_scan for ticket: RNO-20260813-001]
[pid=26524] - [2026-08-13 17:23:18,144] - [core.apis.routes.ticket_router] - [ERROR] - [Error in POST /tickets/RNO-20260813-001/items endpoint: 409: Duplicate submission]
[pid=26524] - [2026-08-13 17:23:18,152] - [commons.auth] - [INFO] - [Executing get_current_user dependency]
[pid=26524] - [2026-08-13 17:23:18,153] - [core.apis.routes.order_router] - [INFO] - [Calling POST /orders endpoint]
[pid=26524] - [2026-08-13 17:23:18,153] - [core.controllers.order_controller] - [INFO] - [Executing OrderController.create_order]
[pid=26524] - [2026-08-13 17:23:18,154] - [core.services.audit_service] - [INFO] - [Executing AuditService.log_mutation | Action: CREATE | Collection: orders]
[pid=26524] - [2026-08-13 17:23:18,154] - [core.controllers.order_controller] - [INFO] - [Customer order created successfully: ORD-1001]
[pid=26524] - [2026-08-13 17:23:18,157] - [commons.auth] - [INFO] - [Executing get_current_user dependency]
[pid=26524] - [2026-08-13 17:23:18,157] - [core.apis.routes.order_router] - [INFO] - [Calling POST /orders/ORD-1001/reserve endpoint]
[pid=26524] - [2026-08-13 17:23:18,157] - [core.controllers.order_controller] - [INFO] - [Executing OrderController.reserve_order for: ORD-1001]
[pid=26524] - [2026-08-13 17:23:18,158] - [core.services.audit_service] - [INFO] - [Executing AuditService.log_mutation | Action: RESERVE_ORDER | Collection: orders]
[pid=26524] - [2026-08-13 17:23:18,158] - [core.controllers.order_controller] - [INFO] - [Order stock reserved successfully! Order ID: ORD-1001]
[pid=26524] - [2026-08-13 17:23:18,160] - [commons.auth] - [INFO] - [Executing get_current_user dependency]
[pid=26524] - [2026-08-13 17:23:18,160] - [core.apis.routes.order_router] - [INFO] - [Calling GET /orders/ORD-1001/picklist endpoint]
[pid=26524] - [2026-08-13 17:23:18,161] - [core.controllers.order_controller] - [INFO] - [Executing OrderController.get_picklist for: ORD-1001]
[pid=26524] - [2026-08-13 17:23:18,162] - [commons.auth] - [INFO] - [Executing get_current_user dependency]
[pid=26524] - [2026-08-13 17:23:18,164] - [core.apis.routes.order_router] - [INFO] - [Calling POST /orders/ORD-1001/pack endpoint]
[pid=26524] - [2026-08-13 17:23:18,164] - [core.controllers.order_controller] - [INFO] - [Executing OrderController.pack_order for: ORD-1001]
[pid=26524] - [2026-08-13 17:23:18,164] - [core.services.audit_service] - [INFO] - [Executing AuditService.log_mutation | Action: PACK_ORDER | Collection: orders]
[pid=26524] - [2026-08-13 17:23:18,164] - [core.controllers.order_controller] - [INFO] - [Order PACKED successfully: ORD-1001]
[pid=26524] - [2026-08-13 17:23:18,165] - [commons.auth] - [INFO] - [Executing get_current_user dependency]
[pid=26524] - [2026-08-13 17:23:18,165] - [core.apis.routes.order_router] - [INFO] - [Calling POST /orders/ORD-1001/label endpoint]
[pid=26524] - [2026-08-13 17:23:18,165] - [core.controllers.order_controller] - [INFO] - [Executing OrderController.generate_label for: ORD-1001]
[pid=26524] - [2026-08-13 17:23:18,165] - [core.controllers.order_controller] - [INFO] - [Shipping label generated stub for order ORD-1001: 1Z99941F1DB797A]
[pid=26524] - [2026-08-13 17:23:18,167] - [commons.auth] - [INFO] - [Executing get_current_user dependency]
[pid=26524] - [2026-08-13 17:23:18,167] - [core.apis.routes.order_router] - [INFO] - [Calling POST /orders/ORD-1001/ship endpoint]
[pid=26524] - [2026-08-13 17:23:18,167] - [core.controllers.order_controller] - [INFO] - [Executing OrderController.ship_order for: ORD-1001]
[pid=26524] - [2026-08-13 17:23:18,167] - [core.services.audit_service] - [INFO] - [Executing AuditService.log_mutation | Action: SHIP_ORDER | Collection: orders]
[pid=26524] - [2026-08-13 17:23:18,167] - [core.controllers.order_controller] - [INFO] - [Order SHIPPED successfully! Units converted to SOLD: ORD-1001]
[pid=26524] - [2026-08-13 17:23:18,184] - [commons.auth] - [INFO] - [Executing get_current_user dependency]
[pid=26524] - [2026-08-13 17:23:18,185] - [core.apis.routes.order_router] - [INFO] - [Calling POST /orders/ORD-PARALLEL/reserve endpoint]
[pid=26524] - [2026-08-13 17:23:18,185] - [core.controllers.order_controller] - [INFO] - [Executing OrderController.reserve_order for: ORD-PARALLEL]
[pid=26524] - [2026-08-13 17:23:18,187] - [core.controllers.order_controller] - [INFO] - [Order stock reserved successfully! Order ID: ORD-PARALLEL]
[pid=26524] - [2026-08-13 17:23:18,188] - [commons.auth] - [INFO] - [Executing get_current_user dependency]
[pid=26524] - [2026-08-13 17:23:18,188] - [core.apis.routes.order_router] - [INFO] - [Calling POST /orders/ORD-PARALLEL/reserve endpoint]
[pid=26524] - [2026-08-13 17:23:18,188] - [core.controllers.order_controller] - [INFO] - [Executing OrderController.reserve_order for: ORD-PARALLEL]
[pid=26524] - [2026-08-13 17:23:18,190] - [core.controllers.order_controller] - [WARNING] - [Stock reservation failed: barcode 012345678905 needs 1, available 0]
[pid=26524] - [2026-08-13 17:23:18,190] - [core.apis.routes.order_router] - [ERROR] - [Error in POST /orders/ORD-PARALLEL/reserve endpoint: 409: Insufficient stock for barcode '012345678905'. Required: 1, Available: 0]
[pid=26524] - [2026-08-13 17:23:18,196] - [commons.auth] - [INFO] - [Executing get_current_user dependency]
[pid=26524] - [2026-08-13 17:23:18,196] - [commons.auth] - [INFO] - [Executing require_roles dependency check]
[pid=26524] - [2026-08-13 17:23:18,197] - [core.apis.routes.report_router] - [INFO] - [Calling GET /reports/summary endpoint]
[pid=26524] - [2026-08-13 17:23:18,202] - [commons.auth] - [INFO] - [Executing get_current_user dependency]
[pid=26524] - [2026-08-13 17:23:18,203] - [commons.auth] - [INFO] - [Executing require_roles dependency check]
[pid=26524] - [2026-08-13 17:23:18,203] - [core.apis.routes.report_router] - [INFO] - [Calling GET /reports/stock endpoint]
[pid=26524] - [2026-08-13 17:23:18,210] - [commons.auth] - [INFO] - [Executing get_current_user dependency]
[pid=26524] - [2026-08-13 17:23:18,211] - [commons.auth] - [INFO] - [Executing require_roles dependency check]
[pid=26524] - [2026-08-13 17:23:18,211] - [core.apis.routes.report_router] - [INFO] - [Calling GET /reports/export endpoint | Type: stock | Format: csv]
[pid=26524] - [2026-08-13 17:23:18,214] - [core.services.export_service] - [INFO] - [Executing ExportService.generate_csv]
[pid=26524] - [2026-08-13 17:23:18,214] - [core.services.export_service] - [INFO] - [Executing ExportService.generate_csv]
[pid=26524] - [2026-08-13 17:23:18,216] - [core.services.export_service] - [INFO] - [Executing ExportService.generate_xlsx]
[pid=26524] - [2026-08-13 17:23:18,226] - [core.services.export_service] - [INFO] - [Executing ExportService.generate_xlsx]
[pid=26524] - [2026-08-13 17:23:18,237] - [core.services.storage_service] - [INFO] - [LocalStorageService initialized | Upload Dir: C:\Users\aayus\WMS\uploads]
[pid=26524] - [2026-08-13 17:23:18,237] - [core.services.storage_service] - [INFO] - [Executing LocalStorageService.save_image]
[pid=26524] - [2026-08-13 17:23:18,238] - [core.services.storage_service] - [WARNING] - [Image upload rejected: invalid extension .pdf]
[pid=26524] - [2026-08-13 17:23:18,239] - [core.services.storage_service] - [INFO] - [Executing LocalStorageService.save_image]
[pid=26524] - [2026-08-13 17:23:18,241] - [core.services.storage_service] - [INFO] - [Image saved successfully: /uploads/7fd042cb57b74e9e9ac6ca8e2dd3a08b.png]
[pid=26524] - [2026-08-13 17:23:18,242] - [core.services.storage_service] - [INFO] - [LocalStorageService initialized | Upload Dir: C:\Users\aayus\WMS\uploads]
[pid=26524] - [2026-08-13 17:23:18,245] - [core.services.vision_service] - [INFO] - [Executing VisionService.measure_package]
[pid=26524] - [2026-08-13 17:23:18,245] - [core.services.vision_service] - [WARNING] - [Vision measurement failed: invalid image payload]
[pid=26524] - [2026-08-13 17:23:18,249] - [core.services.nl_query_service] - [INFO] - [Executing NLQueryService.execute_query: 'How many items available?']
[pid=26524] - [2026-08-13 17:23:18,249] - [core.services.nl_query_service] - [INFO] - [NL Query executed using template 'STOCK_AVAILABLE'. Returned 1 rows.]
[pid=26524] - [2026-08-13 17:23:18,249] - [core.services.nl_query_service] - [INFO] - [Executing NLQueryService.execute_query: 'Show broken stock']
[pid=26524] - [2026-08-13 17:23:18,249] - [core.services.nl_query_service] - [INFO] - [NL Query executed using template 'STOCK_DAMAGED'. Returned 1 rows.]
[pid=26524] - [2026-08-13 17:23:18,249] - [core.services.nl_query_service] - [INFO] - [Executing NLQueryService.execute_query: 'Show held stock']
[pid=26524] - [2026-08-13 17:23:18,249] - [core.services.nl_query_service] - [INFO] - [NL Query executed using template 'STOCK_RESERVED'. Returned 1 rows.]
[pid=26524] - [2026-08-13 17:23:18,253] - [core.services.idempotency_service] - [INFO] - [Executing IdempotencyService.lock_key for key: key1]
[pid=26524] - [2026-08-13 17:23:18,253] - [core.services.idempotency_service] - [INFO] - [Idempotency key locked successfully: key1]
[pid=26524] - [2026-08-13 17:23:18,254] - [core.services.idempotency_service] - [INFO] - [Executing IdempotencyService.lock_key for key: key1]
[pid=26524] - [2026-08-13 17:23:18,254] - [core.services.idempotency_service] - [WARNING] - [Idempotency conflict: key key1 already processed]
[pid=26524] - [2026-08-13 17:23:18,257] - [core.services.audit_service] - [INFO] - [Executing AuditService.__init__]
[pid=26524] - [2026-08-13 17:23:18,257] - [core.services.audit_service] - [INFO] - [Executing AuditService.log_mutation | Action: TEST | Collection: test]
[pid=26524] - [2026-08-13 17:23:18,260] - [core.services.voice_service] - [INFO] - [Executing VoiceService.transcribe_audio]
[pid=26524] - [2026-08-13 17:23:18,260] - [core.services.voice_service] - [INFO] - [Executing VoiceService.parse_transcript]
[pid=26524] - [2026-08-13 17:23:18,265] - [core.utils.ticket_generator] - [INFO] - [Executing TicketGenerator.generate_ticket_id for WH: RNO]
[pid=26524] - [2026-08-13 17:23:18,268] - [core.utils.ticket_generator] - [INFO] - [Generated ticket ID: RNO-20260813-014]
[pid=9500] - [2026-08-13 17:23:26,181] - [core.config.settings] - [INFO] - [Executing get_settings function]
[pid=9500] - [2026-08-13 17:23:27,041] - [core.apis.api] - [INFO] - [Executing application startup lifespan]
[pid=9500] - [2026-08-13 17:23:27,041] - [core.database.database] - [INFO] - [Executing connect_to_mongo function]
[pid=9500] - [2026-08-13 17:23:27,041] - [core.database.database] - [INFO] - [Executing _MongoClientSingleton.__new__ | DB: wms]
[pid=9500] - [2026-08-13 17:23:27,051] - [core.database.database] - [INFO] - [MongoDB singleton initialized successfully | URI: mongodb://localhost:27017/?replicaSet=rs0&directConnection=true]
[pid=9500] - [2026-08-13 17:23:27,052] - [core.database.database] - [INFO] - [Executing ping function]
[pid=9500] - [2026-08-13 17:23:27,052] - [core.database.database] - [INFO] - [Executing MongoDatabase function]
[pid=9500] - [2026-08-13 17:23:27,071] - [core.database.database] - [INFO] - [MongoDB ping successful]
[pid=9500] - [2026-08-13 17:23:27,071] - [core.database.database] - [INFO] - [MongoDB connection established successfully]
[pid=9500] - [2026-08-13 17:23:27,072] - [core.database.init_db] - [INFO] - [Executing init_db function]
[pid=9500] - [2026-08-13 17:23:27,072] - [core.database.database] - [INFO] - [Executing MongoDatabase function]
[pid=9500] - [2026-08-13 17:23:27,075] - [core.database.init_db] - [INFO] - [Index created: users.email (unique)]
[pid=9500] - [2026-08-13 17:23:27,075] - [core.database.init_db] - [INFO] - [Index created: warehouses.code (unique)]
[pid=9500] - [2026-08-13 17:23:27,076] - [core.database.init_db] - [INFO] - [Index created: inbox_shipments.tracking_number (unique, sparse)]
[pid=9500] - [2026-08-13 17:23:27,077] - [core.database.init_db] - [INFO] - [Index created: tickets.ticket_id (unique)]
[pid=9500] - [2026-08-13 17:23:27,079] - [core.database.init_db] - [INFO] - [Indexes created: items.ticket_id + unit_seq (unique), items.barcode]
[pid=9500] - [2026-08-13 17:23:27,080] - [core.database.init_db] - [INFO] - [Index created: orders.order_id (unique)]
[pid=9500] - [2026-08-13 17:23:27,081] - [core.database.init_db] - [INFO] - [Index created: storage_locations.warehouse_id + location_code (unique)]
[pid=9500] - [2026-08-13 17:23:27,082] - [core.database.init_db] - [INFO] - [Index created: counters.wh_code + date_str (unique)]
[pid=9500] - [2026-08-13 17:23:27,084] - [core.database.init_db] - [INFO] - [Index created: api_keys.key_hash (unique)]
[pid=9500] - [2026-08-13 17:23:27,085] - [core.database.init_db] - [INFO] - [Index created: idempotency_keys.key (unique)]
[pid=9500] - [2026-08-13 17:23:27,085] - [core.database.init_db] - [INFO] - [Database initialization and index creation completed successfully]
[pid=9500] - [2026-08-13 17:23:27,085] - [core.apis.api] - [INFO] - [Startup lifespan completed successfully]
[pid=9500] - [2026-08-13 17:23:56,326] - [core.apis.routes.health_router] - [INFO] - [Calling GET /health endpoint]
[pid=9500] - [2026-08-13 17:23:56,326] - [core.controllers.health_controller] - [INFO] - [Executing HealthController.get_health]
[pid=9500] - [2026-08-13 17:23:56,327] - [core.database.database] - [INFO] - [Executing ping function]
[pid=9500] - [2026-08-13 17:23:56,327] - [core.database.database] - [INFO] - [Executing MongoDatabase function]
[pid=9500] - [2026-08-13 17:23:56,328] - [core.database.database] - [INFO] - [MongoDB ping successful]
[pid=9500] - [2026-08-13 17:26:01,454] - [core.apis.api] - [INFO] - [Executing application shutdown lifespan]
[pid=9500] - [2026-08-13 17:26:01,454] - [core.database.database] - [INFO] - [Executing close_mongo_connection function]
[pid=9500] - [2026-08-13 17:26:01,456] - [core.database.database] - [INFO] - [MongoDB connection closed successfully]
[pid=9500] - [2026-08-13 17:26:01,457] - [core.apis.api] - [INFO] - [Shutdown lifespan completed successfully]
[pid=20764] - [2026-08-13 17:26:03,331] - [core.config.settings] - [INFO] - [Executing get_settings function]
[pid=20764] - [2026-08-13 17:26:04,316] - [core.apis.api] - [INFO] - [Executing application startup lifespan]
[pid=20764] - [2026-08-13 17:26:04,316] - [core.database.database] - [INFO] - [Executing connect_to_mongo function]
[pid=20764] - [2026-08-13 17:26:04,316] - [core.database.database] - [INFO] - [Executing _MongoClientSingleton.__new__ | DB: wms]
[pid=20764] - [2026-08-13 17:26:04,326] - [core.database.database] - [INFO] - [MongoDB singleton initialized successfully | URI: mongodb://localhost:27017/?replicaSet=rs0&directConnection=true]
[pid=20764] - [2026-08-13 17:26:04,326] - [core.database.database] - [INFO] - [Executing ping function]
[pid=20764] - [2026-08-13 17:26:04,326] - [core.database.database] - [INFO] - [Executing MongoDatabase function]
[pid=20764] - [2026-08-13 17:26:04,369] - [core.database.database] - [INFO] - [MongoDB ping successful]
[pid=20764] - [2026-08-13 17:26:04,369] - [core.database.database] - [INFO] - [MongoDB connection established successfully]
[pid=20764] - [2026-08-13 17:26:04,369] - [core.database.init_db] - [INFO] - [Executing init_db function]
[pid=20764] - [2026-08-13 17:26:04,369] - [core.database.database] - [INFO] - [Executing MongoDatabase function]
[pid=20764] - [2026-08-13 17:26:04,372] - [core.database.init_db] - [INFO] - [Index created: users.email (unique)]
[pid=20764] - [2026-08-13 17:26:04,374] - [core.database.init_db] - [INFO] - [Index created: warehouses.code (unique)]
[pid=20764] - [2026-08-13 17:26:04,375] - [core.database.init_db] - [INFO] - [Index created: inbox_shipments.tracking_number (unique, sparse)]
[pid=20764] - [2026-08-13 17:26:04,376] - [core.database.init_db] - [INFO] - [Index created: tickets.ticket_id (unique)]
[pid=20764] - [2026-08-13 17:26:04,379] - [core.database.init_db] - [INFO] - [Indexes created: items.ticket_id + unit_seq (unique), items.barcode]
[pid=20764] - [2026-08-13 17:26:04,382] - [core.database.init_db] - [INFO] - [Index created: orders.order_id (unique)]
[pid=20764] - [2026-08-13 17:26:04,384] - [core.database.init_db] - [INFO] - [Index created: storage_locations.warehouse_id + location_code (unique)]
[pid=20764] - [2026-08-13 17:26:04,386] - [core.database.init_db] - [INFO] - [Index created: counters.wh_code + date_str (unique)]
[pid=20764] - [2026-08-13 17:26:04,388] - [core.database.init_db] - [INFO] - [Index created: api_keys.key_hash (unique)]
[pid=20764] - [2026-08-13 17:26:04,390] - [core.database.init_db] - [INFO] - [Index created: idempotency_keys.key (unique)]
[pid=20764] - [2026-08-13 17:26:04,390] - [core.database.init_db] - [INFO] - [Database initialization and index creation completed successfully]
[pid=20764] - [2026-08-13 17:26:04,391] - [core.apis.api] - [INFO] - [Startup lifespan completed successfully]
[pid=22384] - [2026-08-13 17:26:05,966] - [core.config.settings] - [INFO] - [Executing get_settings function]
[pid=4240] - [2026-08-13 17:31:46,959] - [core.config.settings] - [INFO] - [Executing get_settings function]
[pid=4240] - [2026-08-13 17:31:50,593] - [core.apis.api] - [INFO] - [Executing application startup lifespan]
[pid=4240] - [2026-08-13 17:31:50,594] - [core.database.database] - [INFO] - [Executing connect_to_mongo function]
[pid=4240] - [2026-08-13 17:31:50,594] - [core.database.database] - [INFO] - [Executing _MongoClientSingleton.__new__ | DB: wms]
[pid=4240] - [2026-08-13 17:31:50,613] - [core.database.database] - [INFO] - [MongoDB singleton initialized successfully | URI: mongodb://localhost:27017/?replicaSet=rs0&directConnection=true]
[pid=4240] - [2026-08-13 17:31:50,614] - [core.database.database] - [INFO] - [Executing ping function]
[pid=4240] - [2026-08-13 17:31:50,614] - [core.database.database] - [INFO] - [Executing MongoDatabase function]
[pid=4240] - [2026-08-13 17:31:50,641] - [core.database.database] - [INFO] - [MongoDB ping successful]
[pid=4240] - [2026-08-13 17:31:50,651] - [core.database.database] - [INFO] - [MongoDB connection established successfully]
[pid=4240] - [2026-08-13 17:31:50,651] - [core.database.init_db] - [INFO] - [Executing init_db function]
[pid=4240] - [2026-08-13 17:31:50,651] - [core.database.database] - [INFO] - [Executing MongoDatabase function]
[pid=4240] - [2026-08-13 17:31:50,656] - [core.database.init_db] - [INFO] - [Index created: users.email (unique)]
[pid=4240] - [2026-08-13 17:31:50,658] - [core.database.init_db] - [INFO] - [Index created: warehouses.code (unique)]
[pid=4240] - [2026-08-13 17:31:50,662] - [core.database.init_db] - [INFO] - [Index created: inbox_shipments.tracking_number (unique, sparse)]
[pid=4240] - [2026-08-13 17:31:50,664] - [core.database.init_db] - [INFO] - [Index created: tickets.ticket_id (unique)]
[pid=4240] - [2026-08-13 17:31:50,668] - [core.database.init_db] - [INFO] - [Indexes created: items.ticket_id + unit_seq (unique), items.barcode]
[pid=4240] - [2026-08-13 17:31:50,671] - [core.database.init_db] - [INFO] - [Index created: orders.order_id (unique)]
[pid=4240] - [2026-08-13 17:31:50,673] - [core.database.init_db] - [INFO] - [Index created: storage_locations.warehouse_id + location_code (unique)]
[pid=4240] - [2026-08-13 17:31:50,676] - [core.database.init_db] - [INFO] - [Index created: counters.wh_code + date_str (unique)]
[pid=4240] - [2026-08-13 17:31:50,678] - [core.database.init_db] - [INFO] - [Index created: api_keys.key_hash (unique)]
[pid=4240] - [2026-08-13 17:31:50,680] - [core.database.init_db] - [INFO] - [Index created: idempotency_keys.key (unique)]
[pid=4240] - [2026-08-13 17:31:50,680] - [core.database.init_db] - [INFO] - [Database initialization and index creation completed successfully]
[pid=4240] - [2026-08-13 17:31:50,680] - [core.apis.api] - [INFO] - [Startup lifespan completed successfully]
[pid=24580] - [2026-08-13 17:43:06,772] - [core.config.settings] - [INFO] - [Executing get_settings function]
[pid=24580] - [2026-08-13 17:43:08,074] - [commons.auth] - [INFO] - [Executing get_current_user dependency]
[pid=24580] - [2026-08-13 17:43:08,074] - [core.apis.routes.voice_router] - [INFO] - [Calling POST /voice/transcribe endpoint]
[pid=24580] - [2026-08-13 17:43:08,074] - [core.controllers.voice_controller] - [INFO] - [Executing VoiceController.transcribe]
[pid=24580] - [2026-08-13 17:43:08,074] - [core.services.voice_service] - [INFO] - [Executing VoiceService.transcribe_audio]
[pid=24580] - [2026-08-13 17:43:08,076] - [commons.auth] - [INFO] - [Executing get_current_user dependency]
[pid=24580] - [2026-08-13 17:43:08,077] - [core.apis.routes.voice_router] - [INFO] - [Calling POST /voice/parse endpoint]
[pid=24580] - [2026-08-13 17:43:08,081] - [core.controllers.voice_controller] - [INFO] - [Executing VoiceController.parse_transcript for ticket: RNO-20260813-001]
[pid=24580] - [2026-08-13 17:43:08,081] - [core.services.voice_service] - [INFO] - [Executing VoiceService.parse_transcript]
[pid=24580] - [2026-08-13 17:43:08,081] - [core.controllers.voice_controller] - [INFO] - [Voice draft saved successfully! Draft ID: draft123]
[pid=24580] - [2026-08-13 17:43:08,083] - [commons.auth] - [INFO] - [Executing get_current_user dependency]
[pid=24580] - [2026-08-13 17:43:08,084] - [core.apis.routes.voice_router] - [INFO] - [Calling POST /voice/drafts/draft123/confirm endpoint]
[pid=24580] - [2026-08-13 17:43:08,084] - [core.controllers.voice_controller] - [INFO] - [Executing VoiceController.confirm_draft for draft: draft123]
[pid=24580] - [2026-08-13 17:43:08,084] - [core.services.audit_service] - [INFO] - [Executing AuditService.__init__]
[pid=24580] - [2026-08-13 17:43:08,084] - [core.controllers.voice_controller] - [INFO] - [Voice draft confirmed and logged through Phase 2 pipeline! Draft ID: draft123]
[pid=24580] - [2026-08-13 17:43:08,091] - [commons.auth] - [INFO] - [Executing get_current_user dependency]
[pid=24580] - [2026-08-13 17:43:08,092] - [core.apis.routes.vision_router] - [INFO] - [Calling POST /vision/measure endpoint]
[pid=24580] - [2026-08-13 17:43:08,092] - [core.controllers.vision_controller] - [INFO] - [Executing VisionController.measure_package]
[pid=24580] - [2026-08-13 17:43:08,098] - [commons.auth] - [INFO] - [Executing get_current_user dependency]
[pid=24580] - [2026-08-13 17:43:08,099] - [core.apis.routes.query_router] - [INFO] - [Calling POST /query endpoint]
[pid=24580] - [2026-08-13 17:43:08,099] - [core.controllers.nl_query_controller] - [INFO] - [Executing NLQueryController.execute_query]
[pid=24580] - [2026-08-13 17:43:08,105] - [commons.auth] - [INFO] - [Executing get_current_user dependency]
[pid=24580] - [2026-08-13 17:43:08,106] - [commons.auth] - [INFO] - [Executing require_roles dependency check]
[pid=24580] - [2026-08-13 17:43:08,106] - [core.apis.routes.api_key_router] - [INFO] - [Calling POST /api-keys endpoint]
[pid=24580] - [2026-08-13 17:43:08,107] - [core.controllers.api_key_controller] - [INFO] - [Executing ApiKeyController.create_key]
[pid=24580] - [2026-08-13 17:43:08,107] - [core.controllers.api_key_controller] - [INFO] - [API key created successfully! Name: Morning Check Script | Prefix: wms_live_c1a]
[pid=24580] - [2026-08-13 17:43:08,108] - [commons.auth] - [INFO] - [Executing get_current_user dependency]
[pid=24580] - [2026-08-13 17:43:08,108] - [commons.auth] - [INFO] - [Executing require_roles dependency check]
[pid=24580] - [2026-08-13 17:43:08,108] - [core.apis.routes.api_key_router] - [INFO] - [Calling GET /api-keys endpoint]
[pid=24580] - [2026-08-13 17:43:08,108] - [core.controllers.api_key_controller] - [INFO] - [Executing ApiKeyController.list_keys]
[pid=24580] - [2026-08-13 17:43:08,109] - [commons.auth] - [INFO] - [Executing get_current_user dependency]
[pid=24580] - [2026-08-13 17:43:08,109] - [commons.auth] - [INFO] - [Executing require_roles dependency check]
[pid=24580] - [2026-08-13 17:43:08,109] - [core.apis.routes.api_key_router] - [INFO] - [Calling DELETE /api-keys/key123 endpoint]
[pid=24580] - [2026-08-13 17:43:08,109] - [core.controllers.api_key_controller] - [INFO] - [Executing ApiKeyController.revoke_key: key123]
[pid=24580] - [2026-08-13 17:43:08,109] - [core.controllers.api_key_controller] - [INFO] - [API key revoked successfully: key123]
[pid=24580] - [2026-08-13 17:43:08,116] - [commons.auth] - [INFO] - [Executing get_current_user dependency]
[pid=24580] - [2026-08-13 17:43:08,116] - [core.apis.routes.query_router] - [INFO] - [Calling POST /query endpoint]
[pid=24580] - [2026-08-13 17:43:08,116] - [core.controllers.nl_query_controller] - [INFO] - [Executing NLQueryController.execute_query]
[pid=24580] - [2026-08-13 17:43:08,116] - [core.controllers.nl_query_controller] - [WARNING] - [NL query rejected outside allow-list: Query does not match any allow-listed template]
[pid=24580] - [2026-08-13 17:43:08,116] - [core.apis.routes.query_router] - [ERROR] - [Error in POST /query endpoint: 400: Query does not match any allow-listed template]
[pid=24580] - [2026-08-13 17:43:08,123] - [commons.auth] - [INFO] - [Executing get_current_user dependency]
[pid=24580] - [2026-08-13 17:43:08,123] - [commons.auth] - [WARNING] - [Missing authentication token in request]
[pid=24580] - [2026-08-13 17:43:08,129] - [commons.auth] - [INFO] - [Executing hash_password function]
[pid=24580] - [2026-08-13 17:43:08,421] - [core.apis.routes.auth_router] - [INFO] - [Calling POST /auth/login endpoint]
[pid=24580] - [2026-08-13 17:43:08,422] - [core.controllers.auth_controller] - [INFO] - [Executing AuthController.login]
[pid=24580] - [2026-08-13 17:43:08,422] - [core.cruds.user_crud] - [INFO] - [Executing CRUDUser.get_by_email for: owner@whitfield.com]
[pid=24580] - [2026-08-13 17:43:08,422] - [commons.auth] - [INFO] - [Executing verify_password function]
[pid=24580] - [2026-08-13 17:43:08,753] - [commons.auth] - [INFO] - [Executing create_access_token function]
[pid=24580] - [2026-08-13 17:43:08,753] - [commons.auth] - [INFO] - [Executing create_refresh_token function]
[pid=24580] - [2026-08-13 17:43:08,753] - [core.controllers.auth_controller] - [INFO] - [User login successful: owner@whitfield.com (OWNER)]
[pid=24580] - [2026-08-13 17:43:08,757] - [commons.auth] - [INFO] - [Executing hash_password function]
[pid=24580] - [2026-08-13 17:43:09,051] - [core.apis.routes.auth_router] - [INFO] - [Calling POST /auth/login endpoint]
[pid=24580] - [2026-08-13 17:43:09,051] - [core.controllers.auth_controller] - [INFO] - [Executing AuthController.login]
[pid=24580] - [2026-08-13 17:43:09,051] - [core.cruds.user_crud] - [INFO] - [Executing CRUDUser.get_by_email for: owner@whitfield.com]
[pid=24580] - [2026-08-13 17:43:09,051] - [commons.auth] - [INFO] - [Executing verify_password function]
[pid=24580] - [2026-08-13 17:43:09,437] - [core.controllers.auth_controller] - [WARNING] - [Login failed: invalid password for user (owner@whitfield.com)]
[pid=24580] - [2026-08-13 17:43:09,438] - [core.apis.routes.auth_router] - [ERROR] - [Error in POST /auth/login endpoint: 401: Invalid email or password]
[pid=24580] - [2026-08-13 17:43:09,445] - [commons.auth] - [INFO] - [Executing get_current_user dependency]
[pid=24580] - [2026-08-13 17:43:09,446] - [commons.auth] - [INFO] - [Executing require_roles dependency check]
[pid=24580] - [2026-08-13 17:43:09,447] - [core.apis.routes.warehouse_router] - [INFO] - [Calling POST /warehouses endpoint]
[pid=24580] - [2026-08-13 17:43:09,447] - [core.controllers.warehouse_controller] - [INFO] - [Executing WarehouseController.create_warehouse]
[pid=24580] - [2026-08-13 17:43:09,447] - [core.services.audit_service] - [INFO] - [Executing AuditService.log_mutation | Action: CREATE | Collection: warehouses]
[pid=24580] - [2026-08-13 17:43:09,447] - [core.controllers.warehouse_controller] - [INFO] - [Warehouse created successfully: RNO]
[pid=24580] - [2026-08-13 17:43:09,457] - [commons.auth] - [INFO] - [Executing get_current_user dependency]
[pid=24580] - [2026-08-13 17:43:09,457] - [commons.auth] - [INFO] - [Executing require_roles dependency check]
[pid=24580] - [2026-08-13 17:43:09,460] - [core.apis.routes.user_router] - [INFO] - [Calling POST /users/managers endpoint]
[pid=24580] - [2026-08-13 17:43:09,460] - [core.controllers.user_controller] - [INFO] - [Executing UserController.create_manager]
[pid=24580] - [2026-08-13 17:43:09,460] - [commons.auth] - [INFO] - [Executing hash_password function]
[pid=24580] - [2026-08-13 17:43:09,805] - [core.services.audit_service] - [INFO] - [Executing AuditService.log_mutation | Action: CREATE | Collection: users]
[pid=24580] - [2026-08-13 17:43:09,805] - [core.controllers.user_controller] - [INFO] - [Manager user created successfully: manager.rno@whitfield.com]
[pid=24580] - [2026-08-13 17:43:09,811] - [commons.auth] - [INFO] - [Executing get_current_user dependency]
[pid=24580] - [2026-08-13 17:43:09,811] - [commons.auth] - [INFO] - [Executing require_roles dependency check]
[pid=24580] - [2026-08-13 17:43:09,814] - [core.apis.routes.user_router] - [INFO] - [Calling POST /users/staff endpoint]
[pid=24580] - [2026-08-13 17:43:09,814] - [core.controllers.user_controller] - [INFO] - [Executing UserController.create_staff]
[pid=24580] - [2026-08-13 17:43:09,814] - [commons.auth] - [INFO] - [Executing hash_password function]
[pid=24580] - [2026-08-13 17:43:10,137] - [core.services.audit_service] - [INFO] - [Executing AuditService.log_mutation | Action: CREATE | Collection: users]
[pid=24580] - [2026-08-13 17:43:10,138] - [core.controllers.user_controller] - [INFO] - [Staff user created successfully: staff.rookie@whitfield.com for WH: 607f1f77bcf86cd799439022]
[pid=24580] - [2026-08-13 17:43:10,147] - [commons.auth] - [INFO] - [Executing get_current_user dependency]
[pid=24580] - [2026-08-13 17:43:10,148] - [commons.auth] - [INFO] - [Executing require_roles dependency check]
[pid=24580] - [2026-08-13 17:43:10,148] - [commons.auth] - [WARNING] - [User staff.rookie@whitfield.com with role STAFF denied access. Required: ['OWNER']]
[pid=24580] - [2026-08-13 17:43:10,156] - [commons.auth] - [INFO] - [Executing get_current_user dependency]
[pid=24580] - [2026-08-13 17:43:10,156] - [commons.auth] - [INFO] - [Executing require_roles dependency check]
[pid=24580] - [2026-08-13 17:43:10,157] - [core.apis.routes.audit_router] - [INFO] - [Calling GET /audit endpoint]
[pid=24580] - [2026-08-13 17:43:10,157] - [core.controllers.audit_controller] - [INFO] - [Executing AuditController.get_audit_logs]
[pid=24580] - [2026-08-13 17:43:10,164] - [commons.auth] - [INFO] - [Executing get_current_user dependency]
[pid=24580] - [2026-08-13 17:43:10,164] - [commons.auth] - [INFO] - [Executing require_roles dependency check]
[pid=24580] - [2026-08-13 17:43:10,164] - [commons.auth] - [WARNING] - [User None with role STAFF denied access. Required: ['OWNER']]
[pid=24580] - [2026-08-13 17:43:10,168] - [commons.auth] - [INFO] - [Executing get_current_user dependency]
[pid=24580] - [2026-08-13 17:43:10,168] - [commons.auth] - [INFO] - [Executing require_roles dependency check]
[pid=24580] - [2026-08-13 17:43:10,168] - [commons.auth] - [WARNING] - [User None with role MANAGER denied access. Required: ['OWNER']]
[pid=24580] - [2026-08-13 17:43:10,178] - [commons.auth] - [INFO] - [Executing get_current_user dependency]
[pid=24580] - [2026-08-13 17:43:10,178] - [commons.auth] - [INFO] - [Executing require_roles dependency check]
[pid=24580] - [2026-08-13 17:43:10,178] - [core.apis.routes.warehouse_router] - [INFO] - [Calling POST /warehouses endpoint]
[pid=24580] - [2026-08-13 17:43:10,178] - [core.controllers.warehouse_controller] - [INFO] - [Executing WarehouseController.create_warehouse]
[pid=24580] - [2026-08-13 17:43:10,178] - [core.controllers.warehouse_controller] - [INFO] - [Warehouse created successfully: RNO]
[pid=24580] - [2026-08-13 17:43:10,191] - [core.apis.routes.health_router] - [INFO] - [Calling GET /health endpoint]
[pid=24580] - [2026-08-13 17:43:10,191] - [core.controllers.health_controller] - [INFO] - [Executing HealthController.get_health]
[pid=24580] - [2026-08-13 17:43:10,191] - [core.database.database] - [INFO] - [Executing ping function]
[pid=24580] - [2026-08-13 17:43:10,191] - [core.database.database] - [INFO] - [Executing MongoDatabase function]
[pid=24580] - [2026-08-13 17:43:10,191] - [core.database.database] - [INFO] - [Executing _MongoClientSingleton.__new__ | DB: wms]
[pid=24580] - [2026-08-13 17:43:10,202] - [core.database.database] - [INFO] - [MongoDB singleton initialized successfully | URI: mongodb://localhost:27017/?replicaSet=rs0&directConnection=true]
[pid=24580] - [2026-08-13 17:43:10,225] - [core.database.database] - [INFO] - [MongoDB ping successful]
[pid=24580] - [2026-08-13 17:43:10,237] - [commons.auth] - [INFO] - [Executing get_current_user dependency]
[pid=24580] - [2026-08-13 17:43:10,238] - [core.apis.routes.arrival_router] - [INFO] - [Calling POST /arrivals endpoint]
[pid=24580] - [2026-08-13 17:43:10,239] - [core.controllers.arrival_controller] - [INFO] - [Executing ArrivalController.process_arrival]
[pid=24580] - [2026-08-13 17:43:10,239] - [core.services.audit_service] - [INFO] - [Executing AuditService.log_mutation | Action: ARRIVE | Collection: tickets]
[pid=24580] - [2026-08-13 17:43:10,239] - [core.controllers.arrival_controller] - [INFO] - [Arrival processed successfully! Generated Ticket ID: RNO-20260813-001]
[pid=24580] - [2026-08-13 17:43:10,241] - [commons.auth] - [INFO] - [Executing get_current_user dependency]
[pid=24580] - [2026-08-13 17:43:10,243] - [core.apis.routes.ticket_router] - [INFO] - [Calling POST /tickets/RNO-20260813-001/items endpoint]
[pid=24580] - [2026-08-13 17:43:10,244] - [core.controllers.ticket_controller] - [INFO] - [Executing TicketController.log_item_scan for ticket: RNO-20260813-001]
[pid=24580] - [2026-08-13 17:43:10,244] - [core.services.audit_service] - [INFO] - [Executing AuditService.log_mutation | Action: SCAN_ITEM | Collection: items]
[pid=24580] - [2026-08-13 17:43:10,244] - [core.controllers.ticket_controller] - [INFO] - [Item scanned and logged successfully! Unit Seq: 1 under Ticket: RNO-20260813-001]
[pid=24580] - [2026-08-13 17:43:10,245] - [commons.auth] - [INFO] - [Executing get_current_user dependency]
[pid=24580] - [2026-08-13 17:43:10,245] - [core.apis.routes.ticket_router] - [INFO] - [Calling PUT /tickets/ticket123/submit-inspection endpoint]
[pid=24580] - [2026-08-13 17:43:10,245] - [core.controllers.ticket_controller] - [INFO] - [Executing TicketController.submit_inspection for: ticket123]
[pid=24580] - [2026-08-13 17:43:10,245] - [core.services.audit_service] - [INFO] - [Executing AuditService.log_mutation | Action: SUBMIT_INSPECTION | Collection: tickets]
[pid=24580] - [2026-08-13 17:43:10,246] - [core.controllers.ticket_controller] - [INFO] - [Ticket submitted for inspection approval: RNO-20260813-001]
[pid=24580] - [2026-08-13 17:43:10,247] - [commons.auth] - [INFO] - [Executing get_current_user dependency]
[pid=24580] - [2026-08-13 17:43:10,247] - [commons.auth] - [INFO] - [Executing require_roles dependency check]
[pid=24580] - [2026-08-13 17:43:10,247] - [core.apis.routes.ticket_router] - [INFO] - [Calling POST /tickets/ticket123/approve endpoint]
[pid=24580] - [2026-08-13 17:43:10,247] - [core.controllers.ticket_controller] - [INFO] - [Executing TicketController.approve_ticket: ticket123]
[pid=24580] - [2026-08-13 17:43:10,247] - [core.services.audit_service] - [INFO] - [Executing AuditService.log_mutation | Action: APPROVE_SHIPMENT | Collection: tickets]
[pid=24580] - [2026-08-13 17:43:10,247] - [core.controllers.ticket_controller] - [INFO] - [Ticket inspection APPROVED! Status: SHIPMENT_ARRIVED for Ticket: RNO-20260813-001]
[pid=24580] - [2026-08-13 17:43:10,249] - [commons.auth] - [INFO] - [Executing get_current_user dependency]
[pid=24580] - [2026-08-13 17:43:10,250] - [core.apis.routes.ticket_router] - [INFO] - [Calling POST /tickets/ticket123/store endpoint]
[pid=24580] - [2026-08-13 17:43:10,250] - [core.controllers.ticket_controller] - [INFO] - [Executing TicketController.store_ticket: ticket123 -> A-04-12]
[pid=24580] - [2026-08-13 17:43:10,250] - [core.services.audit_service] - [INFO] - [Executing AuditService.log_mutation | Action: STORE_TICKET | Collection: tickets]
[pid=24580] - [2026-08-13 17:43:10,251] - [core.controllers.ticket_controller] - [INFO] - [Ticket STORED successfully at location: A-04-12]
[pid=24580] - [2026-08-13 17:43:10,258] - [commons.auth] - [INFO] - [Executing get_current_user dependency]
[pid=24580] - [2026-08-13 17:43:10,258] - [core.apis.routes.arrival_router] - [INFO] - [Calling POST /arrivals endpoint]
[pid=24580] - [2026-08-13 17:43:10,258] - [core.controllers.arrival_controller] - [INFO] - [Executing ArrivalController.process_arrival]
[pid=24580] - [2026-08-13 17:43:10,258] - [core.services.audit_service] - [INFO] - [Executing AuditService.log_mutation | Action: ARRIVE | Collection: tickets]
[pid=24580] - [2026-08-13 17:43:10,258] - [core.controllers.arrival_controller] - [INFO] - [Arrival processed successfully! Generated Ticket ID: LAX-20260813-001]
[pid=24580] - [2026-08-13 17:43:10,264] - [commons.auth] - [INFO] - [Executing get_current_user dependency]
[pid=24580] - [2026-08-13 17:43:10,265] - [core.apis.routes.ticket_router] - [INFO] - [Calling POST /tickets/RNO-20260813-001/items endpoint]
[pid=24580] - [2026-08-13 17:43:10,265] - [core.controllers.ticket_controller] - [INFO] - [Executing TicketController.log_item_scan for ticket: RNO-20260813-001]
[pid=24580] - [2026-08-13 17:43:10,265] - [core.apis.routes.ticket_router] - [ERROR] - [Error in POST /tickets/RNO-20260813-001/items endpoint: 409: Duplicate submission]
[pid=24580] - [2026-08-13 17:43:10,274] - [commons.auth] - [INFO] - [Executing get_current_user dependency]
[pid=24580] - [2026-08-13 17:43:10,275] - [core.apis.routes.order_router] - [INFO] - [Calling POST /orders endpoint]
[pid=24580] - [2026-08-13 17:43:10,275] - [core.controllers.order_controller] - [INFO] - [Executing OrderController.create_order]
[pid=24580] - [2026-08-13 17:43:10,275] - [core.services.audit_service] - [INFO] - [Executing AuditService.log_mutation | Action: CREATE | Collection: orders]
[pid=24580] - [2026-08-13 17:43:10,275] - [core.controllers.order_controller] - [INFO] - [Customer order created successfully: ORD-1001]
[pid=24580] - [2026-08-13 17:43:10,279] - [commons.auth] - [INFO] - [Executing get_current_user dependency]
[pid=24580] - [2026-08-13 17:43:10,279] - [core.apis.routes.order_router] - [INFO] - [Calling POST /orders/ORD-1001/reserve endpoint]
[pid=24580] - [2026-08-13 17:43:10,279] - [core.controllers.order_controller] - [INFO] - [Executing OrderController.reserve_order for: ORD-1001]
[pid=24580] - [2026-08-13 17:43:10,280] - [core.services.audit_service] - [INFO] - [Executing AuditService.log_mutation | Action: RESERVE_ORDER | Collection: orders]
[pid=24580] - [2026-08-13 17:43:10,280] - [core.controllers.order_controller] - [INFO] - [Order stock reserved successfully! Order ID: ORD-1001]
[pid=24580] - [2026-08-13 17:43:10,282] - [commons.auth] - [INFO] - [Executing get_current_user dependency]
[pid=24580] - [2026-08-13 17:43:10,282] - [core.apis.routes.order_router] - [INFO] - [Calling GET /orders/ORD-1001/picklist endpoint]
[pid=24580] - [2026-08-13 17:43:10,282] - [core.controllers.order_controller] - [INFO] - [Executing OrderController.get_picklist for: ORD-1001]
[pid=24580] - [2026-08-13 17:43:10,284] - [commons.auth] - [INFO] - [Executing get_current_user dependency]
[pid=24580] - [2026-08-13 17:43:10,286] - [core.apis.routes.order_router] - [INFO] - [Calling POST /orders/ORD-1001/pack endpoint]
[pid=24580] - [2026-08-13 17:43:10,286] - [core.controllers.order_controller] - [INFO] - [Executing OrderController.pack_order for: ORD-1001]
[pid=24580] - [2026-08-13 17:43:10,286] - [core.services.audit_service] - [INFO] - [Executing AuditService.log_mutation | Action: PACK_ORDER | Collection: orders]
[pid=24580] - [2026-08-13 17:43:10,286] - [core.controllers.order_controller] - [INFO] - [Order PACKED successfully: ORD-1001]
[pid=24580] - [2026-08-13 17:43:10,287] - [commons.auth] - [INFO] - [Executing get_current_user dependency]
[pid=24580] - [2026-08-13 17:43:10,288] - [core.apis.routes.order_router] - [INFO] - [Calling POST /orders/ORD-1001/label endpoint]
[pid=24580] - [2026-08-13 17:43:10,288] - [core.controllers.order_controller] - [INFO] - [Executing OrderController.generate_label for: ORD-1001]
[pid=24580] - [2026-08-13 17:43:10,288] - [core.controllers.order_controller] - [INFO] - [Shipping label generated stub for order ORD-1001: 1Z9998CC9B2B7F7]
[pid=24580] - [2026-08-13 17:43:10,289] - [commons.auth] - [INFO] - [Executing get_current_user dependency]
[pid=24580] - [2026-08-13 17:43:10,289] - [core.apis.routes.order_router] - [INFO] - [Calling POST /orders/ORD-1001/ship endpoint]
[pid=24580] - [2026-08-13 17:43:10,289] - [core.controllers.order_controller] - [INFO] - [Executing OrderController.ship_order for: ORD-1001]
[pid=24580] - [2026-08-13 17:43:10,290] - [core.services.audit_service] - [INFO] - [Executing AuditService.log_mutation | Action: SHIP_ORDER | Collection: orders]
[pid=24580] - [2026-08-13 17:43:10,290] - [core.controllers.order_controller] - [INFO] - [Order SHIPPED successfully! Units converted to SOLD: ORD-1001]
[pid=24580] - [2026-08-13 17:43:10,303] - [commons.auth] - [INFO] - [Executing get_current_user dependency]
[pid=24580] - [2026-08-13 17:43:10,304] - [core.apis.routes.order_router] - [INFO] - [Calling POST /orders/ORD-PARALLEL/reserve endpoint]
[pid=24580] - [2026-08-13 17:43:10,304] - [core.controllers.order_controller] - [INFO] - [Executing OrderController.reserve_order for: ORD-PARALLEL]
[pid=24580] - [2026-08-13 17:43:10,306] - [core.controllers.order_controller] - [INFO] - [Order stock reserved successfully! Order ID: ORD-PARALLEL]
[pid=24580] - [2026-08-13 17:43:10,307] - [commons.auth] - [INFO] - [Executing get_current_user dependency]
[pid=24580] - [2026-08-13 17:43:10,308] - [core.apis.routes.order_router] - [INFO] - [Calling POST /orders/ORD-PARALLEL/reserve endpoint]
[pid=24580] - [2026-08-13 17:43:10,308] - [core.controllers.order_controller] - [INFO] - [Executing OrderController.reserve_order for: ORD-PARALLEL]
[pid=24580] - [2026-08-13 17:43:10,309] - [core.controllers.order_controller] - [WARNING] - [Stock reservation failed: barcode 012345678905 needs 1, available 0]
[pid=24580] - [2026-08-13 17:43:10,309] - [core.apis.routes.order_router] - [ERROR] - [Error in POST /orders/ORD-PARALLEL/reserve endpoint: 409: Insufficient stock for barcode '012345678905'. Required: 1, Available: 0]
[pid=24580] - [2026-08-13 17:43:10,314] - [commons.auth] - [INFO] - [Executing get_current_user dependency]
[pid=24580] - [2026-08-13 17:43:10,315] - [commons.auth] - [INFO] - [Executing require_roles dependency check]
[pid=24580] - [2026-08-13 17:43:10,315] - [core.apis.routes.report_router] - [INFO] - [Calling GET /reports/summary endpoint]
[pid=24580] - [2026-08-13 17:43:10,321] - [commons.auth] - [INFO] - [Executing get_current_user dependency]
[pid=24580] - [2026-08-13 17:43:10,321] - [commons.auth] - [INFO] - [Executing require_roles dependency check]
[pid=24580] - [2026-08-13 17:43:10,321] - [core.apis.routes.report_router] - [INFO] - [Calling GET /reports/stock endpoint]
[pid=24580] - [2026-08-13 17:43:10,326] - [commons.auth] - [INFO] - [Executing get_current_user dependency]
[pid=24580] - [2026-08-13 17:43:10,326] - [commons.auth] - [INFO] - [Executing require_roles dependency check]
[pid=24580] - [2026-08-13 17:43:10,327] - [core.apis.routes.report_router] - [INFO] - [Calling GET /reports/export endpoint | Type: stock | Format: csv]
[pid=24580] - [2026-08-13 17:43:10,329] - [core.services.export_service] - [INFO] - [Executing ExportService.generate_csv]
[pid=24580] - [2026-08-13 17:43:10,329] - [core.services.export_service] - [INFO] - [Executing ExportService.generate_csv]
[pid=24580] - [2026-08-13 17:43:10,330] - [core.services.export_service] - [INFO] - [Executing ExportService.generate_xlsx]
[pid=24580] - [2026-08-13 17:43:10,341] - [core.services.export_service] - [INFO] - [Executing ExportService.generate_xlsx]
[pid=24580] - [2026-08-13 17:43:10,351] - [core.services.storage_service] - [INFO] - [LocalStorageService initialized | Upload Dir: C:\Users\aayus\WMS\uploads]
[pid=24580] - [2026-08-13 17:43:10,352] - [core.services.storage_service] - [INFO] - [Executing LocalStorageService.save_image]
[pid=24580] - [2026-08-13 17:43:10,352] - [core.services.storage_service] - [WARNING] - [Image upload rejected: invalid extension .pdf]
[pid=24580] - [2026-08-13 17:43:10,353] - [core.services.storage_service] - [INFO] - [Executing LocalStorageService.save_image]
[pid=24580] - [2026-08-13 17:43:10,356] - [core.services.storage_service] - [INFO] - [Image saved successfully: /uploads/15d05b3b8990408e8d3cc50bee0a5bdc.png]
[pid=24580] - [2026-08-13 17:43:10,356] - [core.services.storage_service] - [INFO] - [LocalStorageService initialized | Upload Dir: C:\Users\aayus\WMS\uploads]
[pid=24580] - [2026-08-13 17:43:10,359] - [core.services.vision_service] - [INFO] - [Executing VisionService.measure_package]
[pid=24580] - [2026-08-13 17:43:10,360] - [core.services.vision_service] - [WARNING] - [Vision measurement failed: invalid image payload]
[pid=24580] - [2026-08-13 17:43:10,363] - [core.services.nl_query_service] - [INFO] - [Executing NLQueryService.execute_query: 'How many items available?']
[pid=24580] - [2026-08-13 17:43:10,364] - [core.services.nl_query_service] - [INFO] - [NL Query executed using template 'STOCK_AVAILABLE'. Returned 1 rows.]
[pid=24580] - [2026-08-13 17:43:10,364] - [core.services.nl_query_service] - [INFO] - [Executing NLQueryService.execute_query: 'Show broken stock']
[pid=24580] - [2026-08-13 17:43:10,364] - [core.services.nl_query_service] - [INFO] - [NL Query executed using template 'STOCK_DAMAGED'. Returned 1 rows.]
[pid=24580] - [2026-08-13 17:43:10,364] - [core.services.nl_query_service] - [INFO] - [Executing NLQueryService.execute_query: 'Show held stock']
[pid=24580] - [2026-08-13 17:43:10,364] - [core.services.nl_query_service] - [INFO] - [NL Query executed using template 'STOCK_RESERVED'. Returned 1 rows.]
[pid=24580] - [2026-08-13 17:43:10,368] - [core.services.idempotency_service] - [INFO] - [Executing IdempotencyService.lock_key for key: key1]
[pid=24580] - [2026-08-13 17:43:10,368] - [core.services.idempotency_service] - [INFO] - [Idempotency key locked successfully: key1]
[pid=24580] - [2026-08-13 17:43:10,368] - [core.services.idempotency_service] - [INFO] - [Executing IdempotencyService.lock_key for key: key1]
[pid=24580] - [2026-08-13 17:43:10,368] - [core.services.idempotency_service] - [WARNING] - [Idempotency conflict: key key1 already processed]
[pid=24580] - [2026-08-13 17:43:10,371] - [core.services.audit_service] - [INFO] - [Executing AuditService.__init__]
[pid=24580] - [2026-08-13 17:43:10,372] - [core.services.audit_service] - [INFO] - [Executing AuditService.log_mutation | Action: TEST | Collection: test]
[pid=24580] - [2026-08-13 17:43:10,374] - [core.services.voice_service] - [INFO] - [Executing VoiceService.transcribe_audio]
[pid=24580] - [2026-08-13 17:43:10,375] - [core.services.voice_service] - [INFO] - [Executing VoiceService.parse_transcript]
[pid=24580] - [2026-08-13 17:43:10,378] - [core.utils.ticket_generator] - [INFO] - [Executing TicketGenerator.generate_ticket_id for WH: RNO]
[pid=24580] - [2026-08-13 17:43:10,378] - [core.utils.ticket_generator] - [INFO] - [Generated ticket ID: RNO-20260813-014]
[pid=16984] - [2026-08-13 17:52:01,908] - [core.config.settings] - [INFO] - [Executing get_settings function]
[pid=16984] - [2026-08-13 17:52:03,276] - [commons.auth] - [INFO] - [Executing hash_password function]
[pid=16984] - [2026-08-13 17:52:03,761] - [core.apis.routes.auth_router] - [INFO] - [Calling POST /auth/login endpoint]
[pid=16984] - [2026-08-13 17:52:03,762] - [core.controllers.auth_controller] - [INFO] - [Executing AuthController.login]
[pid=16984] - [2026-08-13 17:52:03,762] - [core.cruds.user_crud] - [INFO] - [Executing CRUDUser.get_by_email for: owner@whitfield.com]
[pid=16984] - [2026-08-13 17:52:03,763] - [commons.auth] - [INFO] - [Executing verify_password function]
[pid=16984] - [2026-08-13 17:52:04,191] - [commons.auth] - [INFO] - [Executing create_access_token function]
[pid=16984] - [2026-08-13 17:52:04,193] - [commons.auth] - [INFO] - [Executing create_refresh_token function]
[pid=16984] - [2026-08-13 17:52:04,194] - [core.controllers.auth_controller] - [INFO] - [User login successful: owner@whitfield.com (OWNER)]
[pid=16984] - [2026-08-13 17:52:04,207] - [commons.auth] - [INFO] - [Executing hash_password function]
[pid=16984] - [2026-08-13 17:52:04,658] - [core.apis.routes.auth_router] - [INFO] - [Calling POST /auth/login endpoint]
[pid=16984] - [2026-08-13 17:52:04,658] - [core.controllers.auth_controller] - [INFO] - [Executing AuthController.login]
[pid=16984] - [2026-08-13 17:52:04,659] - [core.cruds.user_crud] - [INFO] - [Executing CRUDUser.get_by_email for: owner@whitfield.com]
[pid=16984] - [2026-08-13 17:52:04,659] - [commons.auth] - [INFO] - [Executing verify_password function]
[pid=16984] - [2026-08-13 17:52:05,144] - [core.controllers.auth_controller] - [WARNING] - [Login failed: invalid password for user (owner@whitfield.com)]
[pid=16984] - [2026-08-13 17:52:05,144] - [core.apis.routes.auth_router] - [ERROR] - [Error in POST /auth/login endpoint: 401: Invalid email or password]
[pid=16984] - [2026-08-13 17:52:05,159] - [commons.auth] - [INFO] - [Executing get_current_user dependency]
[pid=16984] - [2026-08-13 17:52:05,159] - [commons.auth] - [INFO] - [Executing require_roles dependency check]
[pid=16984] - [2026-08-13 17:52:05,163] - [core.apis.routes.facility_router] - [INFO] - [Calling POST /warehouses endpoint]
[pid=16984] - [2026-08-13 17:52:05,164] - [core.services.audit_service] - [INFO] - [Executing AuditService.__init__]
[pid=16984] - [2026-08-13 17:52:05,164] - [core.controllers.facility_controller] - [INFO] - [Executing WarehouseController.create_warehouse]
[pid=16984] - [2026-08-13 17:52:05,165] - [core.services.audit_service] - [INFO] - [Executing AuditService.log_mutation | Action: CREATE | Collection: warehouses]
[pid=16984] - [2026-08-13 17:52:05,165] - [core.controllers.facility_controller] - [INFO] - [Warehouse created successfully: RNO]
[pid=16984] - [2026-08-13 17:52:05,182] - [commons.auth] - [INFO] - [Executing get_current_user dependency]
[pid=16984] - [2026-08-13 17:52:05,184] - [commons.auth] - [INFO] - [Executing require_roles dependency check]
[pid=16984] - [2026-08-13 17:52:05,190] - [core.apis.routes.user_router] - [INFO] - [Calling POST /users/managers endpoint]
[pid=16984] - [2026-08-13 17:52:05,191] - [core.controllers.user_controller] - [INFO] - [Executing UserController.create_manager]
[pid=16984] - [2026-08-13 17:52:05,191] - [commons.auth] - [INFO] - [Executing hash_password function]
[pid=16984] - [2026-08-13 17:52:05,623] - [core.services.audit_service] - [INFO] - [Executing AuditService.log_mutation | Action: CREATE | Collection: users]
[pid=16984] - [2026-08-13 17:52:05,624] - [core.controllers.user_controller] - [INFO] - [Manager user created successfully: manager.rno@whitfield.com]
[pid=16984] - [2026-08-13 17:52:05,638] - [commons.auth] - [INFO] - [Executing get_current_user dependency]
[pid=16984] - [2026-08-13 17:52:05,639] - [commons.auth] - [INFO] - [Executing require_roles dependency check]
[pid=16984] - [2026-08-13 17:52:05,646] - [core.apis.routes.user_router] - [INFO] - [Calling POST /users/staff endpoint]
[pid=16984] - [2026-08-13 17:52:05,647] - [core.controllers.user_controller] - [INFO] - [Executing UserController.create_staff]
[pid=16984] - [2026-08-13 17:52:05,647] - [commons.auth] - [INFO] - [Executing hash_password function]
[pid=16984] - [2026-08-13 17:52:06,088] - [core.services.audit_service] - [INFO] - [Executing AuditService.log_mutation | Action: CREATE | Collection: users]
[pid=16984] - [2026-08-13 17:52:06,089] - [core.controllers.user_controller] - [INFO] - [Staff user created successfully: staff.rookie@whitfield.com for WH: 607f1f77bcf86cd799439022]
[pid=16984] - [2026-08-13 17:52:06,103] - [commons.auth] - [INFO] - [Executing get_current_user dependency]
[pid=16984] - [2026-08-13 17:52:06,103] - [commons.auth] - [INFO] - [Executing require_roles dependency check]
[pid=16984] - [2026-08-13 17:52:06,104] - [commons.auth] - [WARNING] - [User staff.rookie@whitfield.com with role STAFF denied access. Required: ['OWNER']]
[pid=16984] - [2026-08-13 17:52:06,116] - [commons.auth] - [INFO] - [Executing get_current_user dependency]
[pid=16984] - [2026-08-13 17:52:06,116] - [commons.auth] - [INFO] - [Executing require_roles dependency check]
[pid=16984] - [2026-08-13 17:52:06,117] - [core.apis.routes.audit_router] - [INFO] - [Calling GET /audit endpoint]
[pid=16984] - [2026-08-13 17:52:06,117] - [core.controllers.audit_controller] - [INFO] - [Executing AuditController.get_audit_logs]
[pid=16984] - [2026-08-13 17:52:06,130] - [commons.auth] - [INFO] - [Executing get_current_user dependency]
[pid=16984] - [2026-08-13 17:52:06,130] - [commons.auth] - [INFO] - [Executing require_roles dependency check]
[pid=16984] - [2026-08-13 17:52:06,130] - [commons.auth] - [WARNING] - [User None with role STAFF denied access. Required: ['OWNER']]
[pid=16984] - [2026-08-13 17:52:06,136] - [commons.auth] - [INFO] - [Executing get_current_user dependency]
[pid=16984] - [2026-08-13 17:52:06,136] - [commons.auth] - [INFO] - [Executing require_roles dependency check]
[pid=16984] - [2026-08-13 17:52:06,137] - [commons.auth] - [WARNING] - [User None with role MANAGER denied access. Required: ['OWNER']]
[pid=16984] - [2026-08-13 17:52:06,152] - [commons.auth] - [INFO] - [Executing get_current_user dependency]
[pid=16984] - [2026-08-13 17:52:06,153] - [commons.auth] - [INFO] - [Executing require_roles dependency check]
[pid=16984] - [2026-08-13 17:52:06,154] - [core.apis.routes.facility_router] - [INFO] - [Calling POST /warehouses endpoint]
[pid=16984] - [2026-08-13 17:52:06,155] - [core.controllers.facility_controller] - [INFO] - [Executing WarehouseController.create_warehouse]
[pid=16984] - [2026-08-13 17:52:06,155] - [core.controllers.facility_controller] - [INFO] - [Warehouse created successfully: RNO]
[pid=16984] - [2026-08-13 17:52:06,165] - [core.utils.ticket_generator] - [INFO] - [Executing TicketGenerator.generate_ticket_id for WH: RNO]
[pid=16984] - [2026-08-13 17:52:06,165] - [core.utils.ticket_generator] - [INFO] - [Generated ticket ID: RNO-20260813-014]
[pid=16984] - [2026-08-13 17:52:06,184] - [commons.auth] - [INFO] - [Executing get_current_user dependency]
[pid=16984] - [2026-08-13 17:52:06,185] - [core.apis.routes.voice_router] - [INFO] - [Calling POST /voice/transcribe endpoint]
[pid=16984] - [2026-08-13 17:52:06,185] - [core.controllers.voice_controller] - [INFO] - [Executing VoiceController.transcribe]
[pid=16984] - [2026-08-13 17:52:06,185] - [core.services.voice_service] - [INFO] - [Executing VoiceService.transcribe_audio]
[pid=16984] - [2026-08-13 17:52:06,188] - [commons.auth] - [INFO] - [Executing get_current_user dependency]
[pid=16984] - [2026-08-13 17:52:06,190] - [core.apis.routes.voice_router] - [INFO] - [Calling POST /voice/parse endpoint]
[pid=16984] - [2026-08-13 17:52:06,191] - [core.controllers.voice_controller] - [INFO] - [Executing VoiceController.parse_transcript for ticket: RNO-20260813-001]
[pid=16984] - [2026-08-13 17:52:06,191] - [core.services.voice_service] - [INFO] - [Executing VoiceService.parse_transcript]
[pid=16984] - [2026-08-13 17:52:06,192] - [core.controllers.voice_controller] - [INFO] - [Voice draft saved successfully! Draft ID: draft123]
[pid=16984] - [2026-08-13 17:52:06,197] - [commons.auth] - [INFO] - [Executing get_current_user dependency]
[pid=16984] - [2026-08-13 17:52:06,200] - [core.apis.routes.voice_router] - [INFO] - [Calling POST /voice/drafts/draft123/confirm endpoint]
[pid=16984] - [2026-08-13 17:52:06,200] - [core.controllers.voice_controller] - [INFO] - [Executing VoiceController.confirm_draft for draft: draft123]
[pid=16984] - [2026-08-13 17:52:06,200] - [core.controllers.voice_controller] - [INFO] - [Voice draft confirmed and logged through Phase 2 pipeline! Draft ID: draft123]
[pid=16984] - [2026-08-13 17:52:06,217] - [commons.auth] - [INFO] - [Executing get_current_user dependency]
[pid=16984] - [2026-08-13 17:52:06,218] - [core.apis.routes.vision_router] - [INFO] - [Calling POST /vision/measure endpoint]
[pid=16984] - [2026-08-13 17:52:06,219] - [core.controllers.vision_controller] - [INFO] - [Executing VisionController.measure_package]
[pid=16984] - [2026-08-13 17:52:06,231] - [commons.auth] - [INFO] - [Executing get_current_user dependency]
[pid=16984] - [2026-08-13 17:52:06,233] - [core.apis.routes.query_router] - [INFO] - [Calling POST /query endpoint]
[pid=16984] - [2026-08-13 17:52:06,233] - [core.controllers.nl_query_controller] - [INFO] - [Executing NLQueryController.execute_query]
[pid=16984] - [2026-08-13 17:52:06,246] - [commons.auth] - [INFO] - [Executing get_current_user dependency]
[pid=16984] - [2026-08-13 17:52:06,247] - [commons.auth] - [INFO] - [Executing require_roles dependency check]
[pid=16984] - [2026-08-13 17:52:06,250] - [core.apis.routes.api_key_router] - [INFO] - [Calling POST /api-keys endpoint]
[pid=16984] - [2026-08-13 17:52:06,251] - [core.controllers.api_key_controller] - [INFO] - [Executing ApiKeyController.create_key]
[pid=16984] - [2026-08-13 17:52:06,251] - [core.controllers.api_key_controller] - [INFO] - [API key created successfully! Name: Morning Check Script | Prefix: wms_live_9ec]
[pid=16984] - [2026-08-13 17:52:06,255] - [commons.auth] - [INFO] - [Executing get_current_user dependency]
[pid=16984] - [2026-08-13 17:52:06,256] - [commons.auth] - [INFO] - [Executing require_roles dependency check]
[pid=16984] - [2026-08-13 17:52:06,256] - [core.apis.routes.api_key_router] - [INFO] - [Calling GET /api-keys endpoint]
[pid=16984] - [2026-08-13 17:52:06,256] - [core.controllers.api_key_controller] - [INFO] - [Executing ApiKeyController.list_keys]
[pid=16984] - [2026-08-13 17:52:06,259] - [commons.auth] - [INFO] - [Executing get_current_user dependency]
[pid=16984] - [2026-08-13 17:52:06,260] - [commons.auth] - [INFO] - [Executing require_roles dependency check]
[pid=16984] - [2026-08-13 17:52:06,261] - [core.apis.routes.api_key_router] - [INFO] - [Calling DELETE /api-keys/key123 endpoint]
[pid=16984] - [2026-08-13 17:52:06,261] - [core.controllers.api_key_controller] - [INFO] - [Executing ApiKeyController.revoke_key: key123]
[pid=16984] - [2026-08-13 17:52:06,261] - [core.controllers.api_key_controller] - [INFO] - [API key revoked successfully: key123]
[pid=16984] - [2026-08-13 17:52:06,274] - [commons.auth] - [INFO] - [Executing get_current_user dependency]
[pid=16984] - [2026-08-13 17:52:06,275] - [core.apis.routes.query_router] - [INFO] - [Calling POST /query endpoint]
[pid=16984] - [2026-08-13 17:52:06,275] - [core.controllers.nl_query_controller] - [INFO] - [Executing NLQueryController.execute_query]
[pid=16984] - [2026-08-13 17:52:06,276] - [core.controllers.nl_query_controller] - [WARNING] - [NL query rejected outside allow-list: Query does not match any allow-listed template]
[pid=16984] - [2026-08-13 17:52:06,276] - [core.apis.routes.query_router] - [ERROR] - [Error in POST /query endpoint: 400: Query does not match any allow-listed template]
[pid=16984] - [2026-08-13 17:52:06,285] - [commons.auth] - [INFO] - [Executing get_current_user dependency]
[pid=16984] - [2026-08-13 17:52:06,286] - [commons.auth] - [WARNING] - [Missing authentication token in request]
[pid=16984] - [2026-08-13 17:52:06,306] - [commons.auth] - [INFO] - [Executing get_current_user dependency]
[pid=16984] - [2026-08-13 17:52:06,310] - [core.apis.routes.arrival_router] - [INFO] - [Calling POST /arrivals endpoint]
[pid=16984] - [2026-08-13 17:52:06,310] - [core.controllers.arrival_controller] - [INFO] - [Executing ArrivalController.process_arrival]
[pid=16984] - [2026-08-13 17:52:06,311] - [core.services.audit_service] - [INFO] - [Executing AuditService.log_mutation | Action: ARRIVE | Collection: tickets]
[pid=16984] - [2026-08-13 17:52:06,311] - [core.controllers.arrival_controller] - [INFO] - [Arrival processed successfully! Generated Ticket ID: RNO-20260813-001]
[pid=16984] - [2026-08-13 17:52:06,315] - [commons.auth] - [INFO] - [Executing get_current_user dependency]
[pid=16984] - [2026-08-13 17:52:06,319] - [core.apis.routes.ticket_router] - [INFO] - [Calling POST /tickets/RNO-20260813-001/items endpoint]
[pid=16984] - [2026-08-13 17:52:06,320] - [core.controllers.ticket_controller] - [INFO] - [Executing TicketController.log_item_scan for ticket: RNO-20260813-001]
[pid=16984] - [2026-08-13 17:52:06,320] - [core.services.audit_service] - [INFO] - [Executing AuditService.log_mutation | Action: SCAN_ITEM | Collection: items]
[pid=16984] - [2026-08-13 17:52:06,321] - [core.controllers.ticket_controller] - [INFO] - [Item scanned and logged successfully! Unit Seq: 1 under Ticket: RNO-20260813-001]
[pid=16984] - [2026-08-13 17:52:06,324] - [commons.auth] - [INFO] - [Executing get_current_user dependency]
[pid=16984] - [2026-08-13 17:52:06,325] - [core.apis.routes.ticket_router] - [INFO] - [Calling PUT /tickets/ticket123/submit-inspection endpoint]
[pid=16984] - [2026-08-13 17:52:06,325] - [core.controllers.ticket_controller] - [INFO] - [Executing TicketController.submit_inspection for: ticket123]
[pid=16984] - [2026-08-13 17:52:06,325] - [core.services.audit_service] - [INFO] - [Executing AuditService.log_mutation | Action: SUBMIT_INSPECTION | Collection: tickets]
[pid=16984] - [2026-08-13 17:52:06,326] - [core.controllers.ticket_controller] - [INFO] - [Ticket submitted for inspection approval: RNO-20260813-001]
[pid=16984] - [2026-08-13 17:52:06,328] - [commons.auth] - [INFO] - [Executing get_current_user dependency]
[pid=16984] - [2026-08-13 17:52:06,328] - [commons.auth] - [INFO] - [Executing require_roles dependency check]
[pid=16984] - [2026-08-13 17:52:06,329] - [core.apis.routes.approval_router] - [INFO] - [Calling POST /tickets/ticket123/approve endpoint]
[pid=16984] - [2026-08-13 17:52:06,330] - [core.controllers.ticket_controller] - [INFO] - [Executing TicketController.approve_ticket: ticket123]
[pid=16984] - [2026-08-13 17:52:06,330] - [core.services.audit_service] - [INFO] - [Executing AuditService.log_mutation | Action: APPROVE_SHIPMENT | Collection: tickets]
[pid=16984] - [2026-08-13 17:52:06,330] - [core.controllers.ticket_controller] - [INFO] - [Ticket inspection APPROVED! Status: SHIPMENT_ARRIVED for Ticket: RNO-20260813-001]
[pid=16984] - [2026-08-13 17:52:06,333] - [commons.auth] - [INFO] - [Executing get_current_user dependency]
[pid=16984] - [2026-08-13 17:52:06,336] - [core.apis.routes.ticket_router] - [INFO] - [Calling POST /tickets/ticket123/store endpoint]
[pid=16984] - [2026-08-13 17:52:06,336] - [core.controllers.ticket_controller] - [INFO] - [Executing TicketController.store_ticket: ticket123 -> A-04-12]
[pid=16984] - [2026-08-13 17:52:06,337] - [core.services.audit_service] - [INFO] - [Executing AuditService.log_mutation | Action: STORE_TICKET | Collection: tickets]
[pid=16984] - [2026-08-13 17:52:06,337] - [core.controllers.ticket_controller] - [INFO] - [Ticket STORED successfully at location: A-04-12]
[pid=16984] - [2026-08-13 17:52:06,353] - [commons.auth] - [INFO] - [Executing get_current_user dependency]
[pid=16984] - [2026-08-13 17:52:06,354] - [core.apis.routes.arrival_router] - [INFO] - [Calling POST /arrivals endpoint]
[pid=16984] - [2026-08-13 17:52:06,354] - [core.controllers.arrival_controller] - [INFO] - [Executing ArrivalController.process_arrival]
[pid=16984] - [2026-08-13 17:52:06,355] - [core.services.audit_service] - [INFO] - [Executing AuditService.log_mutation | Action: ARRIVE | Collection: tickets]
[pid=16984] - [2026-08-13 17:52:06,355] - [core.controllers.arrival_controller] - [INFO] - [Arrival processed successfully! Generated Ticket ID: LAX-20260813-001]
[pid=16984] - [2026-08-13 17:52:06,371] - [commons.auth] - [INFO] - [Executing get_current_user dependency]
[pid=16984] - [2026-08-13 17:52:06,372] - [core.apis.routes.ticket_router] - [INFO] - [Calling POST /tickets/RNO-20260813-001/items endpoint]
[pid=16984] - [2026-08-13 17:52:06,372] - [core.controllers.ticket_controller] - [INFO] - [Executing TicketController.log_item_scan for ticket: RNO-20260813-001]
[pid=16984] - [2026-08-13 17:52:06,373] - [core.apis.routes.ticket_router] - [ERROR] - [Error in POST /tickets/RNO-20260813-001/items endpoint: 409: Duplicate submission]
[pid=16984] - [2026-08-13 17:52:06,393] - [commons.auth] - [INFO] - [Executing get_current_user dependency]
[pid=16984] - [2026-08-13 17:52:06,395] - [core.apis.routes.order_router] - [INFO] - [Calling POST /orders endpoint]
[pid=16984] - [2026-08-13 17:52:06,396] - [core.controllers.order_controller] - [INFO] - [Executing OrderController.create_order]
[pid=16984] - [2026-08-13 17:52:06,396] - [core.services.audit_service] - [INFO] - [Executing AuditService.log_mutation | Action: CREATE | Collection: orders]
[pid=16984] - [2026-08-13 17:52:06,397] - [core.controllers.order_controller] - [INFO] - [Customer order created successfully: ORD-1001]
[pid=16984] - [2026-08-13 17:52:06,406] - [commons.auth] - [INFO] - [Executing get_current_user dependency]
[pid=16984] - [2026-08-13 17:52:06,407] - [core.apis.routes.order_router] - [INFO] - [Calling POST /orders/ORD-1001/reserve endpoint]
[pid=16984] - [2026-08-13 17:52:06,407] - [core.controllers.order_controller] - [INFO] - [Executing OrderController.reserve_order for: ORD-1001]
[pid=16984] - [2026-08-13 17:52:06,410] - [core.services.audit_service] - [INFO] - [Executing AuditService.log_mutation | Action: RESERVE_ORDER | Collection: orders]
[pid=16984] - [2026-08-13 17:52:06,411] - [core.controllers.order_controller] - [INFO] - [Order stock reserved successfully! Order ID: ORD-1001]
[pid=16984] - [2026-08-13 17:52:06,415] - [commons.auth] - [INFO] - [Executing get_current_user dependency]
[pid=16984] - [2026-08-13 17:52:06,416] - [core.apis.routes.order_router] - [INFO] - [Calling GET /orders/ORD-1001/picklist endpoint]
[pid=16984] - [2026-08-13 17:52:06,416] - [core.controllers.order_controller] - [INFO] - [Executing OrderController.get_picklist for: ORD-1001]
[pid=16984] - [2026-08-13 17:52:06,421] - [commons.auth] - [INFO] - [Executing get_current_user dependency]
[pid=16984] - [2026-08-13 17:52:06,423] - [core.apis.routes.order_router] - [INFO] - [Calling POST /orders/ORD-1001/pack endpoint]
[pid=16984] - [2026-08-13 17:52:06,424] - [core.controllers.order_controller] - [INFO] - [Executing OrderController.pack_order for: ORD-1001]
[pid=16984] - [2026-08-13 17:52:06,424] - [core.services.audit_service] - [INFO] - [Executing AuditService.log_mutation | Action: PACK_ORDER | Collection: orders]
[pid=16984] - [2026-08-13 17:52:06,425] - [core.controllers.order_controller] - [INFO] - [Order PACKED successfully: ORD-1001]
[pid=16984] - [2026-08-13 17:52:06,428] - [commons.auth] - [INFO] - [Executing get_current_user dependency]
[pid=16984] - [2026-08-13 17:52:06,428] - [core.apis.routes.order_router] - [INFO] - [Calling POST /orders/ORD-1001/label endpoint]
[pid=16984] - [2026-08-13 17:52:06,428] - [core.controllers.order_controller] - [INFO] - [Executing OrderController.generate_label for: ORD-1001]
[pid=16984] - [2026-08-13 17:52:06,429] - [core.controllers.order_controller] - [INFO] - [Shipping label generated stub for order ORD-1001: 1Z999CD2837485C]
[pid=16984] - [2026-08-13 17:52:06,432] - [commons.auth] - [INFO] - [Executing get_current_user dependency]
[pid=16984] - [2026-08-13 17:52:06,433] - [core.apis.routes.order_router] - [INFO] - [Calling POST /orders/ORD-1001/ship endpoint]
[pid=16984] - [2026-08-13 17:52:06,433] - [core.controllers.order_controller] - [INFO] - [Executing OrderController.ship_order for: ORD-1001]
[pid=16984] - [2026-08-13 17:52:06,434] - [core.services.audit_service] - [INFO] - [Executing AuditService.log_mutation | Action: SHIP_ORDER | Collection: orders]
[pid=16984] - [2026-08-13 17:52:06,434] - [core.controllers.order_controller] - [INFO] - [Order SHIPPED successfully! Units converted to SOLD: ORD-1001]
[pid=16984] - [2026-08-13 17:52:06,466] - [commons.auth] - [INFO] - [Executing get_current_user dependency]
[pid=16984] - [2026-08-13 17:52:06,467] - [core.apis.routes.order_router] - [INFO] - [Calling POST /orders/ORD-PARALLEL/reserve endpoint]
[pid=16984] - [2026-08-13 17:52:06,467] - [core.controllers.order_controller] - [INFO] - [Executing OrderController.reserve_order for: ORD-PARALLEL]
[pid=16984] - [2026-08-13 17:52:06,472] - [core.controllers.order_controller] - [INFO] - [Order stock reserved successfully! Order ID: ORD-PARALLEL]
[pid=16984] - [2026-08-13 17:52:06,475] - [commons.auth] - [INFO] - [Executing get_current_user dependency]
[pid=16984] - [2026-08-13 17:52:06,476] - [core.apis.routes.order_router] - [INFO] - [Calling POST /orders/ORD-PARALLEL/reserve endpoint]
[pid=16984] - [2026-08-13 17:52:06,476] - [core.controllers.order_controller] - [INFO] - [Executing OrderController.reserve_order for: ORD-PARALLEL]
[pid=16984] - [2026-08-13 17:52:06,478] - [core.controllers.order_controller] - [WARNING] - [Stock reservation failed: barcode 012345678905 needs 1, available 0]
[pid=16984] - [2026-08-13 17:52:06,478] - [core.apis.routes.order_router] - [ERROR] - [Error in POST /orders/ORD-PARALLEL/reserve endpoint: 409: Insufficient stock for barcode '012345678905'. Required: 1, Available: 0]
[pid=16984] - [2026-08-13 17:52:06,490] - [commons.auth] - [INFO] - [Executing get_current_user dependency]
[pid=16984] - [2026-08-13 17:52:06,491] - [commons.auth] - [INFO] - [Executing require_roles dependency check]
[pid=16984] - [2026-08-13 17:52:06,491] - [core.apis.routes.report_router] - [INFO] - [Calling GET /reports/summary endpoint]
[pid=16984] - [2026-08-13 17:52:06,503] - [commons.auth] - [INFO] - [Executing get_current_user dependency]
[pid=16984] - [2026-08-13 17:52:06,504] - [commons.auth] - [INFO] - [Executing require_roles dependency check]
[pid=16984] - [2026-08-13 17:52:06,504] - [core.apis.routes.report_router] - [INFO] - [Calling GET /reports/stock endpoint]
[pid=16984] - [2026-08-13 17:52:06,516] - [commons.auth] - [INFO] - [Executing get_current_user dependency]
[pid=16984] - [2026-08-13 17:52:06,517] - [commons.auth] - [INFO] - [Executing require_roles dependency check]
[pid=16984] - [2026-08-13 17:52:06,517] - [core.apis.routes.report_router] - [INFO] - [Calling GET /reports/export endpoint | Type: stock | Format: csv]
[pid=16984] - [2026-08-13 17:52:06,523] - [core.services.export_service] - [INFO] - [Executing ExportService.generate_csv]
[pid=16984] - [2026-08-13 17:52:06,524] - [core.services.export_service] - [INFO] - [Executing ExportService.generate_csv]
[pid=16984] - [2026-08-13 17:52:06,527] - [core.services.export_service] - [INFO] - [Executing ExportService.generate_xlsx]
[pid=16984] - [2026-08-13 17:52:06,548] - [core.services.export_service] - [INFO] - [Executing ExportService.generate_xlsx]
[pid=16984] - [2026-08-13 17:52:06,571] - [core.services.storage_service] - [INFO] - [LocalStorageService initialized | Upload Dir: C:\Users\aayus\WMS\uploads]
[pid=16984] - [2026-08-13 17:52:06,572] - [core.services.storage_service] - [INFO] - [Executing LocalStorageService.save_image]
[pid=16984] - [2026-08-13 17:52:06,573] - [core.services.storage_service] - [WARNING] - [Image upload rejected: invalid extension .pdf]
[pid=16984] - [2026-08-13 17:52:06,576] - [core.services.storage_service] - [INFO] - [Executing LocalStorageService.save_image]
[pid=16984] - [2026-08-13 17:52:06,581] - [core.services.storage_service] - [INFO] - [Image saved successfully: /uploads/a41b8a07c38d4fda9d5c1d18cb45234f.png]
[pid=16984] - [2026-08-13 17:52:06,582] - [core.services.storage_service] - [INFO] - [LocalStorageService initialized | Upload Dir: C:\Users\aayus\WMS\uploads]
[pid=16984] - [2026-08-13 17:52:06,589] - [core.services.vision_service] - [INFO] - [Executing VisionService.measure_package]
[pid=16984] - [2026-08-13 17:52:06,590] - [core.services.vision_service] - [WARNING] - [Vision measurement failed: invalid image payload]
[pid=16984] - [2026-08-13 17:52:06,598] - [core.services.nl_query_service] - [INFO] - [Executing NLQueryService.execute_query: 'How many items available?']
[pid=16984] - [2026-08-13 17:52:06,599] - [core.services.nl_query_service] - [INFO] - [NL Query executed using template 'STOCK_AVAILABLE'. Returned 1 rows.]
[pid=16984] - [2026-08-13 17:52:06,599] - [core.services.nl_query_service] - [INFO] - [Executing NLQueryService.execute_query: 'Show broken stock']
[pid=16984] - [2026-08-13 17:52:06,600] - [core.services.nl_query_service] - [INFO] - [NL Query executed using template 'STOCK_DAMAGED'. Returned 1 rows.]
[pid=16984] - [2026-08-13 17:52:06,600] - [core.services.nl_query_service] - [INFO] - [Executing NLQueryService.execute_query: 'Show held stock']
[pid=16984] - [2026-08-13 17:52:06,601] - [core.services.nl_query_service] - [INFO] - [NL Query executed using template 'STOCK_RESERVED'. Returned 1 rows.]
[pid=16984] - [2026-08-13 17:52:06,609] - [core.services.idempotency_service] - [INFO] - [Executing IdempotencyService.lock_key for key: key1]
[pid=16984] - [2026-08-13 17:52:06,610] - [core.services.idempotency_service] - [INFO] - [Idempotency key locked successfully: key1]
[pid=16984] - [2026-08-13 17:52:06,611] - [core.services.idempotency_service] - [INFO] - [Executing IdempotencyService.lock_key for key: key1]
[pid=16984] - [2026-08-13 17:52:06,611] - [core.services.idempotency_service] - [WARNING] - [Idempotency conflict: key key1 already processed]
[pid=16984] - [2026-08-13 17:52:06,618] - [core.services.audit_service] - [INFO] - [Executing AuditService.__init__]
[pid=16984] - [2026-08-13 17:52:06,620] - [core.services.audit_service] - [INFO] - [Executing AuditService.log_mutation | Action: TEST | Collection: test]
[pid=16984] - [2026-08-13 17:52:06,629] - [core.services.voice_service] - [INFO] - [Executing VoiceService.transcribe_audio]
[pid=16984] - [2026-08-13 17:52:06,629] - [core.services.voice_service] - [INFO] - [Executing VoiceService.parse_transcript]
[pid=16984] - [2026-08-13 17:52:06,656] - [core.apis.routes.health_router] - [INFO] - [Calling GET /health endpoint]
[pid=16984] - [2026-08-13 17:52:06,656] - [core.controllers.health_controller] - [INFO] - [Executing HealthController.get_health]
[pid=16984] - [2026-08-13 17:52:06,656] - [core.database.database] - [INFO] - [Executing ping function]
[pid=16984] - [2026-08-13 17:52:06,656] - [core.database.database] - [INFO] - [Executing MongoDatabase function]
[pid=16984] - [2026-08-13 17:52:06,657] - [core.database.database] - [INFO] - [Executing _MongoClientSingleton.__new__ | DB: wms]
[pid=16984] - [2026-08-13 17:52:06,693] - [core.database.database] - [INFO] - [MongoDB singleton initialized successfully | URI: mongodb://localhost:27017/?replicaSet=rs0&directConnection=true]
[pid=16984] - [2026-08-13 17:52:06,746] - [core.database.database] - [INFO] - [MongoDB ping successful]
[pid=16476] - [2026-08-13 17:52:31,698] - [core.config.settings] - [INFO] - [Executing get_settings function]
[pid=16476] - [2026-08-13 17:52:32,839] - [commons.auth] - [INFO] - [Executing hash_password function]
[pid=16476] - [2026-08-13 17:52:33,126] - [core.apis.routes.auth_router] - [INFO] - [Calling POST /auth/login endpoint]
[pid=16476] - [2026-08-13 17:52:33,126] - [core.controllers.auth_controller] - [INFO] - [Executing AuthController.login]
[pid=16476] - [2026-08-13 17:52:33,126] - [core.cruds.user_crud] - [INFO] - [Executing CRUDUser.get_by_email for: owner@whitfield.com]
[pid=16476] - [2026-08-13 17:52:33,126] - [commons.auth] - [INFO] - [Executing verify_password function]
[pid=16476] - [2026-08-13 17:52:33,398] - [commons.auth] - [INFO] - [Executing create_access_token function]
[pid=16476] - [2026-08-13 17:52:33,401] - [commons.auth] - [INFO] - [Executing create_refresh_token function]
[pid=16476] - [2026-08-13 17:52:33,402] - [core.controllers.auth_controller] - [INFO] - [User login successful: owner@whitfield.com (OWNER)]
[pid=16476] - [2026-08-13 17:52:33,406] - [commons.auth] - [INFO] - [Executing hash_password function]
[pid=16476] - [2026-08-13 17:52:33,675] - [core.apis.routes.auth_router] - [INFO] - [Calling POST /auth/login endpoint]
[pid=16476] - [2026-08-13 17:52:33,675] - [core.controllers.auth_controller] - [INFO] - [Executing AuthController.login]
[pid=16476] - [2026-08-13 17:52:33,675] - [core.cruds.user_crud] - [INFO] - [Executing CRUDUser.get_by_email for: owner@whitfield.com]
[pid=16476] - [2026-08-13 17:52:33,675] - [commons.auth] - [INFO] - [Executing verify_password function]
[pid=16476] - [2026-08-13 17:52:33,946] - [core.controllers.auth_controller] - [WARNING] - [Login failed: invalid password for user (owner@whitfield.com)]
[pid=16476] - [2026-08-13 17:52:33,946] - [core.apis.routes.auth_router] - [ERROR] - [Error in POST /auth/login endpoint: 401: Invalid email or password]
[pid=16476] - [2026-08-13 17:52:33,952] - [commons.auth] - [INFO] - [Executing get_current_user dependency]
[pid=16476] - [2026-08-13 17:52:33,952] - [commons.auth] - [INFO] - [Executing require_roles dependency check]
[pid=16476] - [2026-08-13 17:52:33,953] - [core.apis.routes.facility_router] - [INFO] - [Calling POST /warehouses endpoint]
[pid=16476] - [2026-08-13 17:52:33,953] - [core.services.audit_service] - [INFO] - [Executing AuditService.__init__]
[pid=16476] - [2026-08-13 17:52:33,953] - [core.controllers.facility_controller] - [INFO] - [Executing WarehouseController.create_warehouse]
[pid=16476] - [2026-08-13 17:52:33,953] - [core.services.audit_service] - [INFO] - [Executing AuditService.log_mutation | Action: CREATE | Collection: warehouses]
[pid=16476] - [2026-08-13 17:52:33,954] - [core.controllers.facility_controller] - [INFO] - [Warehouse created successfully: RNO]
[pid=16476] - [2026-08-13 17:52:33,960] - [commons.auth] - [INFO] - [Executing get_current_user dependency]
[pid=16476] - [2026-08-13 17:52:33,960] - [commons.auth] - [INFO] - [Executing require_roles dependency check]
[pid=16476] - [2026-08-13 17:52:33,962] - [core.apis.routes.user_router] - [INFO] - [Calling POST /users/managers endpoint]
[pid=16476] - [2026-08-13 17:52:33,963] - [core.controllers.user_controller] - [INFO] - [Executing UserController.create_manager]
[pid=16476] - [2026-08-13 17:52:33,963] - [commons.auth] - [INFO] - [Executing hash_password function]
[pid=16476] - [2026-08-13 17:52:34,236] - [core.services.audit_service] - [INFO] - [Executing AuditService.log_mutation | Action: CREATE | Collection: users]
[pid=16476] - [2026-08-13 17:52:34,236] - [core.controllers.user_controller] - [INFO] - [Manager user created successfully: manager.rno@whitfield.com]
[pid=16476] - [2026-08-13 17:52:34,241] - [commons.auth] - [INFO] - [Executing get_current_user dependency]
[pid=16476] - [2026-08-13 17:52:34,241] - [commons.auth] - [INFO] - [Executing require_roles dependency check]
[pid=16476] - [2026-08-13 17:52:34,244] - [core.apis.routes.user_router] - [INFO] - [Calling POST /users/staff endpoint]
[pid=16476] - [2026-08-13 17:52:34,244] - [core.controllers.user_controller] - [INFO] - [Executing UserController.create_staff]
[pid=16476] - [2026-08-13 17:52:34,244] - [commons.auth] - [INFO] - [Executing hash_password function]
[pid=16476] - [2026-08-13 17:52:34,523] - [core.services.audit_service] - [INFO] - [Executing AuditService.log_mutation | Action: CREATE | Collection: users]
[pid=16476] - [2026-08-13 17:52:34,523] - [core.controllers.user_controller] - [INFO] - [Staff user created successfully: staff.rookie@whitfield.com for WH: 607f1f77bcf86cd799439022]
[pid=16476] - [2026-08-13 17:52:34,530] - [commons.auth] - [INFO] - [Executing get_current_user dependency]
[pid=16476] - [2026-08-13 17:52:34,531] - [commons.auth] - [INFO] - [Executing require_roles dependency check]
[pid=16476] - [2026-08-13 17:52:34,531] - [commons.auth] - [WARNING] - [User staff.rookie@whitfield.com with role STAFF denied access. Required: ['OWNER']]
[pid=16476] - [2026-08-13 17:52:34,535] - [commons.auth] - [INFO] - [Executing get_current_user dependency]
[pid=16476] - [2026-08-13 17:52:34,535] - [commons.auth] - [INFO] - [Executing require_roles dependency check]
[pid=16476] - [2026-08-13 17:52:34,535] - [core.apis.routes.audit_router] - [INFO] - [Calling GET /audit endpoint]
[pid=16476] - [2026-08-13 17:52:34,535] - [core.controllers.audit_controller] - [INFO] - [Executing AuditController.get_audit_logs]
[pid=16476] - [2026-08-13 17:52:34,540] - [commons.auth] - [INFO] - [Executing get_current_user dependency]
[pid=16476] - [2026-08-13 17:52:34,540] - [commons.auth] - [INFO] - [Executing require_roles dependency check]
[pid=16476] - [2026-08-13 17:52:34,540] - [commons.auth] - [WARNING] - [User None with role STAFF denied access. Required: ['OWNER']]
[pid=16476] - [2026-08-13 17:52:34,542] - [commons.auth] - [INFO] - [Executing get_current_user dependency]
[pid=16476] - [2026-08-13 17:52:34,542] - [commons.auth] - [INFO] - [Executing require_roles dependency check]
[pid=16476] - [2026-08-13 17:52:34,542] - [commons.auth] - [WARNING] - [User None with role MANAGER denied access. Required: ['OWNER']]
[pid=16476] - [2026-08-13 17:52:34,548] - [commons.auth] - [INFO] - [Executing get_current_user dependency]
[pid=16476] - [2026-08-13 17:52:34,548] - [commons.auth] - [INFO] - [Executing require_roles dependency check]
[pid=16476] - [2026-08-13 17:52:34,548] - [core.apis.routes.facility_router] - [INFO] - [Calling POST /warehouses endpoint]
[pid=16476] - [2026-08-13 17:52:34,548] - [core.controllers.facility_controller] - [INFO] - [Executing WarehouseController.create_warehouse]
[pid=16476] - [2026-08-13 17:52:34,548] - [core.controllers.facility_controller] - [INFO] - [Warehouse created successfully: RNO]
[pid=16476] - [2026-08-13 17:52:34,552] - [core.utils.ticket_generator] - [INFO] - [Executing TicketGenerator.generate_ticket_id for WH: RNO]
[pid=16476] - [2026-08-13 17:52:34,552] - [core.utils.ticket_generator] - [INFO] - [Generated ticket ID: RNO-20260813-014]
[pid=16476] - [2026-08-13 17:52:34,558] - [commons.auth] - [INFO] - [Executing get_current_user dependency]
[pid=16476] - [2026-08-13 17:52:34,558] - [core.apis.routes.voice_router] - [INFO] - [Calling POST /voice/transcribe endpoint]
[pid=16476] - [2026-08-13 17:52:34,558] - [core.controllers.voice_controller] - [INFO] - [Executing VoiceController.transcribe]
[pid=16476] - [2026-08-13 17:52:34,558] - [core.services.voice_service] - [INFO] - [Executing VoiceService.transcribe_audio]
[pid=16476] - [2026-08-13 17:52:34,560] - [commons.auth] - [INFO] - [Executing get_current_user dependency]
[pid=16476] - [2026-08-13 17:52:34,560] - [core.apis.routes.voice_router] - [INFO] - [Calling POST /voice/parse endpoint]
[pid=16476] - [2026-08-13 17:52:34,560] - [core.controllers.voice_controller] - [INFO] - [Executing VoiceController.parse_transcript for ticket: RNO-20260813-001]
[pid=16476] - [2026-08-13 17:52:34,560] - [core.services.voice_service] - [INFO] - [Executing VoiceService.parse_transcript]
[pid=16476] - [2026-08-13 17:52:34,561] - [core.controllers.voice_controller] - [INFO] - [Voice draft saved successfully! Draft ID: draft123]
[pid=16476] - [2026-08-13 17:52:34,562] - [commons.auth] - [INFO] - [Executing get_current_user dependency]
[pid=16476] - [2026-08-13 17:52:34,563] - [core.apis.routes.voice_router] - [INFO] - [Calling POST /voice/drafts/draft123/confirm endpoint]
[pid=16476] - [2026-08-13 17:52:34,563] - [core.controllers.voice_controller] - [INFO] - [Executing VoiceController.confirm_draft for draft: draft123]
[pid=16476] - [2026-08-13 17:52:34,564] - [core.controllers.voice_controller] - [INFO] - [Voice draft confirmed and logged through Phase 2 pipeline! Draft ID: draft123]
[pid=16476] - [2026-08-13 17:52:34,569] - [commons.auth] - [INFO] - [Executing get_current_user dependency]
[pid=16476] - [2026-08-13 17:52:34,569] - [core.apis.routes.vision_router] - [INFO] - [Calling POST /vision/measure endpoint]
[pid=16476] - [2026-08-13 17:52:34,569] - [core.controllers.vision_controller] - [INFO] - [Executing VisionController.measure_package]
[pid=16476] - [2026-08-13 17:52:34,574] - [commons.auth] - [INFO] - [Executing get_current_user dependency]
[pid=16476] - [2026-08-13 17:52:34,575] - [core.apis.routes.query_router] - [INFO] - [Calling POST /query endpoint]
[pid=16476] - [2026-08-13 17:52:34,575] - [core.controllers.nl_query_controller] - [INFO] - [Executing NLQueryController.execute_query]
[pid=16476] - [2026-08-13 17:52:34,580] - [commons.auth] - [INFO] - [Executing get_current_user dependency]
[pid=16476] - [2026-08-13 17:52:34,580] - [commons.auth] - [INFO] - [Executing require_roles dependency check]
[pid=16476] - [2026-08-13 17:52:34,581] - [core.apis.routes.api_key_router] - [INFO] - [Calling POST /api-keys endpoint]
[pid=16476] - [2026-08-13 17:52:34,581] - [core.controllers.api_key_controller] - [INFO] - [Executing ApiKeyController.create_key]
[pid=16476] - [2026-08-13 17:52:34,582] - [core.controllers.api_key_controller] - [INFO] - [API key created successfully! Name: Morning Check Script | Prefix: wms_live_29b]
[pid=16476] - [2026-08-13 17:52:34,583] - [commons.auth] - [INFO] - [Executing get_current_user dependency]
[pid=16476] - [2026-08-13 17:52:34,583] - [commons.auth] - [INFO] - [Executing require_roles dependency check]
[pid=16476] - [2026-08-13 17:52:34,583] - [core.apis.routes.api_key_router] - [INFO] - [Calling GET /api-keys endpoint]
[pid=16476] - [2026-08-13 17:52:34,583] - [core.controllers.api_key_controller] - [INFO] - [Executing ApiKeyController.list_keys]
[pid=16476] - [2026-08-13 17:52:34,584] - [commons.auth] - [INFO] - [Executing get_current_user dependency]
[pid=16476] - [2026-08-13 17:52:34,584] - [commons.auth] - [INFO] - [Executing require_roles dependency check]
[pid=16476] - [2026-08-13 17:52:34,584] - [core.apis.routes.api_key_router] - [INFO] - [Calling DELETE /api-keys/key123 endpoint]
[pid=16476] - [2026-08-13 17:52:34,584] - [core.controllers.api_key_controller] - [INFO] - [Executing ApiKeyController.revoke_key: key123]
[pid=16476] - [2026-08-13 17:52:34,584] - [core.controllers.api_key_controller] - [INFO] - [API key revoked successfully: key123]
[pid=16476] - [2026-08-13 17:52:34,589] - [commons.auth] - [INFO] - [Executing get_current_user dependency]
[pid=16476] - [2026-08-13 17:52:34,589] - [core.apis.routes.query_router] - [INFO] - [Calling POST /query endpoint]
[pid=16476] - [2026-08-13 17:52:34,589] - [core.controllers.nl_query_controller] - [INFO] - [Executing NLQueryController.execute_query]
[pid=16476] - [2026-08-13 17:52:34,590] - [core.controllers.nl_query_controller] - [WARNING] - [NL query rejected outside allow-list: Query does not match any allow-listed template]
[pid=16476] - [2026-08-13 17:52:34,590] - [core.apis.routes.query_router] - [ERROR] - [Error in POST /query endpoint: 400: Query does not match any allow-listed template]
[pid=16476] - [2026-08-13 17:52:34,593] - [commons.auth] - [INFO] - [Executing get_current_user dependency]
[pid=16476] - [2026-08-13 17:52:34,594] - [commons.auth] - [WARNING] - [Missing authentication token in request]
[pid=16476] - [2026-08-13 17:52:34,626] - [commons.auth] - [INFO] - [Executing get_current_user dependency]
[pid=16476] - [2026-08-13 17:52:34,628] - [core.apis.routes.arrival_router] - [INFO] - [Calling POST /arrivals endpoint]
[pid=16476] - [2026-08-13 17:52:34,628] - [core.controllers.arrival_controller] - [INFO] - [Executing ArrivalController.process_arrival]
[pid=16476] - [2026-08-13 17:52:34,628] - [core.services.audit_service] - [INFO] - [Executing AuditService.log_mutation | Action: ARRIVE | Collection: tickets]
[pid=16476] - [2026-08-13 17:52:34,628] - [core.controllers.arrival_controller] - [INFO] - [Arrival processed successfully! Generated Ticket ID: RNO-20260813-001]
[pid=16476] - [2026-08-13 17:52:34,630] - [commons.auth] - [INFO] - [Executing get_current_user dependency]
[pid=16476] - [2026-08-13 17:52:34,633] - [core.apis.routes.ticket_router] - [INFO] - [Calling POST /tickets/RNO-20260813-001/items endpoint]
[pid=16476] - [2026-08-13 17:52:34,633] - [core.controllers.ticket_controller] - [INFO] - [Executing TicketController.log_item_scan for ticket: RNO-20260813-001]
[pid=16476] - [2026-08-13 17:52:34,633] - [core.services.audit_service] - [INFO] - [Executing AuditService.log_mutation | Action: SCAN_ITEM | Collection: items]
[pid=16476] - [2026-08-13 17:52:34,633] - [core.controllers.ticket_controller] - [INFO] - [Item scanned and logged successfully! Unit Seq: 1 under Ticket: RNO-20260813-001]
[pid=16476] - [2026-08-13 17:52:34,634] - [commons.auth] - [INFO] - [Executing get_current_user dependency]
[pid=16476] - [2026-08-13 17:52:34,635] - [core.apis.routes.ticket_router] - [INFO] - [Calling PUT /tickets/ticket123/submit-inspection endpoint]
[pid=16476] - [2026-08-13 17:52:34,635] - [core.controllers.ticket_controller] - [INFO] - [Executing TicketController.submit_inspection for: ticket123]
[pid=16476] - [2026-08-13 17:52:34,635] - [core.services.audit_service] - [INFO] - [Executing AuditService.log_mutation | Action: SUBMIT_INSPECTION | Collection: tickets]
[pid=16476] - [2026-08-13 17:52:34,635] - [core.controllers.ticket_controller] - [INFO] - [Ticket submitted for inspection approval: RNO-20260813-001]
[pid=16476] - [2026-08-13 17:52:34,636] - [commons.auth] - [INFO] - [Executing get_current_user dependency]
[pid=16476] - [2026-08-13 17:52:34,636] - [commons.auth] - [INFO] - [Executing require_roles dependency check]
[pid=16476] - [2026-08-13 17:52:34,636] - [core.apis.routes.approval_router] - [INFO] - [Calling POST /tickets/ticket123/approve endpoint]
[pid=16476] - [2026-08-13 17:52:34,636] - [core.controllers.ticket_controller] - [INFO] - [Executing TicketController.approve_ticket: ticket123]
[pid=16476] - [2026-08-13 17:52:34,637] - [core.services.audit_service] - [INFO] - [Executing AuditService.log_mutation | Action: APPROVE_SHIPMENT | Collection: tickets]
[pid=16476] - [2026-08-13 17:52:34,637] - [core.controllers.ticket_controller] - [INFO] - [Ticket inspection APPROVED! Status: SHIPMENT_ARRIVED for Ticket: RNO-20260813-001]
[pid=16476] - [2026-08-13 17:52:34,639] - [commons.auth] - [INFO] - [Executing get_current_user dependency]
[pid=16476] - [2026-08-13 17:52:34,639] - [core.apis.routes.ticket_router] - [INFO] - [Calling POST /tickets/ticket123/store endpoint]
[pid=16476] - [2026-08-13 17:52:34,640] - [core.controllers.ticket_controller] - [INFO] - [Executing TicketController.store_ticket: ticket123 -> A-04-12]
[pid=16476] - [2026-08-13 17:52:34,640] - [core.services.audit_service] - [INFO] - [Executing AuditService.log_mutation | Action: STORE_TICKET | Collection: tickets]
[pid=16476] - [2026-08-13 17:52:34,640] - [core.controllers.ticket_controller] - [INFO] - [Ticket STORED successfully at location: A-04-12]
[pid=16476] - [2026-08-13 17:52:34,647] - [commons.auth] - [INFO] - [Executing get_current_user dependency]
[pid=16476] - [2026-08-13 17:52:34,648] - [core.apis.routes.arrival_router] - [INFO] - [Calling POST /arrivals endpoint]
[pid=16476] - [2026-08-13 17:52:34,648] - [core.controllers.arrival_controller] - [INFO] - [Executing ArrivalController.process_arrival]
[pid=16476] - [2026-08-13 17:52:34,648] - [core.services.audit_service] - [INFO] - [Executing AuditService.log_mutation | Action: ARRIVE | Collection: tickets]
[pid=16476] - [2026-08-13 17:52:34,648] - [core.controllers.arrival_controller] - [INFO] - [Arrival processed successfully! Generated Ticket ID: LAX-20260813-001]
[pid=16476] - [2026-08-13 17:52:34,655] - [commons.auth] - [INFO] - [Executing get_current_user dependency]
[pid=16476] - [2026-08-13 17:52:34,657] - [core.apis.routes.ticket_router] - [INFO] - [Calling POST /tickets/RNO-20260813-001/items endpoint]
[pid=16476] - [2026-08-13 17:52:34,657] - [core.controllers.ticket_controller] - [INFO] - [Executing TicketController.log_item_scan for ticket: RNO-20260813-001]
[pid=16476] - [2026-08-13 17:52:34,657] - [core.apis.routes.ticket_router] - [ERROR] - [Error in POST /tickets/RNO-20260813-001/items endpoint: 409: Duplicate submission]
[pid=16476] - [2026-08-13 17:52:34,669] - [commons.auth] - [INFO] - [Executing get_current_user dependency]
[pid=16476] - [2026-08-13 17:52:34,671] - [core.apis.routes.order_router] - [INFO] - [Calling POST /orders endpoint]
[pid=16476] - [2026-08-13 17:52:34,671] - [core.controllers.order_controller] - [INFO] - [Executing OrderController.create_order]
[pid=16476] - [2026-08-13 17:52:34,672] - [core.services.audit_service] - [INFO] - [Executing AuditService.log_mutation | Action: CREATE | Collection: orders]
[pid=16476] - [2026-08-13 17:52:34,672] - [core.controllers.order_controller] - [INFO] - [Customer order created successfully: ORD-1001]
[pid=16476] - [2026-08-13 17:52:34,675] - [commons.auth] - [INFO] - [Executing get_current_user dependency]
[pid=16476] - [2026-08-13 17:52:34,675] - [core.apis.routes.order_router] - [INFO] - [Calling POST /orders/ORD-1001/reserve endpoint]
[pid=16476] - [2026-08-13 17:52:34,675] - [core.controllers.order_controller] - [INFO] - [Executing OrderController.reserve_order for: ORD-1001]
[pid=16476] - [2026-08-13 17:52:34,676] - [core.services.audit_service] - [INFO] - [Executing AuditService.log_mutation | Action: RESERVE_ORDER | Collection: orders]
[pid=16476] - [2026-08-13 17:52:34,677] - [core.controllers.order_controller] - [INFO] - [Order stock reserved successfully! Order ID: ORD-1001]
[pid=16476] - [2026-08-13 17:52:34,678] - [commons.auth] - [INFO] - [Executing get_current_user dependency]
[pid=16476] - [2026-08-13 17:52:34,678] - [core.apis.routes.order_router] - [INFO] - [Calling GET /orders/ORD-1001/picklist endpoint]
[pid=16476] - [2026-08-13 17:52:34,678] - [core.controllers.order_controller] - [INFO] - [Executing OrderController.get_picklist for: ORD-1001]
[pid=16476] - [2026-08-13 17:52:34,680] - [commons.auth] - [INFO] - [Executing get_current_user dependency]
[pid=16476] - [2026-08-13 17:52:34,681] - [core.apis.routes.order_router] - [INFO] - [Calling POST /orders/ORD-1001/pack endpoint]
[pid=16476] - [2026-08-13 17:52:34,681] - [core.controllers.order_controller] - [INFO] - [Executing OrderController.pack_order for: ORD-1001]
[pid=16476] - [2026-08-13 17:52:34,682] - [core.services.audit_service] - [INFO] - [Executing AuditService.log_mutation | Action: PACK_ORDER | Collection: orders]
[pid=16476] - [2026-08-13 17:52:34,682] - [core.controllers.order_controller] - [INFO] - [Order PACKED successfully: ORD-1001]
[pid=16476] - [2026-08-13 17:52:34,683] - [commons.auth] - [INFO] - [Executing get_current_user dependency]
[pid=16476] - [2026-08-13 17:52:34,683] - [core.apis.routes.order_router] - [INFO] - [Calling POST /orders/ORD-1001/label endpoint]
[pid=16476] - [2026-08-13 17:52:34,683] - [core.controllers.order_controller] - [INFO] - [Executing OrderController.generate_label for: ORD-1001]
[pid=16476] - [2026-08-13 17:52:34,683] - [core.controllers.order_controller] - [INFO] - [Shipping label generated stub for order ORD-1001: 1Z999ECE9BB1EF2]
[pid=16476] - [2026-08-13 17:52:34,684] - [commons.auth] - [INFO] - [Executing get_current_user dependency]
[pid=16476] - [2026-08-13 17:52:34,685] - [core.apis.routes.order_router] - [INFO] - [Calling POST /orders/ORD-1001/ship endpoint]
[pid=16476] - [2026-08-13 17:52:34,685] - [core.controllers.order_controller] - [INFO] - [Executing OrderController.ship_order for: ORD-1001]
[pid=16476] - [2026-08-13 17:52:34,685] - [core.services.audit_service] - [INFO] - [Executing AuditService.log_mutation | Action: SHIP_ORDER | Collection: orders]
[pid=16476] - [2026-08-13 17:52:34,685] - [core.controllers.order_controller] - [INFO] - [Order SHIPPED successfully! Units converted to SOLD: ORD-1001]
[pid=16476] - [2026-08-13 17:52:34,697] - [commons.auth] - [INFO] - [Executing get_current_user dependency]
[pid=16476] - [2026-08-13 17:52:34,698] - [core.apis.routes.order_router] - [INFO] - [Calling POST /orders/ORD-PARALLEL/reserve endpoint]
[pid=16476] - [2026-08-13 17:52:34,698] - [core.controllers.order_controller] - [INFO] - [Executing OrderController.reserve_order for: ORD-PARALLEL]
[pid=16476] - [2026-08-13 17:52:34,699] - [core.controllers.order_controller] - [INFO] - [Order stock reserved successfully! Order ID: ORD-PARALLEL]
[pid=16476] - [2026-08-13 17:52:34,701] - [commons.auth] - [INFO] - [Executing get_current_user dependency]
[pid=16476] - [2026-08-13 17:52:34,701] - [core.apis.routes.order_router] - [INFO] - [Calling POST /orders/ORD-PARALLEL/reserve endpoint]
[pid=16476] - [2026-08-13 17:52:34,701] - [core.controllers.order_controller] - [INFO] - [Executing OrderController.reserve_order for: ORD-PARALLEL]
[pid=16476] - [2026-08-13 17:52:34,702] - [core.controllers.order_controller] - [WARNING] - [Stock reservation failed: barcode 012345678905 needs 1, available 0]
[pid=16476] - [2026-08-13 17:52:34,702] - [core.apis.routes.order_router] - [ERROR] - [Error in POST /orders/ORD-PARALLEL/reserve endpoint: 409: Insufficient stock for barcode '012345678905'. Required: 1, Available: 0]
[pid=16476] - [2026-08-13 17:52:34,707] - [commons.auth] - [INFO] - [Executing get_current_user dependency]
[pid=16476] - [2026-08-13 17:52:34,707] - [commons.auth] - [INFO] - [Executing require_roles dependency check]
[pid=16476] - [2026-08-13 17:52:34,707] - [core.apis.routes.report_router] - [INFO] - [Calling GET /reports/summary endpoint]
[pid=16476] - [2026-08-13 17:52:34,711] - [commons.auth] - [INFO] - [Executing get_current_user dependency]
[pid=16476] - [2026-08-13 17:52:34,712] - [commons.auth] - [INFO] - [Executing require_roles dependency check]
[pid=16476] - [2026-08-13 17:52:34,712] - [core.apis.routes.report_router] - [INFO] - [Calling GET /reports/stock endpoint]
[pid=16476] - [2026-08-13 17:52:34,716] - [commons.auth] - [INFO] - [Executing get_current_user dependency]
[pid=16476] - [2026-08-13 17:52:34,716] - [commons.auth] - [INFO] - [Executing require_roles dependency check]
[pid=16476] - [2026-08-13 17:52:34,716] - [core.apis.routes.report_router] - [INFO] - [Calling GET /reports/export endpoint | Type: stock | Format: csv]
[pid=16476] - [2026-08-13 17:52:34,718] - [core.services.export_service] - [INFO] - [Executing ExportService.generate_csv]
[pid=16476] - [2026-08-13 17:52:34,718] - [core.services.export_service] - [INFO] - [Executing ExportService.generate_csv]
[pid=16476] - [2026-08-13 17:52:34,719] - [core.services.export_service] - [INFO] - [Executing ExportService.generate_xlsx]
[pid=16476] - [2026-08-13 17:52:34,729] - [core.services.export_service] - [INFO] - [Executing ExportService.generate_xlsx]
[pid=16476] - [2026-08-13 17:52:34,737] - [core.services.storage_service] - [INFO] - [LocalStorageService initialized | Upload Dir: C:\Users\aayus\WMS\uploads]
[pid=16476] - [2026-08-13 17:52:34,737] - [core.services.storage_service] - [INFO] - [Executing LocalStorageService.save_image]
[pid=16476] - [2026-08-13 17:52:34,738] - [core.services.storage_service] - [WARNING] - [Image upload rejected: invalid extension .pdf]
[pid=16476] - [2026-08-13 17:52:34,739] - [core.services.storage_service] - [INFO] - [Executing LocalStorageService.save_image]
[pid=16476] - [2026-08-13 17:52:34,741] - [core.services.storage_service] - [INFO] - [Image saved successfully: /uploads/e21ff4c9f0064435aa7fbf8800b6fc98.png]
[pid=16476] - [2026-08-13 17:52:34,741] - [core.services.storage_service] - [INFO] - [LocalStorageService initialized | Upload Dir: C:\Users\aayus\WMS\uploads]
[pid=16476] - [2026-08-13 17:52:34,744] - [core.services.vision_service] - [INFO] - [Executing VisionService.measure_package]
[pid=16476] - [2026-08-13 17:52:34,744] - [core.services.vision_service] - [WARNING] - [Vision measurement failed: invalid image payload]
[pid=16476] - [2026-08-13 17:52:34,747] - [core.services.nl_query_service] - [INFO] - [Executing NLQueryService.execute_query: 'How many items available?']
[pid=16476] - [2026-08-13 17:52:34,747] - [core.services.nl_query_service] - [INFO] - [NL Query executed using template 'STOCK_AVAILABLE'. Returned 1 rows.]
[pid=16476] - [2026-08-13 17:52:34,748] - [core.services.nl_query_service] - [INFO] - [Executing NLQueryService.execute_query: 'Show broken stock']
[pid=16476] - [2026-08-13 17:52:34,748] - [core.services.nl_query_service] - [INFO] - [NL Query executed using template 'STOCK_DAMAGED'. Returned 1 rows.]
[pid=16476] - [2026-08-13 17:52:34,748] - [core.services.nl_query_service] - [INFO] - [Executing NLQueryService.execute_query: 'Show held stock']
[pid=16476] - [2026-08-13 17:52:34,748] - [core.services.nl_query_service] - [INFO] - [NL Query executed using template 'STOCK_RESERVED'. Returned 1 rows.]
[pid=16476] - [2026-08-13 17:52:34,751] - [core.services.idempotency_service] - [INFO] - [Executing IdempotencyService.lock_key for key: key1]
[pid=16476] - [2026-08-13 17:52:34,751] - [core.services.idempotency_service] - [INFO] - [Idempotency key locked successfully: key1]
[pid=16476] - [2026-08-13 17:52:34,751] - [core.services.idempotency_service] - [INFO] - [Executing IdempotencyService.lock_key for key: key1]
[pid=16476] - [2026-08-13 17:52:34,751] - [core.services.idempotency_service] - [WARNING] - [Idempotency conflict: key key1 already processed]
[pid=16476] - [2026-08-13 17:52:34,753] - [core.services.audit_service] - [INFO] - [Executing AuditService.__init__]
[pid=16476] - [2026-08-13 17:52:34,754] - [core.services.audit_service] - [INFO] - [Executing AuditService.log_mutation | Action: TEST | Collection: test]
[pid=16476] - [2026-08-13 17:52:34,757] - [core.services.voice_service] - [INFO] - [Executing VoiceService.transcribe_audio]
[pid=16476] - [2026-08-13 17:52:34,757] - [core.services.voice_service] - [INFO] - [Executing VoiceService.parse_transcript]
[pid=16476] - [2026-08-13 17:52:34,766] - [core.apis.routes.health_router] - [INFO] - [Calling GET /health endpoint]
[pid=16476] - [2026-08-13 17:52:34,767] - [core.controllers.health_controller] - [INFO] - [Executing HealthController.get_health]
[pid=16476] - [2026-08-13 17:52:34,767] - [core.database.database] - [INFO] - [Executing ping function]
[pid=16476] - [2026-08-13 17:52:34,767] - [core.database.database] - [INFO] - [Executing MongoDatabase function]
[pid=16476] - [2026-08-13 17:52:34,767] - [core.database.database] - [INFO] - [Executing _MongoClientSingleton.__new__ | DB: wms]
[pid=16476] - [2026-08-13 17:52:34,774] - [core.database.database] - [INFO] - [MongoDB singleton initialized successfully | URI: mongodb://localhost:27017/?replicaSet=rs0&directConnection=true]
[pid=16476] - [2026-08-13 17:52:34,808] - [core.database.database] - [INFO] - [MongoDB ping successful]
[pid=12848] - [2026-08-13 18:04:05,153] - [core.config.settings] - [INFO] - [Executing get_settings function]
[pid=12848] - [2026-08-13 18:04:06,257] - [commons.auth] - [INFO] - [Executing hash_password function]
[pid=12848] - [2026-08-13 18:04:06,589] - [core.apis.routes.auth_router] - [INFO] - [Calling POST /auth/login endpoint]
[pid=12848] - [2026-08-13 18:04:06,589] - [core.controllers.auth_controller] - [INFO] - [Executing AuthController.login]
[pid=12848] - [2026-08-13 18:04:06,590] - [core.cruds.user_crud] - [INFO] - [Executing CRUDUser.get_by_email for: owner@whitfield.com]
[pid=12848] - [2026-08-13 18:04:06,590] - [commons.auth] - [INFO] - [Executing verify_password function]
[pid=12848] - [2026-08-13 18:04:06,879] - [commons.auth] - [INFO] - [Executing create_access_token function]
[pid=12848] - [2026-08-13 18:04:06,883] - [commons.auth] - [INFO] - [Executing create_refresh_token function]
[pid=12848] - [2026-08-13 18:04:06,884] - [core.controllers.auth_controller] - [INFO] - [User login successful: owner@whitfield.com (OWNER)]
[pid=12848] - [2026-08-13 18:04:06,890] - [commons.auth] - [INFO] - [Executing hash_password function]
[pid=12848] - [2026-08-13 18:04:07,210] - [core.apis.routes.auth_router] - [INFO] - [Calling POST /auth/login endpoint]
[pid=12848] - [2026-08-13 18:04:07,210] - [core.controllers.auth_controller] - [INFO] - [Executing AuthController.login]
[pid=12848] - [2026-08-13 18:04:07,210] - [core.cruds.user_crud] - [INFO] - [Executing CRUDUser.get_by_email for: owner@whitfield.com]
[pid=12848] - [2026-08-13 18:04:07,210] - [commons.auth] - [INFO] - [Executing verify_password function]
[pid=12848] - [2026-08-13 18:04:07,508] - [core.controllers.auth_controller] - [WARNING] - [Login failed: invalid password for user (owner@whitfield.com)]
[pid=12848] - [2026-08-13 18:04:07,508] - [core.apis.routes.auth_router] - [ERROR] - [Error in POST /auth/login endpoint: 401: Invalid email or password]
[pid=12848] - [2026-08-13 18:04:07,514] - [commons.auth] - [INFO] - [Executing get_current_user dependency]
[pid=12848] - [2026-08-13 18:04:07,514] - [commons.auth] - [INFO] - [Executing require_roles dependency check]
[pid=12848] - [2026-08-13 18:04:07,515] - [core.apis.routes.facility_router] - [INFO] - [Calling POST /warehouses endpoint]
[pid=12848] - [2026-08-13 18:04:07,515] - [core.services.audit_service] - [INFO] - [Executing AuditService.__init__]
[pid=12848] - [2026-08-13 18:04:07,516] - [core.controllers.facility_controller] - [INFO] - [Executing WarehouseController.create_warehouse]
[pid=12848] - [2026-08-13 18:04:07,516] - [core.services.audit_service] - [INFO] - [Executing AuditService.log_mutation | Action: CREATE | Collection: warehouses]
[pid=12848] - [2026-08-13 18:04:07,516] - [core.controllers.facility_controller] - [INFO] - [Warehouse created successfully: RNO]
[pid=12848] - [2026-08-13 18:04:07,523] - [commons.auth] - [INFO] - [Executing get_current_user dependency]
[pid=12848] - [2026-08-13 18:04:07,523] - [commons.auth] - [INFO] - [Executing require_roles dependency check]
[pid=12848] - [2026-08-13 18:04:07,525] - [core.apis.routes.user_router] - [INFO] - [Calling POST /users/managers endpoint]
[pid=12848] - [2026-08-13 18:04:07,525] - [core.controllers.user_controller] - [INFO] - [Executing UserController.create_manager]
[pid=12848] - [2026-08-13 18:04:07,526] - [commons.auth] - [INFO] - [Executing hash_password function]
[pid=12848] - [2026-08-13 18:04:07,823] - [core.services.audit_service] - [INFO] - [Executing AuditService.log_mutation | Action: CREATE | Collection: users]
[pid=12848] - [2026-08-13 18:04:07,823] - [core.controllers.user_controller] - [INFO] - [Manager user created successfully: manager.rno@whitfield.com]
[pid=12848] - [2026-08-13 18:04:07,830] - [commons.auth] - [INFO] - [Executing get_current_user dependency]
[pid=12848] - [2026-08-13 18:04:07,830] - [commons.auth] - [INFO] - [Executing require_roles dependency check]
[pid=12848] - [2026-08-13 18:04:07,832] - [core.apis.routes.user_router] - [INFO] - [Calling POST /users/staff endpoint]
[pid=12848] - [2026-08-13 18:04:07,833] - [core.controllers.user_controller] - [INFO] - [Executing UserController.create_staff]
[pid=12848] - [2026-08-13 18:04:07,833] - [commons.auth] - [INFO] - [Executing hash_password function]
[pid=12848] - [2026-08-13 18:04:08,150] - [core.services.audit_service] - [INFO] - [Executing AuditService.log_mutation | Action: CREATE | Collection: users]
[pid=12848] - [2026-08-13 18:04:08,151] - [core.controllers.user_controller] - [INFO] - [Staff user created successfully: staff.rookie@whitfield.com for WH: 607f1f77bcf86cd799439022]
[pid=12848] - [2026-08-13 18:04:08,156] - [commons.auth] - [INFO] - [Executing get_current_user dependency]
[pid=12848] - [2026-08-13 18:04:08,157] - [commons.auth] - [INFO] - [Executing require_roles dependency check]
[pid=12848] - [2026-08-13 18:04:08,157] - [commons.auth] - [WARNING] - [User staff.rookie@whitfield.com with role STAFF denied access. Required: ['OWNER']]
[pid=12848] - [2026-08-13 18:04:08,162] - [commons.auth] - [INFO] - [Executing get_current_user dependency]
[pid=12848] - [2026-08-13 18:04:08,163] - [commons.auth] - [INFO] - [Executing require_roles dependency check]
[pid=12848] - [2026-08-13 18:04:08,163] - [core.apis.routes.audit_router] - [INFO] - [Calling GET /audit endpoint]
[pid=12848] - [2026-08-13 18:04:08,163] - [core.controllers.audit_controller] - [INFO] - [Executing AuditController.get_audit_logs]
[pid=12848] - [2026-08-13 18:04:08,168] - [commons.auth] - [INFO] - [Executing get_current_user dependency]
[pid=12848] - [2026-08-13 18:04:08,169] - [commons.auth] - [INFO] - [Executing require_roles dependency check]
[pid=12848] - [2026-08-13 18:04:08,169] - [commons.auth] - [WARNING] - [User None with role STAFF denied access. Required: ['OWNER']]
[pid=12848] - [2026-08-13 18:04:08,170] - [commons.auth] - [INFO] - [Executing get_current_user dependency]
[pid=12848] - [2026-08-13 18:04:08,170] - [commons.auth] - [INFO] - [Executing require_roles dependency check]
[pid=12848] - [2026-08-13 18:04:08,171] - [commons.auth] - [WARNING] - [User None with role MANAGER denied access. Required: ['OWNER']]
[pid=12848] - [2026-08-13 18:04:08,177] - [commons.auth] - [INFO] - [Executing get_current_user dependency]
[pid=12848] - [2026-08-13 18:04:08,177] - [commons.auth] - [INFO] - [Executing require_roles dependency check]
[pid=12848] - [2026-08-13 18:04:08,177] - [core.apis.routes.facility_router] - [INFO] - [Calling POST /warehouses endpoint]
[pid=12848] - [2026-08-13 18:04:08,177] - [core.controllers.facility_controller] - [INFO] - [Executing WarehouseController.create_warehouse]
[pid=12848] - [2026-08-13 18:04:08,178] - [core.controllers.facility_controller] - [INFO] - [Warehouse created successfully: RNO]
[pid=12848] - [2026-08-13 18:04:08,181] - [core.utils.ticket_generator] - [INFO] - [Executing TicketGenerator.generate_ticket_id for WH: RNO]
[pid=12848] - [2026-08-13 18:04:08,182] - [core.utils.ticket_generator] - [INFO] - [Generated ticket ID: RNO-20260813-014]
[pid=12848] - [2026-08-13 18:04:08,190] - [commons.auth] - [INFO] - [Executing get_current_user dependency]
[pid=12848] - [2026-08-13 18:04:08,190] - [core.apis.routes.voice_router] - [INFO] - [Calling POST /voice/transcribe endpoint]
[pid=12848] - [2026-08-13 18:04:08,190] - [core.controllers.voice_controller] - [INFO] - [Executing VoiceController.transcribe]
[pid=12848] - [2026-08-13 18:04:08,190] - [core.services.voice_service] - [INFO] - [Executing VoiceService.transcribe_audio]
[pid=12848] - [2026-08-13 18:04:08,192] - [commons.auth] - [INFO] - [Executing get_current_user dependency]
[pid=12848] - [2026-08-13 18:04:08,193] - [core.apis.routes.voice_router] - [INFO] - [Calling POST /voice/parse endpoint]
[pid=12848] - [2026-08-13 18:04:08,193] - [core.controllers.voice_controller] - [INFO] - [Executing VoiceController.parse_transcript for ticket: RNO-20260813-001]
[pid=12848] - [2026-08-13 18:04:08,193] - [core.services.voice_service] - [INFO] - [Executing VoiceService.parse_transcript]
[pid=12848] - [2026-08-13 18:04:08,194] - [core.controllers.voice_controller] - [INFO] - [Voice draft saved successfully! Draft ID: draft123]
[pid=12848] - [2026-08-13 18:04:08,196] - [commons.auth] - [INFO] - [Executing get_current_user dependency]
[pid=12848] - [2026-08-13 18:04:08,197] - [core.apis.routes.voice_router] - [INFO] - [Calling POST /voice/drafts/draft123/confirm endpoint]
[pid=12848] - [2026-08-13 18:04:08,197] - [core.controllers.voice_controller] - [INFO] - [Executing VoiceController.confirm_draft for draft: draft123]
[pid=12848] - [2026-08-13 18:04:08,197] - [core.controllers.voice_controller] - [INFO] - [Voice draft confirmed and logged through Phase 2 pipeline! Draft ID: draft123]
[pid=12848] - [2026-08-13 18:04:08,204] - [commons.auth] - [INFO] - [Executing get_current_user dependency]
[pid=12848] - [2026-08-13 18:04:08,204] - [core.apis.routes.vision_router] - [INFO] - [Calling POST /vision/measure endpoint]
[pid=12848] - [2026-08-13 18:04:08,204] - [core.controllers.vision_controller] - [INFO] - [Executing VisionController.measure_package]
[pid=12848] - [2026-08-13 18:04:08,210] - [commons.auth] - [INFO] - [Executing get_current_user dependency]
[pid=12848] - [2026-08-13 18:04:08,211] - [core.apis.routes.query_router] - [INFO] - [Calling POST /query endpoint]
[pid=12848] - [2026-08-13 18:04:08,211] - [core.controllers.nl_query_controller] - [INFO] - [Executing NLQueryController.execute_query]
[pid=12848] - [2026-08-13 18:04:08,217] - [commons.auth] - [INFO] - [Executing get_current_user dependency]
[pid=12848] - [2026-08-13 18:04:08,218] - [commons.auth] - [INFO] - [Executing require_roles dependency check]
[pid=12848] - [2026-08-13 18:04:08,219] - [core.apis.routes.api_key_router] - [INFO] - [Calling POST /api-keys endpoint]
[pid=12848] - [2026-08-13 18:04:08,219] - [core.controllers.api_key_controller] - [INFO] - [Executing ApiKeyController.create_key]
[pid=12848] - [2026-08-13 18:04:08,219] - [core.controllers.api_key_controller] - [INFO] - [API key created successfully! Name: Morning Check Script | Prefix: wms_live_669]
[pid=12848] - [2026-08-13 18:04:08,220] - [commons.auth] - [INFO] - [Executing get_current_user dependency]
[pid=12848] - [2026-08-13 18:04:08,221] - [commons.auth] - [INFO] - [Executing require_roles dependency check]
[pid=12848] - [2026-08-13 18:04:08,221] - [core.apis.routes.api_key_router] - [INFO] - [Calling GET /api-keys endpoint]
[pid=12848] - [2026-08-13 18:04:08,221] - [core.controllers.api_key_controller] - [INFO] - [Executing ApiKeyController.list_keys]
[pid=12848] - [2026-08-13 18:04:08,222] - [commons.auth] - [INFO] - [Executing get_current_user dependency]
[pid=12848] - [2026-08-13 18:04:08,222] - [commons.auth] - [INFO] - [Executing require_roles dependency check]
[pid=12848] - [2026-08-13 18:04:08,222] - [core.apis.routes.api_key_router] - [INFO] - [Calling DELETE /api-keys/key123 endpoint]
[pid=12848] - [2026-08-13 18:04:08,222] - [core.controllers.api_key_controller] - [INFO] - [Executing ApiKeyController.revoke_key: key123]
[pid=12848] - [2026-08-13 18:04:08,222] - [core.controllers.api_key_controller] - [INFO] - [API key revoked successfully: key123]
[pid=12848] - [2026-08-13 18:04:08,227] - [commons.auth] - [INFO] - [Executing get_current_user dependency]
[pid=12848] - [2026-08-13 18:04:08,228] - [core.apis.routes.query_router] - [INFO] - [Calling POST /query endpoint]
[pid=12848] - [2026-08-13 18:04:08,228] - [core.controllers.nl_query_controller] - [INFO] - [Executing NLQueryController.execute_query]
[pid=12848] - [2026-08-13 18:04:08,228] - [core.controllers.nl_query_controller] - [WARNING] - [NL query rejected outside allow-list: Query does not match any allow-listed template]
[pid=12848] - [2026-08-13 18:04:08,228] - [core.apis.routes.query_router] - [ERROR] - [Error in POST /query endpoint: 400: Query does not match any allow-listed template]
[pid=12848] - [2026-08-13 18:04:08,232] - [commons.auth] - [INFO] - [Executing get_current_user dependency]
[pid=12848] - [2026-08-13 18:04:08,232] - [commons.auth] - [WARNING] - [Missing authentication token in request]
[pid=12848] - [2026-08-13 18:04:08,240] - [commons.auth] - [INFO] - [Executing get_current_user dependency]
[pid=12848] - [2026-08-13 18:04:08,241] - [core.apis.routes.arrival_router] - [INFO] - [Calling POST /arrivals endpoint]
[pid=12848] - [2026-08-13 18:04:08,241] - [core.controllers.arrival_controller] - [INFO] - [Executing ArrivalController.process_arrival]
[pid=12848] - [2026-08-13 18:04:08,241] - [core.services.audit_service] - [INFO] - [Executing AuditService.log_mutation | Action: ARRIVE | Collection: tickets]
[pid=12848] - [2026-08-13 18:04:08,241] - [core.controllers.arrival_controller] - [INFO] - [Arrival processed successfully! Generated Ticket ID: RNO-20260813-001]
[pid=12848] - [2026-08-13 18:04:08,242] - [commons.auth] - [INFO] - [Executing get_current_user dependency]
[pid=12848] - [2026-08-13 18:04:08,244] - [core.apis.routes.ticket_router] - [INFO] - [Calling POST /tickets/RNO-20260813-001/items endpoint]
[pid=12848] - [2026-08-13 18:04:08,245] - [core.controllers.ticket_controller] - [INFO] - [Executing TicketController.log_item_scan for ticket: RNO-20260813-001]
[pid=12848] - [2026-08-13 18:04:08,245] - [core.services.audit_service] - [INFO] - [Executing AuditService.log_mutation | Action: SCAN_ITEM | Collection: items]
[pid=12848] - [2026-08-13 18:04:08,245] - [core.controllers.ticket_controller] - [INFO] - [Item scanned and logged successfully! Unit Seq: 1 under Ticket: RNO-20260813-001]
[pid=12848] - [2026-08-13 18:04:08,246] - [commons.auth] - [INFO] - [Executing get_current_user dependency]
[pid=12848] - [2026-08-13 18:04:08,246] - [core.apis.routes.ticket_router] - [INFO] - [Calling PUT /tickets/ticket123/submit-inspection endpoint]
[pid=12848] - [2026-08-13 18:04:08,246] - [core.controllers.ticket_controller] - [INFO] - [Executing TicketController.submit_inspection for: ticket123]
[pid=12848] - [2026-08-13 18:04:08,246] - [core.services.audit_service] - [INFO] - [Executing AuditService.log_mutation | Action: SUBMIT_INSPECTION | Collection: tickets]
[pid=12848] - [2026-08-13 18:04:08,246] - [core.controllers.ticket_controller] - [INFO] - [Ticket submitted for inspection approval: RNO-20260813-001]
[pid=12848] - [2026-08-13 18:04:08,247] - [commons.auth] - [INFO] - [Executing get_current_user dependency]
[pid=12848] - [2026-08-13 18:04:08,247] - [commons.auth] - [INFO] - [Executing require_roles dependency check]
[pid=12848] - [2026-08-13 18:04:08,247] - [core.apis.routes.approval_router] - [INFO] - [Calling POST /tickets/ticket123/approve endpoint]
[pid=12848] - [2026-08-13 18:04:08,248] - [core.controllers.ticket_controller] - [INFO] - [Executing TicketController.approve_ticket: ticket123]
[pid=12848] - [2026-08-13 18:04:08,248] - [core.services.audit_service] - [INFO] - [Executing AuditService.log_mutation | Action: APPROVE_SHIPMENT | Collection: tickets]
[pid=12848] - [2026-08-13 18:04:08,248] - [core.controllers.ticket_controller] - [INFO] - [Ticket inspection APPROVED! Status: SHIPMENT_ARRIVED for Ticket: RNO-20260813-001]
[pid=12848] - [2026-08-13 18:04:08,249] - [commons.auth] - [INFO] - [Executing get_current_user dependency]
[pid=12848] - [2026-08-13 18:04:08,250] - [core.apis.routes.ticket_router] - [INFO] - [Calling POST /tickets/ticket123/store endpoint]
[pid=12848] - [2026-08-13 18:04:08,250] - [core.controllers.ticket_controller] - [INFO] - [Executing TicketController.store_ticket: ticket123 -> A-04-12]
[pid=12848] - [2026-08-13 18:04:08,250] - [core.services.audit_service] - [INFO] - [Executing AuditService.log_mutation | Action: STORE_TICKET | Collection: tickets]
[pid=12848] - [2026-08-13 18:04:08,250] - [core.controllers.ticket_controller] - [INFO] - [Ticket STORED successfully at location: A-04-12]
[pid=12848] - [2026-08-13 18:04:08,259] - [commons.auth] - [INFO] - [Executing get_current_user dependency]
[pid=12848] - [2026-08-13 18:04:08,259] - [core.apis.routes.arrival_router] - [INFO] - [Calling POST /arrivals endpoint]
[pid=12848] - [2026-08-13 18:04:08,259] - [core.controllers.arrival_controller] - [INFO] - [Executing ArrivalController.process_arrival]
[pid=12848] - [2026-08-13 18:04:08,259] - [core.services.audit_service] - [INFO] - [Executing AuditService.log_mutation | Action: ARRIVE | Collection: tickets]
[pid=12848] - [2026-08-13 18:04:08,259] - [core.controllers.arrival_controller] - [INFO] - [Arrival processed successfully! Generated Ticket ID: LAX-20260813-001]
[pid=12848] - [2026-08-13 18:04:08,265] - [commons.auth] - [INFO] - [Executing get_current_user dependency]
[pid=12848] - [2026-08-13 18:04:08,265] - [core.apis.routes.ticket_router] - [INFO] - [Calling POST /tickets/RNO-20260813-001/items endpoint]
[pid=12848] - [2026-08-13 18:04:08,266] - [core.controllers.ticket_controller] - [INFO] - [Executing TicketController.log_item_scan for ticket: RNO-20260813-001]
[pid=12848] - [2026-08-13 18:04:08,266] - [core.apis.routes.ticket_router] - [ERROR] - [Error in POST /tickets/RNO-20260813-001/items endpoint: 409: Duplicate submission]
[pid=12848] - [2026-08-13 18:04:08,273] - [commons.auth] - [INFO] - [Executing get_current_user dependency]
[pid=12848] - [2026-08-13 18:04:08,275] - [core.apis.routes.order_router] - [INFO] - [Calling POST /orders endpoint]
[pid=12848] - [2026-08-13 18:04:08,275] - [core.controllers.order_controller] - [INFO] - [Executing OrderController.create_order]
[pid=12848] - [2026-08-13 18:04:08,275] - [core.services.audit_service] - [INFO] - [Executing AuditService.log_mutation | Action: CREATE | Collection: orders]
[pid=12848] - [2026-08-13 18:04:08,275] - [core.controllers.order_controller] - [INFO] - [Customer order created successfully: ORD-1001]
[pid=12848] - [2026-08-13 18:04:08,279] - [commons.auth] - [INFO] - [Executing get_current_user dependency]
[pid=12848] - [2026-08-13 18:04:08,279] - [core.apis.routes.order_router] - [INFO] - [Calling POST /orders/ORD-1001/reserve endpoint]
[pid=12848] - [2026-08-13 18:04:08,279] - [core.controllers.order_controller] - [INFO] - [Executing OrderController.reserve_order for: ORD-1001]
[pid=12848] - [2026-08-13 18:04:08,280] - [core.services.audit_service] - [INFO] - [Executing AuditService.log_mutation | Action: RESERVE_ORDER | Collection: orders]
[pid=12848] - [2026-08-13 18:04:08,280] - [core.controllers.order_controller] - [INFO] - [Order stock reserved successfully! Order ID: ORD-1001]
[pid=12848] - [2026-08-13 18:04:08,282] - [commons.auth] - [INFO] - [Executing get_current_user dependency]
[pid=12848] - [2026-08-13 18:04:08,282] - [core.apis.routes.order_router] - [INFO] - [Calling GET /orders/ORD-1001/picklist endpoint]
[pid=12848] - [2026-08-13 18:04:08,282] - [core.controllers.order_controller] - [INFO] - [Executing OrderController.get_picklist for: ORD-1001]
[pid=12848] - [2026-08-13 18:04:08,284] - [commons.auth] - [INFO] - [Executing get_current_user dependency]
[pid=12848] - [2026-08-13 18:04:08,285] - [core.apis.routes.order_router] - [INFO] - [Calling POST /orders/ORD-1001/pack endpoint]
[pid=12848] - [2026-08-13 18:04:08,285] - [core.controllers.order_controller] - [INFO] - [Executing OrderController.pack_order for: ORD-1001]
[pid=12848] - [2026-08-13 18:04:08,286] - [core.services.audit_service] - [INFO] - [Executing AuditService.log_mutation | Action: PACK_ORDER | Collection: orders]
[pid=12848] - [2026-08-13 18:04:08,286] - [core.controllers.order_controller] - [INFO] - [Order PACKED successfully: ORD-1001]
[pid=12848] - [2026-08-13 18:04:08,287] - [commons.auth] - [INFO] - [Executing get_current_user dependency]
[pid=12848] - [2026-08-13 18:04:08,287] - [core.apis.routes.order_router] - [INFO] - [Calling POST /orders/ORD-1001/label endpoint]
[pid=12848] - [2026-08-13 18:04:08,287] - [core.controllers.order_controller] - [INFO] - [Executing OrderController.generate_label for: ORD-1001]
[pid=12848] - [2026-08-13 18:04:08,287] - [core.controllers.order_controller] - [INFO] - [Shipping label generated stub for order ORD-1001: 1Z99929B602DCF2]
[pid=12848] - [2026-08-13 18:04:08,288] - [commons.auth] - [INFO] - [Executing get_current_user dependency]
[pid=12848] - [2026-08-13 18:04:08,289] - [core.apis.routes.order_router] - [INFO] - [Calling POST /orders/ORD-1001/ship endpoint]
[pid=12848] - [2026-08-13 18:04:08,289] - [core.controllers.order_controller] - [INFO] - [Executing OrderController.ship_order for: ORD-1001]
[pid=12848] - [2026-08-13 18:04:08,289] - [core.services.audit_service] - [INFO] - [Executing AuditService.log_mutation | Action: SHIP_ORDER | Collection: orders]
[pid=12848] - [2026-08-13 18:04:08,289] - [core.controllers.order_controller] - [INFO] - [Order SHIPPED successfully! Units converted to SOLD: ORD-1001]
[pid=12848] - [2026-08-13 18:04:08,303] - [commons.auth] - [INFO] - [Executing get_current_user dependency]
[pid=12848] - [2026-08-13 18:04:08,303] - [core.apis.routes.order_router] - [INFO] - [Calling POST /orders/ORD-PARALLEL/reserve endpoint]
[pid=12848] - [2026-08-13 18:04:08,303] - [core.controllers.order_controller] - [INFO] - [Executing OrderController.reserve_order for: ORD-PARALLEL]
[pid=12848] - [2026-08-13 18:04:08,305] - [core.controllers.order_controller] - [INFO] - [Order stock reserved successfully! Order ID: ORD-PARALLEL]
[pid=12848] - [2026-08-13 18:04:08,306] - [commons.auth] - [INFO] - [Executing get_current_user dependency]
[pid=12848] - [2026-08-13 18:04:08,306] - [core.apis.routes.order_router] - [INFO] - [Calling POST /orders/ORD-PARALLEL/reserve endpoint]
[pid=12848] - [2026-08-13 18:04:08,307] - [core.controllers.order_controller] - [INFO] - [Executing OrderController.reserve_order for: ORD-PARALLEL]
[pid=12848] - [2026-08-13 18:04:08,307] - [core.controllers.order_controller] - [WARNING] - [Stock reservation failed: barcode 012345678905 needs 1, available 0]
[pid=12848] - [2026-08-13 18:04:08,307] - [core.apis.routes.order_router] - [ERROR] - [Error in POST /orders/ORD-PARALLEL/reserve endpoint: 409: Insufficient stock for barcode '012345678905'. Required: 1, Available: 0]
[pid=12848] - [2026-08-13 18:04:08,312] - [commons.auth] - [INFO] - [Executing get_current_user dependency]
[pid=12848] - [2026-08-13 18:04:08,312] - [commons.auth] - [INFO] - [Executing require_roles dependency check]
[pid=12848] - [2026-08-13 18:04:08,313] - [core.apis.routes.report_router] - [INFO] - [Calling GET /reports/summary endpoint]
[pid=12848] - [2026-08-13 18:04:08,317] - [commons.auth] - [INFO] - [Executing get_current_user dependency]
[pid=12848] - [2026-08-13 18:04:08,318] - [commons.auth] - [INFO] - [Executing require_roles dependency check]
[pid=12848] - [2026-08-13 18:04:08,318] - [core.apis.routes.report_router] - [INFO] - [Calling GET /reports/stock endpoint]
[pid=12848] - [2026-08-13 18:04:08,322] - [commons.auth] - [INFO] - [Executing get_current_user dependency]
[pid=12848] - [2026-08-13 18:04:08,323] - [commons.auth] - [INFO] - [Executing require_roles dependency check]
[pid=12848] - [2026-08-13 18:04:08,323] - [core.apis.routes.report_router] - [INFO] - [Calling GET /reports/export endpoint | Type: stock | Format: csv]
[pid=12848] - [2026-08-13 18:04:08,325] - [core.services.export_service] - [INFO] - [Executing ExportService.generate_csv]
[pid=12848] - [2026-08-13 18:04:08,325] - [core.services.export_service] - [INFO] - [Executing ExportService.generate_csv]
[pid=12848] - [2026-08-13 18:04:08,326] - [core.services.export_service] - [INFO] - [Executing ExportService.generate_xlsx]
[pid=12848] - [2026-08-13 18:04:08,336] - [core.services.export_service] - [INFO] - [Executing ExportService.generate_xlsx]
[pid=12848] - [2026-08-13 18:04:08,347] - [core.services.storage_service] - [INFO] - [LocalStorageService initialized | Upload Dir: C:\Users\aayus\WMS\uploads]
[pid=12848] - [2026-08-13 18:04:08,348] - [core.services.storage_service] - [INFO] - [Executing LocalStorageService.save_image]
[pid=12848] - [2026-08-13 18:04:08,348] - [core.services.storage_service] - [WARNING] - [Image upload rejected: invalid extension .pdf]
[pid=12848] - [2026-08-13 18:04:08,349] - [core.services.storage_service] - [INFO] - [Executing LocalStorageService.save_image]
[pid=12848] - [2026-08-13 18:04:08,352] - [core.services.storage_service] - [INFO] - [Image saved successfully: /uploads/b2317eeba3ee4c519779ea9878f0faa5.png]
[pid=12848] - [2026-08-13 18:04:08,352] - [core.services.storage_service] - [INFO] - [LocalStorageService initialized | Upload Dir: C:\Users\aayus\WMS\uploads]
[pid=12848] - [2026-08-13 18:04:08,355] - [core.services.vision_service] - [INFO] - [Executing VisionService.measure_package]
[pid=12848] - [2026-08-13 18:04:08,355] - [core.services.vision_service] - [WARNING] - [Vision measurement failed: invalid image payload]
[pid=12848] - [2026-08-13 18:04:08,360] - [core.services.nl_query_service] - [INFO] - [Executing NLQueryService.execute_query: 'How many items available?']
[pid=12848] - [2026-08-13 18:04:08,360] - [core.services.nl_query_service] - [INFO] - [NL Query executed using template 'STOCK_AVAILABLE'. Returned 1 rows.]
[pid=12848] - [2026-08-13 18:04:08,360] - [core.services.nl_query_service] - [INFO] - [Executing NLQueryService.execute_query: 'Show broken stock']
[pid=12848] - [2026-08-13 18:04:08,360] - [core.services.nl_query_service] - [INFO] - [NL Query executed using template 'STOCK_DAMAGED'. Returned 1 rows.]
[pid=12848] - [2026-08-13 18:04:08,360] - [core.services.nl_query_service] - [INFO] - [Executing NLQueryService.execute_query: 'Show held stock']
[pid=12848] - [2026-08-13 18:04:08,360] - [core.services.nl_query_service] - [INFO] - [NL Query executed using template 'STOCK_RESERVED'. Returned 1 rows.]
[pid=12848] - [2026-08-13 18:04:08,364] - [core.services.idempotency_service] - [INFO] - [Executing IdempotencyService.lock_key for key: key1]
[pid=12848] - [2026-08-13 18:04:08,364] - [core.services.idempotency_service] - [INFO] - [Idempotency key locked successfully: key1]
[pid=12848] - [2026-08-13 18:04:08,364] - [core.services.idempotency_service] - [INFO] - [Executing IdempotencyService.lock_key for key: key1]
[pid=12848] - [2026-08-13 18:04:08,365] - [core.services.idempotency_service] - [WARNING] - [Idempotency conflict: key key1 already processed]
[pid=12848] - [2026-08-13 18:04:08,367] - [core.services.audit_service] - [INFO] - [Executing AuditService.__init__]
[pid=12848] - [2026-08-13 18:04:08,367] - [core.services.audit_service] - [INFO] - [Executing AuditService.log_mutation | Action: TEST | Collection: test]
[pid=12848] - [2026-08-13 18:04:08,370] - [core.services.voice_service] - [INFO] - [Executing VoiceService.transcribe_audio]
[pid=12848] - [2026-08-13 18:04:08,370] - [core.services.voice_service] - [INFO] - [Executing VoiceService.parse_transcript]
[pid=12848] - [2026-08-13 18:04:08,378] - [core.apis.routes.health_router] - [INFO] - [Calling GET /health endpoint]
[pid=12848] - [2026-08-13 18:04:08,378] - [core.controllers.health_controller] - [INFO] - [Executing HealthController.get_health]
[pid=12848] - [2026-08-13 18:04:08,378] - [core.database.database] - [INFO] - [Executing ping function]
[pid=12848] - [2026-08-13 18:04:08,378] - [core.database.database] - [INFO] - [Executing MongoDatabase function]
[pid=12848] - [2026-08-13 18:04:08,378] - [core.database.database] - [INFO] - [Executing _MongoClientSingleton.__new__ | DB: wms]
[pid=12848] - [2026-08-13 18:04:08,386] - [core.database.database] - [INFO] - [MongoDB singleton initialized successfully | URI: mongodb://localhost:27017/?replicaSet=rs0&directConnection=true]
[pid=12848] - [2026-08-13 18:04:08,411] - [core.database.database] - [INFO] - [MongoDB ping successful]
[pid=2068] - [2026-08-13 18:33:37,574] - [core.config.settings] - [INFO] - [Executing get_settings function]
[pid=3516] - [2026-08-13 18:35:26,169] - [core.config.settings] - [INFO] - [Executing get_settings function]
[pid=16516] - [2026-08-13 18:35:57,543] - [core.config.settings] - [INFO] - [Executing get_settings function]
[pid=13048] - [2026-08-13 18:40:26,004] - [core.config.settings] - [INFO] - [Executing get_settings function]
[pid=18196] - [2026-08-13 18:41:17,475] - [core.config.settings] - [INFO] - [Executing get_settings function]
[pid=21320] - [2026-08-13 18:41:51,808] - [core.config.settings] - [INFO] - [Executing get_settings function]
[pid=21284] - [2026-08-13 18:42:25,691] - [core.config.settings] - [INFO] - [Executing get_settings function]
[pid=22904] - [2026-08-13 18:42:38,430] - [core.config.settings] - [INFO] - [Executing get_settings function]
[pid=9964] - [2026-08-13 18:43:13,054] - [core.config.settings] - [INFO] - [Executing get_settings function]
[pid=9964] - [2026-08-13 18:43:14,158] - [commons.auth] - [INFO] - [Executing hash_password function]
[pid=9964] - [2026-08-13 18:43:14,501] - [core.apis.routes.auth_router] - [INFO] - [Calling POST /auth/login endpoint]
[pid=9964] - [2026-08-13 18:43:14,501] - [core.controllers.auth_controller] - [INFO] - [Executing AuthController.login]
[pid=9964] - [2026-08-13 18:43:14,501] - [core.cruds.user_crud] - [INFO] - [Executing CRUDUser.get_by_email for: owner@whitfield.com]
[pid=9964] - [2026-08-13 18:43:14,502] - [commons.auth] - [INFO] - [Executing verify_password function]
[pid=9964] - [2026-08-13 18:43:14,832] - [commons.auth] - [INFO] - [Executing create_access_token function]
[pid=9964] - [2026-08-13 18:43:14,836] - [commons.auth] - [INFO] - [Executing create_refresh_token function]
[pid=9964] - [2026-08-13 18:43:14,837] - [core.controllers.auth_controller] - [INFO] - [User login successful: owner@whitfield.com (OWNER)]
[pid=9964] - [2026-08-13 18:43:14,842] - [commons.auth] - [INFO] - [Executing hash_password function]
[pid=9964] - [2026-08-13 18:43:15,285] - [core.apis.routes.auth_router] - [INFO] - [Calling POST /auth/login endpoint]
[pid=9964] - [2026-08-13 18:43:15,285] - [core.controllers.auth_controller] - [INFO] - [Executing AuthController.login]
[pid=9964] - [2026-08-13 18:43:15,286] - [core.cruds.user_crud] - [INFO] - [Executing CRUDUser.get_by_email for: owner@whitfield.com]
[pid=9964] - [2026-08-13 18:43:15,286] - [commons.auth] - [INFO] - [Executing verify_password function]
[pid=9964] - [2026-08-13 18:43:15,622] - [core.controllers.auth_controller] - [WARNING] - [Login failed: invalid password for user (owner@whitfield.com)]
[pid=9964] - [2026-08-13 18:43:15,623] - [core.apis.routes.auth_router] - [ERROR] - [Error in POST /auth/login endpoint: 401: Invalid email or password]
[pid=9964] - [2026-08-13 18:43:15,657] - [commons.auth] - [INFO] - [Executing get_current_user dependency]
[pid=9964] - [2026-08-13 18:43:15,658] - [commons.auth] - [INFO] - [Executing require_roles dependency check]
[pid=9964] - [2026-08-13 18:43:15,658] - [commons.auth] - [WARNING] - [User staff.rookie@whitfield.com with role STAFF denied access. Required: ['OWNER']]
[pid=9964] - [2026-08-13 18:43:15,674] - [commons.auth] - [INFO] - [Executing get_current_user dependency]
[pid=9964] - [2026-08-13 18:43:15,675] - [commons.auth] - [INFO] - [Executing require_roles dependency check]
[pid=9964] - [2026-08-13 18:43:15,675] - [commons.auth] - [WARNING] - [User None with role STAFF denied access. Required: ['OWNER']]
[pid=9964] - [2026-08-13 18:43:15,678] - [commons.auth] - [INFO] - [Executing get_current_user dependency]
[pid=9964] - [2026-08-13 18:43:15,679] - [commons.auth] - [INFO] - [Executing require_roles dependency check]
[pid=9964] - [2026-08-13 18:43:15,679] - [commons.auth] - [WARNING] - [User None with role MANAGER denied access. Required: ['OWNER']]
[pid=9964] - [2026-08-13 18:43:15,706] - [core.utils.ticket_generator] - [INFO] - [Executing TicketGenerator.generate_ticket_id for WH: RNO]
[pid=9964] - [2026-08-13 18:43:15,707] - [core.utils.ticket_generator] - [INFO] - [Generated ticket ID: RNO-20260813-014]
[pid=9964] - [2026-08-13 18:43:15,755] - [commons.auth] - [INFO] - [Executing get_current_user dependency]
[pid=9964] - [2026-08-13 18:43:15,755] - [commons.auth] - [WARNING] - [Missing authentication token in request]
[pid=9964] - [2026-08-13 18:43:15,821] - [core.services.integration_service] - [INFO] - [Executing ExportService.generate_csv]
[pid=9964] - [2026-08-13 18:43:15,821] - [core.services.integration_service] - [INFO] - [Executing ExportService.generate_csv]
[pid=9964] - [2026-08-13 18:43:15,823] - [core.services.integration_service] - [INFO] - [Executing ExportService.generate_xlsx]
[pid=9964] - [2026-08-13 18:43:15,838] - [core.services.integration_service] - [INFO] - [Executing ExportService.generate_xlsx]
[pid=9964] - [2026-08-13 18:43:15,858] - [core.services.integration_service] - [INFO] - [LocalStorageService initialized | Upload Dir: C:\Users\aayus\WMS\uploads]
[pid=9964] - [2026-08-13 18:43:15,859] - [core.services.integration_service] - [INFO] - [Executing LocalStorageService.save_image]
[pid=9964] - [2026-08-13 18:43:15,859] - [core.services.integration_service] - [WARNING] - [Image upload rejected: invalid extension .pdf]
[pid=9964] - [2026-08-13 18:43:15,863] - [core.services.integration_service] - [INFO] - [Executing LocalStorageService.save_image]
[pid=9964] - [2026-08-13 18:43:15,867] - [core.services.integration_service] - [INFO] - [Image saved successfully: /uploads/cb329d410440468c9d6200107721d1d2.png]
[pid=9964] - [2026-08-13 18:43:15,868] - [core.services.integration_service] - [INFO] - [LocalStorageService initialized | Upload Dir: C:\Users\aayus\WMS\uploads]
[pid=9964] - [2026-08-13 18:43:15,874] - [core.services.ai_service] - [INFO] - [Executing VisionService.measure_package]
[pid=9964] - [2026-08-13 18:43:15,875] - [core.services.ai_service] - [WARNING] - [Vision measurement failed: invalid image payload]
[pid=9964] - [2026-08-13 18:43:15,892] - [core.services.wms_service] - [INFO] - [Executing AuditService.__init__]
[pid=9964] - [2026-08-13 18:43:15,899] - [core.services.ai_service] - [INFO] - [Executing VoiceService.transcribe_audio]
[pid=9964] - [2026-08-13 18:43:15,899] - [core.services.ai_service] - [INFO] - [Executing VoiceService.parse_transcript]
[pid=9964] - [2026-08-13 18:43:15,914] - [core.apis.routes.health_router] - [INFO] - [Calling GET /health endpoint]
[pid=9964] - [2026-08-13 18:43:15,914] - [core.controllers.wms_controller] - [INFO] - [Executing HealthController.get_health]
[pid=9964] - [2026-08-13 18:43:15,914] - [core.database.database] - [INFO] - [Executing ping function]
[pid=9964] - [2026-08-13 18:43:15,914] - [core.database.database] - [INFO] - [Executing MongoDatabase function]
[pid=9964] - [2026-08-13 18:43:15,914] - [core.database.database] - [INFO] - [Executing _MongoClientSingleton.__new__ | DB: wms]
[pid=9964] - [2026-08-13 18:43:15,930] - [core.database.database] - [INFO] - [MongoDB singleton initialized successfully | URI: mongodb://localhost:27017/?replicaSet=rs0&directConnection=true]
[pid=9964] - [2026-08-13 18:43:15,977] - [core.database.database] - [INFO] - [MongoDB ping successful]
[pid=25212] - [2026-08-13 18:43:29,236] - [core.config.settings] - [INFO] - [Executing get_settings function]
[pid=25212] - [2026-08-13 18:43:30,244] - [core.services.wms_service] - [INFO] - [Executing AuditService.__init__]
[pid=11812] - [2026-08-13 18:43:54,848] - [core.config.settings] - [INFO] - [Executing get_settings function]
[pid=11812] - [2026-08-13 18:43:55,969] - [commons.auth] - [INFO] - [Executing hash_password function]
[pid=11812] - [2026-08-13 18:43:56,399] - [core.apis.routes.auth_router] - [INFO] - [Calling POST /auth/login endpoint]
[pid=11812] - [2026-08-13 18:43:56,399] - [core.controllers.auth_controller] - [INFO] - [Executing AuthController.login]
[pid=11812] - [2026-08-13 18:43:56,399] - [core.cruds.user_crud] - [INFO] - [Executing CRUDUser.get_by_email for: owner@whitfield.com]
[pid=11812] - [2026-08-13 18:43:56,400] - [commons.auth] - [INFO] - [Executing verify_password function]
[pid=11812] - [2026-08-13 18:43:56,861] - [commons.auth] - [INFO] - [Executing create_access_token function]
[pid=11812] - [2026-08-13 18:43:56,865] - [commons.auth] - [INFO] - [Executing create_refresh_token function]
[pid=11812] - [2026-08-13 18:43:56,865] - [core.controllers.auth_controller] - [INFO] - [User login successful: owner@whitfield.com (OWNER)]
[pid=11812] - [2026-08-13 18:43:56,871] - [commons.auth] - [INFO] - [Executing hash_password function]
[pid=11812] - [2026-08-13 18:43:57,260] - [core.apis.routes.auth_router] - [INFO] - [Calling POST /auth/login endpoint]
[pid=11812] - [2026-08-13 18:43:57,260] - [core.controllers.auth_controller] - [INFO] - [Executing AuthController.login]
[pid=11812] - [2026-08-13 18:43:57,261] - [core.cruds.user_crud] - [INFO] - [Executing CRUDUser.get_by_email for: owner@whitfield.com]
[pid=11812] - [2026-08-13 18:43:57,261] - [commons.auth] - [INFO] - [Executing verify_password function]
[pid=11812] - [2026-08-13 18:43:57,634] - [core.controllers.auth_controller] - [WARNING] - [Login failed: invalid password for user (owner@whitfield.com)]
[pid=11812] - [2026-08-13 18:43:57,634] - [core.apis.routes.auth_router] - [ERROR] - [Error in POST /auth/login endpoint: 401: Invalid email or password]
[pid=11812] - [2026-08-13 18:43:57,656] - [commons.auth] - [INFO] - [Executing get_current_user dependency]
[pid=11812] - [2026-08-13 18:43:57,656] - [commons.auth] - [INFO] - [Executing require_roles dependency check]
[pid=11812] - [2026-08-13 18:43:57,656] - [commons.auth] - [WARNING] - [User staff.rookie@whitfield.com with role STAFF denied access. Required: ['OWNER']]
[pid=11812] - [2026-08-13 18:43:57,667] - [commons.auth] - [INFO] - [Executing get_current_user dependency]
[pid=11812] - [2026-08-13 18:43:57,667] - [commons.auth] - [INFO] - [Executing require_roles dependency check]
[pid=11812] - [2026-08-13 18:43:57,667] - [commons.auth] - [WARNING] - [User None with role STAFF denied access. Required: ['OWNER']]
[pid=11812] - [2026-08-13 18:43:57,669] - [commons.auth] - [INFO] - [Executing get_current_user dependency]
[pid=11812] - [2026-08-13 18:43:57,670] - [commons.auth] - [INFO] - [Executing require_roles dependency check]
[pid=11812] - [2026-08-13 18:43:57,670] - [commons.auth] - [WARNING] - [User None with role MANAGER denied access. Required: ['OWNER']]
[pid=11812] - [2026-08-13 18:43:57,682] - [core.utils.ticket_generator] - [INFO] - [Executing TicketGenerator.generate_ticket_id for WH: RNO]
[pid=11812] - [2026-08-13 18:43:57,682] - [core.utils.ticket_generator] - [INFO] - [Generated ticket ID: RNO-20260813-014]
[pid=11812] - [2026-08-13 18:43:57,754] - [commons.auth] - [INFO] - [Executing get_current_user dependency]
[pid=11812] - [2026-08-13 18:43:57,755] - [commons.auth] - [WARNING] - [Missing authentication token in request]
[pid=11812] - [2026-08-13 18:43:57,819] - [core.services.integration_service] - [INFO] - [Executing ExportService.generate_csv]
[pid=11812] - [2026-08-13 18:43:57,819] - [core.services.integration_service] - [INFO] - [Executing ExportService.generate_csv]
[pid=11812] - [2026-08-13 18:43:57,821] - [core.services.integration_service] - [INFO] - [Executing ExportService.generate_xlsx]
[pid=11812] - [2026-08-13 18:43:57,835] - [core.services.integration_service] - [INFO] - [Executing ExportService.generate_xlsx]
[pid=11812] - [2026-08-13 18:43:57,853] - [core.services.integration_service] - [INFO] - [LocalStorageService initialized | Upload Dir: C:\Users\aayus\WMS\uploads]
[pid=11812] - [2026-08-13 18:43:57,853] - [core.services.integration_service] - [INFO] - [Executing LocalStorageService.save_image]
[pid=11812] - [2026-08-13 18:43:57,853] - [core.services.integration_service] - [WARNING] - [Image upload rejected: invalid extension .pdf]
[pid=11812] - [2026-08-13 18:43:57,855] - [core.services.integration_service] - [INFO] - [Executing LocalStorageService.save_image]
[pid=11812] - [2026-08-13 18:43:57,859] - [core.services.integration_service] - [INFO] - [Image saved successfully: /uploads/5a309895c153465bba9d266fd95bf6bc.png]
[pid=11812] - [2026-08-13 18:43:57,859] - [core.services.integration_service] - [INFO] - [LocalStorageService initialized | Upload Dir: C:\Users\aayus\WMS\uploads]
[pid=11812] - [2026-08-13 18:43:57,864] - [core.services.ai_service] - [INFO] - [Executing VisionService.measure_package]
[pid=11812] - [2026-08-13 18:43:57,865] - [core.services.ai_service] - [WARNING] - [Vision measurement failed: invalid image payload]
[pid=11812] - [2026-08-13 18:43:57,871] - [core.services.ai_service] - [INFO] - [Executing NLQueryService.execute_query: 'How many items available?']
[pid=11812] - [2026-08-13 18:43:57,871] - [core.services.ai_service] - [INFO] - [NL Query executed using template 'STOCK_AVAILABLE'. Returned 1 rows.]
[pid=11812] - [2026-08-13 18:43:57,871] - [core.services.ai_service] - [INFO] - [Executing NLQueryService.execute_query: 'Show broken stock']
[pid=11812] - [2026-08-13 18:43:57,872] - [core.services.ai_service] - [INFO] - [NL Query executed using template 'STOCK_DAMAGED'. Returned 1 rows.]
[pid=11812] - [2026-08-13 18:43:57,872] - [core.services.ai_service] - [INFO] - [Executing NLQueryService.execute_query: 'Show held stock']
[pid=11812] - [2026-08-13 18:43:57,872] - [core.services.ai_service] - [INFO] - [NL Query executed using template 'STOCK_RESERVED'. Returned 1 rows.]
[pid=11812] - [2026-08-13 18:43:57,877] - [core.services.wms_service] - [INFO] - [Executing IdempotencyService.lock_key for key: key1]
[pid=11812] - [2026-08-13 18:43:57,878] - [core.services.wms_service] - [INFO] - [Idempotency key locked successfully: key1]
[pid=11812] - [2026-08-13 18:43:57,878] - [core.services.wms_service] - [INFO] - [Executing IdempotencyService.lock_key for key: key1]
[pid=11812] - [2026-08-13 18:43:57,879] - [core.services.wms_service] - [WARNING] - [Idempotency conflict: key key1 already processed]
[pid=11812] - [2026-08-13 18:43:57,884] - [core.services.wms_service] - [INFO] - [Executing AuditService.__init__]
[pid=11812] - [2026-08-13 18:43:57,885] - [core.services.wms_service] - [INFO] - [Executing AuditService.log_mutation | Action: TEST | Collection: test]
[pid=11812] - [2026-08-13 18:43:57,885] - [core.services.wms_service] - [INFO] - [Executing AuditService.__init__]
[pid=11812] - [2026-08-13 18:43:57,889] - [core.services.ai_service] - [INFO] - [Executing VoiceService.transcribe_audio]
[pid=11812] - [2026-08-13 18:43:57,889] - [core.services.ai_service] - [INFO] - [Executing VoiceService.parse_transcript]
[pid=11812] - [2026-08-13 18:43:57,904] - [core.apis.routes.health_router] - [INFO] - [Calling GET /health endpoint]
[pid=11812] - [2026-08-13 18:43:57,904] - [core.controllers.wms_controller] - [INFO] - [Executing HealthController.get_health]
[pid=11812] - [2026-08-13 18:43:57,905] - [core.database.database] - [INFO] - [Executing ping function]
[pid=11812] - [2026-08-13 18:43:57,905] - [core.database.database] - [INFO] - [Executing MongoDatabase function]
[pid=11812] - [2026-08-13 18:43:57,905] - [core.database.database] - [INFO] - [Executing _MongoClientSingleton.__new__ | DB: wms]
[pid=11812] - [2026-08-13 18:43:57,922] - [core.database.database] - [INFO] - [MongoDB singleton initialized successfully | URI: mongodb://localhost:27017/?replicaSet=rs0&directConnection=true]
[pid=11812] - [2026-08-13 18:43:57,963] - [core.database.database] - [INFO] - [MongoDB ping successful]
[pid=24968] - [2026-08-13 18:44:23,160] - [core.config.settings] - [INFO] - [Executing get_settings function]
[pid=15856] - [2026-08-13 18:44:47,253] - [core.config.settings] - [INFO] - [Executing get_settings function]
[pid=15856] - [2026-08-13 18:44:48,221] - [commons.auth] - [INFO] - [Executing hash_password function]
[pid=15856] - [2026-08-13 18:44:48,509] - [core.apis.routes.auth_router] - [INFO] - [Calling POST /auth/login endpoint]
[pid=15856] - [2026-08-13 18:44:48,509] - [core.controllers.auth_controller] - [INFO] - [Executing AuthController.login]
[pid=15856] - [2026-08-13 18:44:48,510] - [core.cruds.user_crud] - [INFO] - [Executing CRUDUser.get_by_email for: owner@whitfield.com]
[pid=15856] - [2026-08-13 18:44:48,510] - [commons.auth] - [INFO] - [Executing verify_password function]
[pid=15856] - [2026-08-13 18:44:48,911] - [commons.auth] - [INFO] - [Executing create_access_token function]
[pid=15856] - [2026-08-13 18:44:48,915] - [commons.auth] - [INFO] - [Executing create_refresh_token function]
[pid=15856] - [2026-08-13 18:44:48,916] - [core.controllers.auth_controller] - [INFO] - [User login successful: owner@whitfield.com (OWNER)]
[pid=15856] - [2026-08-13 18:44:48,923] - [commons.auth] - [INFO] - [Executing hash_password function]
[pid=15856] - [2026-08-13 18:44:49,342] - [core.apis.routes.auth_router] - [INFO] - [Calling POST /auth/login endpoint]
[pid=15856] - [2026-08-13 18:44:49,342] - [core.controllers.auth_controller] - [INFO] - [Executing AuthController.login]
[pid=15856] - [2026-08-13 18:44:49,343] - [core.cruds.user_crud] - [INFO] - [Executing CRUDUser.get_by_email for: owner@whitfield.com]
[pid=15856] - [2026-08-13 18:44:49,343] - [commons.auth] - [INFO] - [Executing verify_password function]
[pid=15856] - [2026-08-13 18:44:49,656] - [core.controllers.auth_controller] - [WARNING] - [Login failed: invalid password for user (owner@whitfield.com)]
[pid=15856] - [2026-08-13 18:44:49,656] - [core.apis.routes.auth_router] - [ERROR] - [Error in POST /auth/login endpoint: 401: Invalid email or password]
[pid=15856] - [2026-08-13 18:44:49,702] - [commons.auth] - [INFO] - [Executing get_current_user dependency]
[pid=15856] - [2026-08-13 18:44:49,702] - [commons.auth] - [INFO] - [Executing require_roles dependency check]
[pid=15856] - [2026-08-13 18:44:49,702] - [commons.auth] - [WARNING] - [User staff.rookie@whitfield.com with role STAFF denied access. Required: ['OWNER']]
[pid=15856] - [2026-08-13 18:44:49,716] - [commons.auth] - [INFO] - [Executing get_current_user dependency]
[pid=15856] - [2026-08-13 18:44:49,717] - [commons.auth] - [INFO] - [Executing require_roles dependency check]
[pid=15856] - [2026-08-13 18:44:49,717] - [commons.auth] - [WARNING] - [User None with role STAFF denied access. Required: ['OWNER']]
[pid=15856] - [2026-08-13 18:44:49,719] - [commons.auth] - [INFO] - [Executing get_current_user dependency]
[pid=15856] - [2026-08-13 18:44:49,719] - [commons.auth] - [INFO] - [Executing require_roles dependency check]
[pid=15856] - [2026-08-13 18:44:49,719] - [commons.auth] - [WARNING] - [User None with role MANAGER denied access. Required: ['OWNER']]
[pid=15856] - [2026-08-13 18:44:49,755] - [core.utils.ticket_generator] - [INFO] - [Executing TicketGenerator.generate_ticket_id for WH: RNO]
[pid=15856] - [2026-08-13 18:44:49,755] - [core.utils.ticket_generator] - [INFO] - [Generated ticket ID: RNO-20260813-014]
[pid=7436] - [2026-08-13 18:45:30,579] - [core.config.settings] - [INFO] - [Executing get_settings function]
[pid=7436] - [2026-08-13 18:45:31,571] - [commons.auth] - [INFO] - [Executing hash_password function]
[pid=7436] - [2026-08-13 18:45:31,889] - [core.apis.routes.auth_router] - [INFO] - [Calling POST /auth/login endpoint]
[pid=7436] - [2026-08-13 18:45:31,889] - [core.controllers.auth_controller] - [INFO] - [Executing AuthController.login]
[pid=7436] - [2026-08-13 18:45:31,889] - [core.cruds.user_crud] - [INFO] - [Executing CRUDUser.get_by_email for: owner@whitfield.com]
[pid=7436] - [2026-08-13 18:45:31,889] - [commons.auth] - [INFO] - [Executing verify_password function]
[pid=7436] - [2026-08-13 18:45:32,332] - [commons.auth] - [INFO] - [Executing create_access_token function]
[pid=7436] - [2026-08-13 18:45:32,336] - [commons.auth] - [INFO] - [Executing create_refresh_token function]
[pid=7436] - [2026-08-13 18:45:32,336] - [core.controllers.auth_controller] - [INFO] - [User login successful: owner@whitfield.com (OWNER)]
[pid=7436] - [2026-08-13 18:45:32,345] - [commons.auth] - [INFO] - [Executing hash_password function]
[pid=7436] - [2026-08-13 18:45:32,788] - [core.apis.routes.auth_router] - [INFO] - [Calling POST /auth/login endpoint]
[pid=7436] - [2026-08-13 18:45:32,788] - [core.controllers.auth_controller] - [INFO] - [Executing AuthController.login]
[pid=7436] - [2026-08-13 18:45:32,788] - [core.cruds.user_crud] - [INFO] - [Executing CRUDUser.get_by_email for: owner@whitfield.com]
[pid=7436] - [2026-08-13 18:45:32,788] - [commons.auth] - [INFO] - [Executing verify_password function]
[pid=7436] - [2026-08-13 18:45:33,109] - [core.controllers.auth_controller] - [WARNING] - [Login failed: invalid password for user (owner@whitfield.com)]
[pid=7436] - [2026-08-13 18:45:33,110] - [core.apis.routes.auth_router] - [ERROR] - [Error in POST /auth/login endpoint: 401: Invalid email or password]
[pid=7436] - [2026-08-13 18:45:33,140] - [commons.auth] - [INFO] - [Executing get_current_user dependency]
[pid=7436] - [2026-08-13 18:45:33,140] - [commons.auth] - [INFO] - [Executing require_roles dependency check]
[pid=7436] - [2026-08-13 18:45:33,146] - [core.apis.routes.user_router] - [INFO] - [Calling POST /users/staff endpoint]
[pid=7436] - [2026-08-13 18:45:33,146] - [core.services.wms_service] - [INFO] - [Executing AuditService.__init__]
[pid=7436] - [2026-08-13 18:45:33,146] - [core.controllers.user_controller] - [INFO] - [Executing UserController.create_staff]
[pid=7436] - [2026-08-13 18:45:33,146] - [commons.auth] - [INFO] - [Executing hash_password function]
[pid=7436] - [2026-08-13 18:45:33,498] - [core.services.wms_service] - [INFO] - [Executing AuditService.log_mutation | Action: CREATE | Collection: users]
[pid=7436] - [2026-08-13 18:45:33,498] - [core.controllers.user_controller] - [INFO] - [Staff user created successfully: staff.rookie@whitfield.com for WH: 607f1f77bcf86cd799439022]
[pid=7436] - [2026-08-13 18:45:33,504] - [commons.auth] - [INFO] - [Executing get_current_user dependency]
[pid=7436] - [2026-08-13 18:45:33,504] - [commons.auth] - [INFO] - [Executing require_roles dependency check]
[pid=7436] - [2026-08-13 18:45:33,504] - [commons.auth] - [WARNING] - [User staff.rookie@whitfield.com with role STAFF denied access. Required: ['OWNER']]
[pid=7436] - [2026-08-13 18:45:33,515] - [commons.auth] - [INFO] - [Executing get_current_user dependency]
[pid=7436] - [2026-08-13 18:45:33,515] - [commons.auth] - [INFO] - [Executing require_roles dependency check]
[pid=7436] - [2026-08-13 18:45:33,515] - [commons.auth] - [WARNING] - [User None with role STAFF denied access. Required: ['OWNER']]
[pid=7436] - [2026-08-13 18:45:33,517] - [commons.auth] - [INFO] - [Executing get_current_user dependency]
[pid=7436] - [2026-08-13 18:45:33,518] - [commons.auth] - [INFO] - [Executing require_roles dependency check]
[pid=7436] - [2026-08-13 18:45:33,518] - [commons.auth] - [WARNING] - [User None with role MANAGER denied access. Required: ['OWNER']]
[pid=7436] - [2026-08-13 18:45:33,554] - [core.utils.ticket_generator] - [INFO] - [Executing TicketGenerator.generate_ticket_id for WH: RNO]
[pid=7436] - [2026-08-13 18:45:33,554] - [core.utils.ticket_generator] - [INFO] - [Generated ticket ID: RNO-20260813-014]
[pid=7436] - [2026-08-13 18:45:33,568] - [commons.auth] - [INFO] - [Executing get_current_user dependency]
[pid=7436] - [2026-08-13 18:45:33,569] - [core.apis.routes.vision_router] - [INFO] - [Calling POST /vision/measure endpoint]
[pid=7436] - [2026-08-13 18:45:33,569] - [core.controllers.wms_controller] - [INFO] - [Executing VisionController.measure_package]
[pid=7436] - [2026-08-13 18:45:33,576] - [commons.auth] - [INFO] - [Executing get_current_user dependency]
[pid=7436] - [2026-08-13 18:45:33,577] - [core.apis.routes.query_router] - [INFO] - [Calling POST /query endpoint]
[pid=7436] - [2026-08-13 18:45:33,577] - [core.controllers.wms_controller] - [INFO] - [Executing NLQueryController.execute_query]
[pid=7436] - [2026-08-13 18:45:33,644] - [commons.auth] - [INFO] - [Executing get_current_user dependency]
[pid=7436] - [2026-08-13 18:45:33,644] - [core.apis.routes.query_router] - [INFO] - [Calling POST /query endpoint]
[pid=7436] - [2026-08-13 18:45:33,644] - [core.controllers.wms_controller] - [INFO] - [Executing NLQueryController.execute_query]
[pid=7436] - [2026-08-13 18:45:33,645] - [core.controllers.wms_controller] - [WARNING] - [NL query rejected outside allow-list: Query does not match any allow-listed template]
[pid=7436] - [2026-08-13 18:45:33,645] - [core.apis.routes.query_router] - [ERROR] - [Error in POST /query endpoint: 400: Query does not match any allow-listed template]
[pid=7436] - [2026-08-13 18:45:33,654] - [commons.auth] - [INFO] - [Executing get_current_user dependency]
[pid=7436] - [2026-08-13 18:45:33,655] - [commons.auth] - [WARNING] - [Missing authentication token in request]
[pid=7436] - [2026-08-13 18:45:33,736] - [core.services.integration_service] - [INFO] - [Executing ExportService.generate_csv]
[pid=7436] - [2026-08-13 18:45:33,737] - [core.services.integration_service] - [INFO] - [Executing ExportService.generate_csv]
[pid=7436] - [2026-08-13 18:45:33,738] - [core.services.integration_service] - [INFO] - [Executing ExportService.generate_xlsx]
[pid=7436] - [2026-08-13 18:45:33,755] - [core.services.integration_service] - [INFO] - [Executing ExportService.generate_xlsx]
[pid=7436] - [2026-08-13 18:45:33,775] - [core.services.integration_service] - [INFO] - [LocalStorageService initialized | Upload Dir: C:\Users\aayus\WMS\uploads]
[pid=7436] - [2026-08-13 18:45:33,775] - [core.services.integration_service] - [INFO] - [Executing LocalStorageService.save_image]
[pid=7436] - [2026-08-13 18:45:33,776] - [core.services.integration_service] - [WARNING] - [Image upload rejected: invalid extension .pdf]
[pid=7436] - [2026-08-13 18:45:33,778] - [core.services.integration_service] - [INFO] - [Executing LocalStorageService.save_image]
[pid=7436] - [2026-08-13 18:45:33,782] - [core.services.integration_service] - [INFO] - [Image saved successfully: /uploads/f7cdbaf5fd5e416a856663091030e1f3.png]
[pid=7436] - [2026-08-13 18:45:33,783] - [core.services.integration_service] - [INFO] - [LocalStorageService initialized | Upload Dir: C:\Users\aayus\WMS\uploads]
[pid=7436] - [2026-08-13 18:45:33,787] - [core.services.ai_service] - [INFO] - [Executing VisionService.measure_package]
[pid=7436] - [2026-08-13 18:45:33,788] - [core.services.ai_service] - [WARNING] - [Vision measurement failed: invalid image payload]
[pid=7436] - [2026-08-13 18:45:33,795] - [core.services.ai_service] - [INFO] - [Executing NLQueryService.execute_query: 'How many items available?']
[pid=7436] - [2026-08-13 18:45:33,795] - [core.services.ai_service] - [INFO] - [NL Query executed using template 'STOCK_AVAILABLE'. Returned 1 rows.]
[pid=7436] - [2026-08-13 18:45:33,796] - [core.services.ai_service] - [INFO] - [Executing NLQueryService.execute_query: 'Show broken stock']
[pid=7436] - [2026-08-13 18:45:33,796] - [core.services.ai_service] - [INFO] - [NL Query executed using template 'STOCK_DAMAGED'. Returned 1 rows.]
[pid=7436] - [2026-08-13 18:45:33,796] - [core.services.ai_service] - [INFO] - [Executing NLQueryService.execute_query: 'Show held stock']
[pid=7436] - [2026-08-13 18:45:33,796] - [core.services.ai_service] - [INFO] - [NL Query executed using template 'STOCK_RESERVED'. Returned 1 rows.]
[pid=7436] - [2026-08-13 18:45:33,802] - [core.services.wms_service] - [INFO] - [Executing IdempotencyService.lock_key for key: key1]
[pid=7436] - [2026-08-13 18:45:33,803] - [core.services.wms_service] - [INFO] - [Idempotency key locked successfully: key1]
[pid=7436] - [2026-08-13 18:45:33,803] - [core.services.wms_service] - [INFO] - [Executing IdempotencyService.lock_key for key: key1]
[pid=7436] - [2026-08-13 18:45:33,804] - [core.services.wms_service] - [WARNING] - [Idempotency conflict: key key1 already processed]
[pid=7436] - [2026-08-13 18:45:33,809] - [core.services.wms_service] - [INFO] - [Executing AuditService.__init__]
[pid=7436] - [2026-08-13 18:45:33,810] - [core.services.wms_service] - [INFO] - [Executing AuditService.log_mutation | Action: TEST | Collection: test]
[pid=7436] - [2026-08-13 18:45:33,815] - [core.services.ai_service] - [INFO] - [Executing VoiceService.transcribe_audio]
[pid=7436] - [2026-08-13 18:45:33,815] - [core.services.ai_service] - [INFO] - [Executing VoiceService.parse_transcript]
[pid=7436] - [2026-08-13 18:45:33,830] - [core.apis.routes.health_router] - [INFO] - [Calling GET /health endpoint]
[pid=7436] - [2026-08-13 18:45:33,831] - [core.controllers.wms_controller] - [INFO] - [Executing HealthController.get_health]
[pid=7436] - [2026-08-13 18:45:33,831] - [core.database.database] - [INFO] - [Executing ping function]
[pid=7436] - [2026-08-13 18:45:33,831] - [core.database.database] - [INFO] - [Executing MongoDatabase function]
[pid=7436] - [2026-08-13 18:45:33,831] - [core.database.database] - [INFO] - [Executing _MongoClientSingleton.__new__ | DB: wms]
[pid=7436] - [2026-08-13 18:45:33,846] - [core.database.database] - [INFO] - [MongoDB singleton initialized successfully | URI: mongodb://localhost:27017/?replicaSet=rs0&directConnection=true]
[pid=7436] - [2026-08-13 18:45:33,861] - [core.database.database] - [INFO] - [MongoDB ping successful]
[pid=22124] - [2026-08-13 18:45:51,279] - [core.config.settings] - [INFO] - [Executing get_settings function]
[pid=14656] - [2026-08-13 18:46:21,474] - [core.config.settings] - [INFO] - [Executing get_settings function]
[pid=14656] - [2026-08-13 18:46:22,525] - [commons.auth] - [INFO] - [Executing hash_password function]
[pid=14656] - [2026-08-13 18:46:22,842] - [core.apis.routes.auth_router] - [INFO] - [Calling POST /auth/login endpoint]
[pid=14656] - [2026-08-13 18:46:22,843] - [core.controllers.auth_controller] - [INFO] - [Executing AuthController.login]
[pid=14656] - [2026-08-13 18:46:22,843] - [core.cruds.user_crud] - [INFO] - [Executing CRUDUser.get_by_email for: owner@whitfield.com]
[pid=14656] - [2026-08-13 18:46:22,843] - [commons.auth] - [INFO] - [Executing verify_password function]
[pid=14656] - [2026-08-13 18:46:23,254] - [commons.auth] - [INFO] - [Executing create_access_token function]
[pid=14656] - [2026-08-13 18:46:23,256] - [commons.auth] - [INFO] - [Executing create_refresh_token function]
[pid=14656] - [2026-08-13 18:46:23,256] - [core.controllers.auth_controller] - [INFO] - [User login successful: owner@whitfield.com (OWNER)]
[pid=14656] - [2026-08-13 18:46:23,263] - [commons.auth] - [INFO] - [Executing hash_password function]
[pid=14656] - [2026-08-13 18:46:23,714] - [core.apis.routes.auth_router] - [INFO] - [Calling POST /auth/login endpoint]
[pid=14656] - [2026-08-13 18:46:23,715] - [core.controllers.auth_controller] - [INFO] - [Executing AuthController.login]
[pid=14656] - [2026-08-13 18:46:23,716] - [core.cruds.user_crud] - [INFO] - [Executing CRUDUser.get_by_email for: owner@whitfield.com]
[pid=14656] - [2026-08-13 18:46:23,716] - [commons.auth] - [INFO] - [Executing verify_password function]
[pid=14656] - [2026-08-13 18:46:24,014] - [core.controllers.auth_controller] - [WARNING] - [Login failed: invalid password for user (owner@whitfield.com)]
[pid=14656] - [2026-08-13 18:46:24,014] - [core.apis.routes.auth_router] - [ERROR] - [Error in POST /auth/login endpoint: 401: Invalid email or password]
[pid=14656] - [2026-08-13 18:46:24,021] - [commons.auth] - [INFO] - [Executing get_current_user dependency]
[pid=14656] - [2026-08-13 18:46:24,021] - [commons.auth] - [INFO] - [Executing require_roles dependency check]
[pid=14656] - [2026-08-13 18:46:24,022] - [core.apis.routes.facility_router] - [INFO] - [Calling POST /warehouses endpoint]
[pid=14656] - [2026-08-13 18:46:24,022] - [core.services.wms_service] - [INFO] - [Executing AuditService.__init__]
[pid=14656] - [2026-08-13 18:46:24,022] - [core.controllers.wms_controller] - [INFO] - [Executing WarehouseController.create_warehouse]
[pid=14656] - [2026-08-13 18:46:24,022] - [core.services.wms_service] - [INFO] - [Executing AuditService.log_mutation | Action: CREATE | Collection: warehouses]
[pid=14656] - [2026-08-13 18:46:24,022] - [core.controllers.wms_controller] - [INFO] - [Warehouse created successfully: RNO]
[pid=14656] - [2026-08-13 18:46:24,030] - [commons.auth] - [INFO] - [Executing get_current_user dependency]
[pid=14656] - [2026-08-13 18:46:24,030] - [commons.auth] - [INFO] - [Executing require_roles dependency check]
[pid=14656] - [2026-08-13 18:46:24,032] - [core.apis.routes.user_router] - [INFO] - [Calling POST /users/managers endpoint]
[pid=14656] - [2026-08-13 18:46:24,032] - [core.controllers.user_controller] - [INFO] - [Executing UserController.create_manager]
[pid=14656] - [2026-08-13 18:46:24,032] - [commons.auth] - [INFO] - [Executing hash_password function]
[pid=14656] - [2026-08-13 18:46:24,497] - [core.services.wms_service] - [INFO] - [Executing AuditService.log_mutation | Action: CREATE | Collection: users]
[pid=14656] - [2026-08-13 18:46:24,498] - [core.controllers.user_controller] - [INFO] - [Manager user created successfully: manager.rno@whitfield.com]
[pid=14656] - [2026-08-13 18:46:24,508] - [commons.auth] - [INFO] - [Executing get_current_user dependency]
[pid=14656] - [2026-08-13 18:46:24,509] - [commons.auth] - [INFO] - [Executing require_roles dependency check]
[pid=14656] - [2026-08-13 18:46:24,513] - [core.apis.routes.user_router] - [INFO] - [Calling POST /users/staff endpoint]
[pid=14656] - [2026-08-13 18:46:24,513] - [core.controllers.user_controller] - [INFO] - [Executing UserController.create_staff]
[pid=14656] - [2026-08-13 18:46:24,514] - [commons.auth] - [INFO] - [Executing hash_password function]
[pid=14656] - [2026-08-13 18:46:24,903] - [core.services.wms_service] - [INFO] - [Executing AuditService.log_mutation | Action: CREATE | Collection: users]
[pid=14656] - [2026-08-13 18:46:24,903] - [core.controllers.user_controller] - [INFO] - [Staff user created successfully: staff.rookie@whitfield.com for WH: 607f1f77bcf86cd799439022]
[pid=14656] - [2026-08-13 18:46:24,910] - [commons.auth] - [INFO] - [Executing get_current_user dependency]
[pid=14656] - [2026-08-13 18:46:24,910] - [commons.auth] - [INFO] - [Executing require_roles dependency check]
[pid=14656] - [2026-08-13 18:46:24,910] - [commons.auth] - [WARNING] - [User staff.rookie@whitfield.com with role STAFF denied access. Required: ['OWNER']]
[pid=14656] - [2026-08-13 18:46:24,916] - [commons.auth] - [INFO] - [Executing get_current_user dependency]
[pid=14656] - [2026-08-13 18:46:24,916] - [commons.auth] - [INFO] - [Executing require_roles dependency check]
[pid=14656] - [2026-08-13 18:46:24,916] - [core.apis.routes.audit_router] - [INFO] - [Calling GET /audit endpoint]
[pid=14656] - [2026-08-13 18:46:24,917] - [core.controllers.wms_controller] - [INFO] - [Executing AuditController.get_audit_logs]
[pid=14656] - [2026-08-13 18:46:24,922] - [commons.auth] - [INFO] - [Executing get_current_user dependency]
[pid=14656] - [2026-08-13 18:46:24,922] - [commons.auth] - [INFO] - [Executing require_roles dependency check]
[pid=14656] - [2026-08-13 18:46:24,923] - [commons.auth] - [WARNING] - [User None with role STAFF denied access. Required: ['OWNER']]
[pid=14656] - [2026-08-13 18:46:24,925] - [commons.auth] - [INFO] - [Executing get_current_user dependency]
[pid=14656] - [2026-08-13 18:46:24,925] - [commons.auth] - [INFO] - [Executing require_roles dependency check]
[pid=14656] - [2026-08-13 18:46:24,925] - [commons.auth] - [WARNING] - [User None with role MANAGER denied access. Required: ['OWNER']]
[pid=14656] - [2026-08-13 18:46:24,935] - [core.utils.ticket_generator] - [INFO] - [Executing TicketGenerator.generate_ticket_id for WH: RNO]
[pid=14656] - [2026-08-13 18:46:24,936] - [core.utils.ticket_generator] - [INFO] - [Generated ticket ID: RNO-20260813-014]
[pid=14656] - [2026-08-13 18:46:24,979] - [commons.auth] - [INFO] - [Executing get_current_user dependency]
[pid=14656] - [2026-08-13 18:46:24,980] - [core.apis.routes.vision_router] - [INFO] - [Calling POST /vision/measure endpoint]
[pid=14656] - [2026-08-13 18:46:24,980] - [core.controllers.wms_controller] - [INFO] - [Executing VisionController.measure_package]
[pid=14656] - [2026-08-13 18:46:25,040] - [commons.auth] - [INFO] - [Executing get_current_user dependency]
[pid=14656] - [2026-08-13 18:46:25,041] - [core.apis.routes.query_router] - [INFO] - [Calling POST /query endpoint]
[pid=14656] - [2026-08-13 18:46:25,041] - [core.controllers.wms_controller] - [INFO] - [Executing NLQueryController.execute_query]
[pid=14656] - [2026-08-13 18:46:25,048] - [commons.auth] - [INFO] - [Executing get_current_user dependency]
[pid=14656] - [2026-08-13 18:46:25,048] - [commons.auth] - [INFO] - [Executing require_roles dependency check]
[pid=14656] - [2026-08-13 18:46:25,049] - [core.apis.routes.api_key_router] - [INFO] - [Calling POST /api-keys endpoint]
[pid=14656] - [2026-08-13 18:46:25,049] - [core.controllers.wms_controller] - [INFO] - [Executing ApiKeyController.create_key]
[pid=14656] - [2026-08-13 18:46:25,050] - [core.controllers.wms_controller] - [INFO] - [API key created successfully! Name: Morning Check Script | Prefix: wms_live_38c]
[pid=14656] - [2026-08-13 18:46:25,051] - [commons.auth] - [INFO] - [Executing get_current_user dependency]
[pid=14656] - [2026-08-13 18:46:25,051] - [commons.auth] - [INFO] - [Executing require_roles dependency check]
[pid=14656] - [2026-08-13 18:46:25,051] - [core.apis.routes.api_key_router] - [INFO] - [Calling GET /api-keys endpoint]
[pid=14656] - [2026-08-13 18:46:25,051] - [core.controllers.wms_controller] - [INFO] - [Executing ApiKeyController.list_keys]
[pid=14656] - [2026-08-13 18:46:25,053] - [commons.auth] - [INFO] - [Executing get_current_user dependency]
[pid=14656] - [2026-08-13 18:46:25,053] - [commons.auth] - [INFO] - [Executing require_roles dependency check]
[pid=14656] - [2026-08-13 18:46:25,053] - [core.apis.routes.api_key_router] - [INFO] - [Calling DELETE /api-keys/key123 endpoint]
[pid=14656] - [2026-08-13 18:46:25,053] - [core.controllers.wms_controller] - [INFO] - [Executing ApiKeyController.revoke_key: key123]
[pid=14656] - [2026-08-13 18:46:25,053] - [core.controllers.wms_controller] - [INFO] - [API key revoked successfully: key123]
[pid=14656] - [2026-08-13 18:46:25,060] - [commons.auth] - [INFO] - [Executing get_current_user dependency]
[pid=14656] - [2026-08-13 18:46:25,060] - [core.apis.routes.query_router] - [INFO] - [Calling POST /query endpoint]
[pid=14656] - [2026-08-13 18:46:25,060] - [core.controllers.wms_controller] - [INFO] - [Executing NLQueryController.execute_query]
[pid=14656] - [2026-08-13 18:46:25,061] - [core.controllers.wms_controller] - [WARNING] - [NL query rejected outside allow-list: Query does not match any allow-listed template]
[pid=14656] - [2026-08-13 18:46:25,061] - [core.apis.routes.query_router] - [ERROR] - [Error in POST /query endpoint: 400: Query does not match any allow-listed template]
[pid=14656] - [2026-08-13 18:46:25,065] - [commons.auth] - [INFO] - [Executing get_current_user dependency]
[pid=14656] - [2026-08-13 18:46:25,065] - [commons.auth] - [WARNING] - [Missing authentication token in request]
[pid=14656] - [2026-08-13 18:46:25,088] - [commons.auth] - [INFO] - [Executing get_current_user dependency]
[pid=14656] - [2026-08-13 18:46:25,090] - [core.apis.routes.order_router] - [INFO] - [Calling POST /orders endpoint]
[pid=14656] - [2026-08-13 18:46:25,090] - [core.controllers.wms_controller] - [INFO] - [Executing OrderController.create_order]
[pid=14656] - [2026-08-13 18:46:25,091] - [core.services.wms_service] - [INFO] - [Executing AuditService.log_mutation | Action: CREATE | Collection: orders]
[pid=14656] - [2026-08-13 18:46:25,091] - [core.controllers.wms_controller] - [INFO] - [Customer order created successfully: ORD-1001]
[pid=14656] - [2026-08-13 18:46:25,115] - [core.services.integration_service] - [INFO] - [Executing ExportService.generate_csv]
[pid=14656] - [2026-08-13 18:46:25,115] - [core.services.integration_service] - [INFO] - [Executing ExportService.generate_csv]
[pid=14656] - [2026-08-13 18:46:25,116] - [core.services.integration_service] - [INFO] - [Executing ExportService.generate_xlsx]
[pid=14656] - [2026-08-13 18:46:25,126] - [core.services.integration_service] - [INFO] - [Executing ExportService.generate_xlsx]
[pid=14656] - [2026-08-13 18:46:25,150] - [core.services.integration_service] - [INFO] - [LocalStorageService initialized | Upload Dir: C:\Users\aayus\WMS\uploads]
[pid=14656] - [2026-08-13 18:46:25,151] - [core.services.integration_service] - [INFO] - [Executing LocalStorageService.save_image]
[pid=14656] - [2026-08-13 18:46:25,151] - [core.services.integration_service] - [WARNING] - [Image upload rejected: invalid extension .pdf]
[pid=14656] - [2026-08-13 18:46:25,154] - [core.services.integration_service] - [INFO] - [Executing LocalStorageService.save_image]
[pid=14656] - [2026-08-13 18:46:25,158] - [core.services.integration_service] - [INFO] - [Image saved successfully: /uploads/d6f03f886e0a496c8f6982e3c2f40f9e.png]
[pid=14656] - [2026-08-13 18:46:25,158] - [core.services.integration_service] - [INFO] - [LocalStorageService initialized | Upload Dir: C:\Users\aayus\WMS\uploads]
[pid=14656] - [2026-08-13 18:46:25,164] - [core.services.ai_service] - [INFO] - [Executing VisionService.measure_package]
[pid=14656] - [2026-08-13 18:46:25,165] - [core.services.ai_service] - [WARNING] - [Vision measurement failed: invalid image payload]
[pid=14656] - [2026-08-13 18:46:25,173] - [core.services.ai_service] - [INFO] - [Executing NLQueryService.execute_query: 'How many items available?']
[pid=14656] - [2026-08-13 18:46:25,174] - [core.services.ai_service] - [INFO] - [NL Query executed using template 'STOCK_AVAILABLE'. Returned 1 rows.]
[pid=14656] - [2026-08-13 18:46:25,174] - [core.services.ai_service] - [INFO] - [Executing NLQueryService.execute_query: 'Show broken stock']
[pid=14656] - [2026-08-13 18:46:25,174] - [core.services.ai_service] - [INFO] - [NL Query executed using template 'STOCK_DAMAGED'. Returned 1 rows.]
[pid=14656] - [2026-08-13 18:46:25,175] - [core.services.ai_service] - [INFO] - [Executing NLQueryService.execute_query: 'Show held stock']
[pid=14656] - [2026-08-13 18:46:25,175] - [core.services.ai_service] - [INFO] - [NL Query executed using template 'STOCK_RESERVED'. Returned 1 rows.]
[pid=14656] - [2026-08-13 18:46:25,193] - [core.services.wms_service] - [INFO] - [Executing IdempotencyService.lock_key for key: key1]
[pid=14656] - [2026-08-13 18:46:25,193] - [core.services.wms_service] - [INFO] - [Idempotency key locked successfully: key1]
[pid=14656] - [2026-08-13 18:46:25,194] - [core.services.wms_service] - [INFO] - [Executing IdempotencyService.lock_key for key: key1]
[pid=14656] - [2026-08-13 18:46:25,195] - [core.services.wms_service] - [WARNING] - [Idempotency conflict: key key1 already processed]
[pid=14656] - [2026-08-13 18:46:25,199] - [core.services.wms_service] - [INFO] - [Executing AuditService.__init__]
[pid=14656] - [2026-08-13 18:46:25,200] - [core.services.wms_service] - [INFO] - [Executing AuditService.log_mutation | Action: TEST | Collection: test]
[pid=14656] - [2026-08-13 18:46:25,204] - [core.services.ai_service] - [INFO] - [Executing VoiceService.transcribe_audio]
[pid=14656] - [2026-08-13 18:46:25,204] - [core.services.ai_service] - [INFO] - [Executing VoiceService.parse_transcript]
[pid=14656] - [2026-08-13 18:46:25,218] - [core.apis.routes.health_router] - [INFO] - [Calling GET /health endpoint]
[pid=14656] - [2026-08-13 18:46:25,219] - [core.controllers.wms_controller] - [INFO] - [Executing HealthController.get_health]
[pid=14656] - [2026-08-13 18:46:25,219] - [core.database.database] - [INFO] - [Executing ping function]
[pid=14656] - [2026-08-13 18:46:25,219] - [core.database.database] - [INFO] - [Executing MongoDatabase function]
[pid=14656] - [2026-08-13 18:46:25,219] - [core.database.database] - [INFO] - [Executing _MongoClientSingleton.__new__ | DB: wms]
[pid=14656] - [2026-08-13 18:46:25,228] - [core.database.database] - [INFO] - [MongoDB singleton initialized successfully | URI: mongodb://localhost:27017/?replicaSet=rs0&directConnection=true]
[pid=14656] - [2026-08-13 18:46:25,275] - [core.database.database] - [INFO] - [MongoDB ping successful]
[pid=17792] - [2026-08-13 18:46:39,261] - [core.config.settings] - [INFO] - [Executing get_settings function]
[pid=17792] - [2026-08-13 18:46:40,209] - [commons.auth] - [INFO] - [Executing hash_password function]
[pid=17792] - [2026-08-13 18:46:40,589] - [core.apis.routes.auth_router] - [INFO] - [Calling POST /auth/login endpoint]
[pid=17792] - [2026-08-13 18:46:40,589] - [core.controllers.auth_controller] - [INFO] - [Executing AuthController.login]
[pid=17792] - [2026-08-13 18:46:40,589] - [core.cruds.user_crud] - [INFO] - [Executing CRUDUser.get_by_email for: owner@whitfield.com]
[pid=17792] - [2026-08-13 18:46:40,590] - [commons.auth] - [INFO] - [Executing verify_password function]
[pid=17792] - [2026-08-13 18:46:41,034] - [commons.auth] - [INFO] - [Executing create_access_token function]
[pid=17792] - [2026-08-13 18:46:41,038] - [commons.auth] - [INFO] - [Executing create_refresh_token function]
[pid=17792] - [2026-08-13 18:46:41,038] - [core.controllers.auth_controller] - [INFO] - [User login successful: owner@whitfield.com (OWNER)]
[pid=17792] - [2026-08-13 18:46:41,043] - [commons.auth] - [INFO] - [Executing hash_password function]
[pid=17792] - [2026-08-13 18:46:41,479] - [core.apis.routes.auth_router] - [INFO] - [Calling POST /auth/login endpoint]
[pid=17792] - [2026-08-13 18:46:41,479] - [core.controllers.auth_controller] - [INFO] - [Executing AuthController.login]
[pid=17792] - [2026-08-13 18:46:41,479] - [core.cruds.user_crud] - [INFO] - [Executing CRUDUser.get_by_email for: owner@whitfield.com]
[pid=17792] - [2026-08-13 18:46:41,480] - [commons.auth] - [INFO] - [Executing verify_password function]
[pid=17792] - [2026-08-13 18:46:41,895] - [core.controllers.auth_controller] - [WARNING] - [Login failed: invalid password for user (owner@whitfield.com)]
[pid=17792] - [2026-08-13 18:46:41,895] - [core.apis.routes.auth_router] - [ERROR] - [Error in POST /auth/login endpoint: 401: Invalid email or password]
[pid=17792] - [2026-08-13 18:46:41,907] - [commons.auth] - [INFO] - [Executing get_current_user dependency]
[pid=17792] - [2026-08-13 18:46:41,908] - [commons.auth] - [INFO] - [Executing require_roles dependency check]
[pid=17792] - [2026-08-13 18:46:41,910] - [core.apis.routes.facility_router] - [INFO] - [Calling POST /warehouses endpoint]
[pid=17792] - [2026-08-13 18:46:41,910] - [core.services.wms_service] - [INFO] - [Executing AuditService.__init__]
[pid=17792] - [2026-08-13 18:46:41,910] - [core.controllers.wms_controller] - [INFO] - [Executing WarehouseController.create_warehouse]
[pid=17792] - [2026-08-13 18:46:41,910] - [core.services.wms_service] - [INFO] - [Executing AuditService.log_mutation | Action: CREATE | Collection: warehouses]
[pid=17792] - [2026-08-13 18:46:41,911] - [core.controllers.wms_controller] - [INFO] - [Warehouse created successfully: RNO]
[pid=17792] - [2026-08-13 18:46:41,927] - [commons.auth] - [INFO] - [Executing get_current_user dependency]
[pid=17792] - [2026-08-13 18:46:41,927] - [commons.auth] - [INFO] - [Executing require_roles dependency check]
[pid=17792] - [2026-08-13 18:46:41,932] - [core.apis.routes.user_router] - [INFO] - [Calling POST /users/managers endpoint]
[pid=17792] - [2026-08-13 18:46:41,932] - [core.controllers.user_controller] - [INFO] - [Executing UserController.create_manager]
[pid=17792] - [2026-08-13 18:46:41,932] - [commons.auth] - [INFO] - [Executing hash_password function]
[pid=17792] - [2026-08-13 18:46:42,355] - [core.services.wms_service] - [INFO] - [Executing AuditService.log_mutation | Action: CREATE | Collection: users]
[pid=17792] - [2026-08-13 18:46:42,355] - [core.controllers.user_controller] - [INFO] - [Manager user created successfully: manager.rno@whitfield.com]
[pid=17792] - [2026-08-13 18:46:42,367] - [commons.auth] - [INFO] - [Executing get_current_user dependency]
[pid=17792] - [2026-08-13 18:46:42,367] - [commons.auth] - [INFO] - [Executing require_roles dependency check]
[pid=17792] - [2026-08-13 18:46:42,372] - [core.apis.routes.user_router] - [INFO] - [Calling POST /users/staff endpoint]
[pid=17792] - [2026-08-13 18:46:42,372] - [core.controllers.user_controller] - [INFO] - [Executing UserController.create_staff]
[pid=17792] - [2026-08-13 18:46:42,372] - [commons.auth] - [INFO] - [Executing hash_password function]
[pid=17792] - [2026-08-13 18:46:42,822] - [core.services.wms_service] - [INFO] - [Executing AuditService.log_mutation | Action: CREATE | Collection: users]
[pid=17792] - [2026-08-13 18:46:42,822] - [core.controllers.user_controller] - [INFO] - [Staff user created successfully: staff.rookie@whitfield.com for WH: 607f1f77bcf86cd799439022]
[pid=17792] - [2026-08-13 18:46:42,835] - [commons.auth] - [INFO] - [Executing get_current_user dependency]
[pid=17792] - [2026-08-13 18:46:42,835] - [commons.auth] - [INFO] - [Executing require_roles dependency check]
[pid=17792] - [2026-08-13 18:46:42,836] - [commons.auth] - [WARNING] - [User staff.rookie@whitfield.com with role STAFF denied access. Required: ['OWNER']]
[pid=17792] - [2026-08-13 18:46:42,846] - [commons.auth] - [INFO] - [Executing get_current_user dependency]
[pid=17792] - [2026-08-13 18:46:42,847] - [commons.auth] - [INFO] - [Executing require_roles dependency check]
[pid=17792] - [2026-08-13 18:46:42,847] - [core.apis.routes.audit_router] - [INFO] - [Calling GET /audit endpoint]
[pid=17792] - [2026-08-13 18:46:42,848] - [core.controllers.wms_controller] - [INFO] - [Executing AuditController.get_audit_logs]
[pid=17792] - [2026-08-13 18:46:42,857] - [commons.auth] - [INFO] - [Executing get_current_user dependency]
[pid=17792] - [2026-08-13 18:46:42,858] - [commons.auth] - [INFO] - [Executing require_roles dependency check]
[pid=17792] - [2026-08-13 18:46:42,858] - [commons.auth] - [WARNING] - [User None with role STAFF denied access. Required: ['OWNER']]
[pid=17792] - [2026-08-13 18:46:42,861] - [commons.auth] - [INFO] - [Executing get_current_user dependency]
[pid=17792] - [2026-08-13 18:46:42,861] - [commons.auth] - [INFO] - [Executing require_roles dependency check]
[pid=17792] - [2026-08-13 18:46:42,861] - [commons.auth] - [WARNING] - [User None with role MANAGER denied access. Required: ['OWNER']]
[pid=10880] - [2026-08-13 18:47:00,258] - [core.config.settings] - [INFO] - [Executing get_settings function]
[pid=2680] - [2026-08-13 18:47:27,565] - [core.config.settings] - [INFO] - [Executing get_settings function]
[pid=2680] - [2026-08-13 18:47:28,578] - [commons.auth] - [INFO] - [Executing hash_password function]
[pid=2680] - [2026-08-13 18:47:28,935] - [core.apis.routes.auth_router] - [INFO] - [Calling POST /auth/login endpoint]
[pid=2680] - [2026-08-13 18:47:28,935] - [core.controllers.auth_controller] - [INFO] - [Executing AuthController.login]
[pid=2680] - [2026-08-13 18:47:28,935] - [core.cruds.user_crud] - [INFO] - [Executing CRUDUser.get_by_email for: owner@whitfield.com]
[pid=2680] - [2026-08-13 18:47:28,936] - [commons.auth] - [INFO] - [Executing verify_password function]
[pid=2680] - [2026-08-13 18:47:29,345] - [commons.auth] - [INFO] - [Executing create_access_token function]
[pid=2680] - [2026-08-13 18:47:29,346] - [commons.auth] - [INFO] - [Executing create_refresh_token function]
[pid=2680] - [2026-08-13 18:47:29,347] - [core.controllers.auth_controller] - [INFO] - [User login successful: owner@whitfield.com (OWNER)]
[pid=2680] - [2026-08-13 18:47:29,353] - [commons.auth] - [INFO] - [Executing hash_password function]
[pid=2680] - [2026-08-13 18:47:29,671] - [core.apis.routes.auth_router] - [INFO] - [Calling POST /auth/login endpoint]
[pid=2680] - [2026-08-13 18:47:29,671] - [core.controllers.auth_controller] - [INFO] - [Executing AuthController.login]
[pid=2680] - [2026-08-13 18:47:29,671] - [core.cruds.user_crud] - [INFO] - [Executing CRUDUser.get_by_email for: owner@whitfield.com]
[pid=2680] - [2026-08-13 18:47:29,671] - [commons.auth] - [INFO] - [Executing verify_password function]
[pid=2680] - [2026-08-13 18:47:30,042] - [core.controllers.auth_controller] - [WARNING] - [Login failed: invalid password for user (owner@whitfield.com)]
[pid=2680] - [2026-08-13 18:47:30,043] - [core.apis.routes.auth_router] - [ERROR] - [Error in POST /auth/login endpoint: 401: Invalid email or password]
[pid=2680] - [2026-08-13 18:47:30,055] - [commons.auth] - [INFO] - [Executing get_current_user dependency]
[pid=2680] - [2026-08-13 18:47:30,056] - [commons.auth] - [INFO] - [Executing require_roles dependency check]
[pid=2680] - [2026-08-13 18:47:30,057] - [core.apis.routes.facility_router] - [INFO] - [Calling POST /warehouses endpoint]
[pid=2680] - [2026-08-13 18:47:30,057] - [core.services.wms_service] - [INFO] - [Executing AuditService.__init__]
[pid=2680] - [2026-08-13 18:47:30,057] - [core.controllers.wms_controller] - [INFO] - [Executing WarehouseController.create_warehouse]
[pid=2680] - [2026-08-13 18:47:30,058] - [core.services.wms_service] - [INFO] - [Executing AuditService.log_mutation | Action: CREATE | Collection: warehouses]
[pid=2680] - [2026-08-13 18:47:30,058] - [core.controllers.wms_controller] - [INFO] - [Warehouse created successfully: RNO]
[pid=2680] - [2026-08-13 18:47:30,065] - [commons.auth] - [INFO] - [Executing get_current_user dependency]
[pid=2680] - [2026-08-13 18:47:30,065] - [commons.auth] - [INFO] - [Executing require_roles dependency check]
[pid=2680] - [2026-08-13 18:47:30,068] - [core.apis.routes.user_router] - [INFO] - [Calling POST /users/managers endpoint]
[pid=2680] - [2026-08-13 18:47:30,068] - [core.controllers.user_controller] - [INFO] - [Executing UserController.create_manager]
[pid=2680] - [2026-08-13 18:47:30,068] - [commons.auth] - [INFO] - [Executing hash_password function]
[pid=2680] - [2026-08-13 18:47:30,376] - [core.services.wms_service] - [INFO] - [Executing AuditService.log_mutation | Action: CREATE | Collection: users]
[pid=2680] - [2026-08-13 18:47:30,376] - [core.controllers.user_controller] - [INFO] - [Manager user created successfully: manager.rno@whitfield.com]
[pid=2680] - [2026-08-13 18:47:30,383] - [commons.auth] - [INFO] - [Executing get_current_user dependency]
[pid=2680] - [2026-08-13 18:47:30,383] - [commons.auth] - [INFO] - [Executing require_roles dependency check]
[pid=2680] - [2026-08-13 18:47:30,388] - [core.apis.routes.user_router] - [INFO] - [Calling POST /users/staff endpoint]
[pid=2680] - [2026-08-13 18:47:30,388] - [core.controllers.user_controller] - [INFO] - [Executing UserController.create_staff]
[pid=2680] - [2026-08-13 18:47:30,389] - [commons.auth] - [INFO] - [Executing hash_password function]
[pid=2680] - [2026-08-13 18:47:30,752] - [core.services.wms_service] - [INFO] - [Executing AuditService.log_mutation | Action: CREATE | Collection: users]
[pid=2680] - [2026-08-13 18:47:30,753] - [core.controllers.user_controller] - [INFO] - [Staff user created successfully: staff.rookie@whitfield.com for WH: 607f1f77bcf86cd799439022]
[pid=2680] - [2026-08-13 18:47:30,762] - [commons.auth] - [INFO] - [Executing get_current_user dependency]
[pid=2680] - [2026-08-13 18:47:30,763] - [commons.auth] - [INFO] - [Executing require_roles dependency check]
[pid=2680] - [2026-08-13 18:47:30,763] - [commons.auth] - [WARNING] - [User staff.rookie@whitfield.com with role STAFF denied access. Required: ['OWNER']]
[pid=2680] - [2026-08-13 18:47:30,768] - [commons.auth] - [INFO] - [Executing get_current_user dependency]
[pid=2680] - [2026-08-13 18:47:30,768] - [commons.auth] - [INFO] - [Executing require_roles dependency check]
[pid=2680] - [2026-08-13 18:47:30,769] - [core.apis.routes.audit_router] - [INFO] - [Calling GET /audit endpoint]
[pid=2680] - [2026-08-13 18:47:30,769] - [core.controllers.wms_controller] - [INFO] - [Executing AuditController.get_audit_logs]
[pid=2680] - [2026-08-13 18:47:30,774] - [commons.auth] - [INFO] - [Executing get_current_user dependency]
[pid=2680] - [2026-08-13 18:47:30,775] - [commons.auth] - [INFO] - [Executing require_roles dependency check]
[pid=2680] - [2026-08-13 18:47:30,775] - [commons.auth] - [WARNING] - [User None with role STAFF denied access. Required: ['OWNER']]
[pid=2680] - [2026-08-13 18:47:30,777] - [commons.auth] - [INFO] - [Executing get_current_user dependency]
[pid=2680] - [2026-08-13 18:47:30,777] - [commons.auth] - [INFO] - [Executing require_roles dependency check]
[pid=2680] - [2026-08-13 18:47:30,777] - [commons.auth] - [WARNING] - [User None with role MANAGER denied access. Required: ['OWNER']]
[pid=2680] - [2026-08-13 18:47:30,831] - [commons.auth] - [INFO] - [Executing get_current_user dependency]
[pid=2680] - [2026-08-13 18:47:30,832] - [commons.auth] - [INFO] - [Executing require_roles dependency check]
[pid=2680] - [2026-08-13 18:47:30,832] - [core.apis.routes.facility_router] - [INFO] - [Calling POST /warehouses endpoint]
[pid=2680] - [2026-08-13 18:47:30,832] - [core.controllers.wms_controller] - [INFO] - [Executing WarehouseController.create_warehouse]
[pid=2680] - [2026-08-13 18:47:30,832] - [core.controllers.wms_controller] - [INFO] - [Warehouse created successfully: RNO]
[pid=2680] - [2026-08-13 18:47:30,838] - [core.utils.ticket_generator] - [INFO] - [Executing TicketGenerator.generate_ticket_id for WH: RNO]
[pid=2680] - [2026-08-13 18:47:30,839] - [core.utils.ticket_generator] - [INFO] - [Generated ticket ID: RNO-20260813-014]
[pid=2680] - [2026-08-13 18:47:30,847] - [commons.auth] - [INFO] - [Executing get_current_user dependency]
[pid=2680] - [2026-08-13 18:47:30,848] - [core.apis.routes.voice_router] - [INFO] - [Calling POST /voice/transcribe endpoint]
[pid=2680] - [2026-08-13 18:47:30,848] - [core.controllers.wms_controller] - [INFO] - [Executing VoiceController.transcribe]
[pid=2680] - [2026-08-13 18:47:30,848] - [core.services.ai_service] - [INFO] - [Executing VoiceService.transcribe_audio]
[pid=2680] - [2026-08-13 18:47:30,850] - [commons.auth] - [INFO] - [Executing get_current_user dependency]
[pid=2680] - [2026-08-13 18:47:30,851] - [core.apis.routes.voice_router] - [INFO] - [Calling POST /voice/parse endpoint]
[pid=2680] - [2026-08-13 18:47:30,852] - [core.controllers.wms_controller] - [INFO] - [Executing VoiceController.parse_transcript for ticket: RNO-20260813-001]
[pid=2680] - [2026-08-13 18:47:30,852] - [core.services.ai_service] - [INFO] - [Executing VoiceService.parse_transcript]
[pid=2680] - [2026-08-13 18:47:30,852] - [core.controllers.wms_controller] - [INFO] - [Voice draft saved successfully! Draft ID: draft123]
[pid=2680] - [2026-08-13 18:47:30,855] - [commons.auth] - [INFO] - [Executing get_current_user dependency]
[pid=2680] - [2026-08-13 18:47:30,855] - [core.apis.routes.voice_router] - [INFO] - [Calling POST /voice/drafts/draft123/confirm endpoint]
[pid=2680] - [2026-08-13 18:47:30,855] - [core.controllers.wms_controller] - [INFO] - [Executing VoiceController.confirm_draft for draft: draft123]
[pid=2680] - [2026-08-13 18:47:30,856] - [core.controllers.wms_controller] - [INFO] - [Voice draft confirmed and logged through Phase 2 pipeline! Draft ID: draft123]
[pid=2680] - [2026-08-13 18:47:30,862] - [commons.auth] - [INFO] - [Executing get_current_user dependency]
[pid=2680] - [2026-08-13 18:47:30,862] - [core.apis.routes.vision_router] - [INFO] - [Calling POST /vision/measure endpoint]
[pid=2680] - [2026-08-13 18:47:30,862] - [core.controllers.wms_controller] - [INFO] - [Executing VisionController.measure_package]
[pid=2680] - [2026-08-13 18:47:30,868] - [commons.auth] - [INFO] - [Executing get_current_user dependency]
[pid=2680] - [2026-08-13 18:47:30,868] - [core.apis.routes.query_router] - [INFO] - [Calling POST /query endpoint]
[pid=2680] - [2026-08-13 18:47:30,869] - [core.controllers.wms_controller] - [INFO] - [Executing NLQueryController.execute_query]
[pid=2680] - [2026-08-13 18:47:30,893] - [commons.auth] - [INFO] - [Executing get_current_user dependency]
[pid=2680] - [2026-08-13 18:47:30,894] - [commons.auth] - [INFO] - [Executing require_roles dependency check]
[pid=2680] - [2026-08-13 18:47:30,895] - [core.apis.routes.api_key_router] - [INFO] - [Calling POST /api-keys endpoint]
[pid=2680] - [2026-08-13 18:47:30,895] - [core.controllers.wms_controller] - [INFO] - [Executing ApiKeyController.create_key]
[pid=2680] - [2026-08-13 18:47:30,895] - [core.controllers.wms_controller] - [INFO] - [API key created successfully! Name: Morning Check Script | Prefix: wms_live_3ac]
[pid=2680] - [2026-08-13 18:47:30,896] - [commons.auth] - [INFO] - [Executing get_current_user dependency]
[pid=2680] - [2026-08-13 18:47:30,897] - [commons.auth] - [INFO] - [Executing require_roles dependency check]
[pid=2680] - [2026-08-13 18:47:30,897] - [core.apis.routes.api_key_router] - [INFO] - [Calling GET /api-keys endpoint]
[pid=2680] - [2026-08-13 18:47:30,897] - [core.controllers.wms_controller] - [INFO] - [Executing ApiKeyController.list_keys]
[pid=2680] - [2026-08-13 18:47:30,898] - [commons.auth] - [INFO] - [Executing get_current_user dependency]
[pid=2680] - [2026-08-13 18:47:30,898] - [commons.auth] - [INFO] - [Executing require_roles dependency check]
[pid=2680] - [2026-08-13 18:47:30,898] - [core.apis.routes.api_key_router] - [INFO] - [Calling DELETE /api-keys/key123 endpoint]
[pid=2680] - [2026-08-13 18:47:30,898] - [core.controllers.wms_controller] - [INFO] - [Executing ApiKeyController.revoke_key: key123]
[pid=2680] - [2026-08-13 18:47:30,898] - [core.controllers.wms_controller] - [INFO] - [API key revoked successfully: key123]
[pid=2680] - [2026-08-13 18:47:30,905] - [commons.auth] - [INFO] - [Executing get_current_user dependency]
[pid=2680] - [2026-08-13 18:47:30,905] - [core.apis.routes.query_router] - [INFO] - [Calling POST /query endpoint]
[pid=2680] - [2026-08-13 18:47:30,905] - [core.controllers.wms_controller] - [INFO] - [Executing NLQueryController.execute_query]
[pid=2680] - [2026-08-13 18:47:30,905] - [core.controllers.wms_controller] - [WARNING] - [NL query rejected outside allow-list: Query does not match any allow-listed template]
[pid=2680] - [2026-08-13 18:47:30,905] - [core.apis.routes.query_router] - [ERROR] - [Error in POST /query endpoint: 400: Query does not match any allow-listed template]
[pid=2680] - [2026-08-13 18:47:30,909] - [commons.auth] - [INFO] - [Executing get_current_user dependency]
[pid=2680] - [2026-08-13 18:47:30,909] - [commons.auth] - [WARNING] - [Missing authentication token in request]
[pid=2680] - [2026-08-13 18:47:30,919] - [commons.auth] - [INFO] - [Executing get_current_user dependency]
[pid=2680] - [2026-08-13 18:47:30,921] - [core.apis.routes.arrival_router] - [INFO] - [Calling POST /arrivals endpoint]
[pid=2680] - [2026-08-13 18:47:30,922] - [core.controllers.wms_controller] - [INFO] - [Executing ArrivalController.process_arrival]
[pid=2680] - [2026-08-13 18:47:30,922] - [core.services.wms_service] - [INFO] - [Executing AuditService.log_mutation | Action: ARRIVE | Collection: tickets]
[pid=2680] - [2026-08-13 18:47:30,922] - [core.controllers.wms_controller] - [INFO] - [Arrival processed successfully! Generated Ticket ID: RNO-20260813-001]
[pid=2680] - [2026-08-13 18:47:30,926] - [commons.auth] - [INFO] - [Executing get_current_user dependency]
[pid=2680] - [2026-08-13 18:47:30,929] - [core.apis.routes.ticket_router] - [INFO] - [Calling POST /tickets/RNO-20260813-001/items endpoint]
[pid=2680] - [2026-08-13 18:47:30,930] - [core.controllers.wms_controller] - [INFO] - [Executing TicketController.log_item_scan for ticket: RNO-20260813-001]
[pid=2680] - [2026-08-13 18:47:30,930] - [core.services.wms_service] - [INFO] - [Executing AuditService.log_mutation | Action: SCAN_ITEM | Collection: items]
[pid=2680] - [2026-08-13 18:47:30,930] - [core.controllers.wms_controller] - [INFO] - [Item scanned and logged successfully! Unit Seq: 1 under Ticket: RNO-20260813-001]
[pid=2680] - [2026-08-13 18:47:30,933] - [commons.auth] - [INFO] - [Executing get_current_user dependency]
[pid=2680] - [2026-08-13 18:47:30,933] - [core.apis.routes.ticket_router] - [INFO] - [Calling PUT /tickets/ticket123/submit-inspection endpoint]
[pid=2680] - [2026-08-13 18:47:30,933] - [core.controllers.wms_controller] - [INFO] - [Executing TicketController.submit_inspection for: ticket123]
[pid=2680] - [2026-08-13 18:47:30,933] - [core.services.wms_service] - [INFO] - [Executing AuditService.log_mutation | Action: SUBMIT_INSPECTION | Collection: tickets]
[pid=2680] - [2026-08-13 18:47:30,933] - [core.controllers.wms_controller] - [INFO] - [Ticket submitted for inspection approval: RNO-20260813-001]
[pid=2680] - [2026-08-13 18:47:30,936] - [commons.auth] - [INFO] - [Executing get_current_user dependency]
[pid=2680] - [2026-08-13 18:47:30,936] - [commons.auth] - [INFO] - [Executing require_roles dependency check]
[pid=2680] - [2026-08-13 18:47:30,937] - [core.apis.routes.approval_router] - [INFO] - [Calling POST /tickets/ticket123/approve endpoint]
[pid=2680] - [2026-08-13 18:47:30,937] - [core.controllers.wms_controller] - [INFO] - [Executing TicketController.approve_ticket for: ticket123]
[pid=2680] - [2026-08-13 18:47:30,937] - [core.services.wms_service] - [INFO] - [Executing AuditService.log_mutation | Action: APPROVE | Collection: tickets]
[pid=2680] - [2026-08-13 18:47:30,937] - [core.controllers.wms_controller] - [INFO] - [Ticket APPROVED: ticket123]
[pid=2680] - [2026-08-13 18:47:30,941] - [commons.auth] - [INFO] - [Executing get_current_user dependency]
[pid=2680] - [2026-08-13 18:47:30,942] - [core.apis.routes.ticket_router] - [INFO] - [Calling POST /tickets/ticket123/store endpoint]
[pid=2680] - [2026-08-13 18:47:30,942] - [core.controllers.wms_controller] - [INFO] - [Executing TicketController.store_ticket for: ticket123]
[pid=2680] - [2026-08-13 18:47:30,943] - [core.services.wms_service] - [INFO] - [Executing AuditService.log_mutation | Action: STORE | Collection: tickets]
[pid=2680] - [2026-08-13 18:47:30,943] - [core.controllers.wms_controller] - [INFO] - [Ticket STORED at location: A-04-12]
[pid=2680] - [2026-08-13 18:47:30,953] - [commons.auth] - [INFO] - [Executing get_current_user dependency]
[pid=2680] - [2026-08-13 18:47:30,953] - [core.apis.routes.arrival_router] - [INFO] - [Calling POST /arrivals endpoint]
[pid=2680] - [2026-08-13 18:47:30,953] - [core.controllers.wms_controller] - [INFO] - [Executing ArrivalController.process_arrival]
[pid=2680] - [2026-08-13 18:47:30,954] - [core.services.wms_service] - [INFO] - [Executing AuditService.log_mutation | Action: ARRIVE | Collection: tickets]
[pid=2680] - [2026-08-13 18:47:30,954] - [core.controllers.wms_controller] - [INFO] - [Arrival processed successfully! Generated Ticket ID: LAX-20260813-001]
[pid=2680] - [2026-08-13 18:47:30,963] - [commons.auth] - [INFO] - [Executing get_current_user dependency]
[pid=2680] - [2026-08-13 18:47:30,964] - [core.apis.routes.ticket_router] - [INFO] - [Calling POST /tickets/RNO-20260813-001/items endpoint]
[pid=2680] - [2026-08-13 18:47:30,964] - [core.controllers.wms_controller] - [INFO] - [Executing TicketController.log_item_scan for ticket: RNO-20260813-001]
[pid=2680] - [2026-08-13 18:47:30,964] - [core.apis.routes.ticket_router] - [ERROR] - [Error in POST /tickets/RNO-20260813-001/items endpoint: 409: Duplicate submission]
[pid=2680] - [2026-08-13 18:47:30,973] - [commons.auth] - [INFO] - [Executing get_current_user dependency]
[pid=2680] - [2026-08-13 18:47:30,975] - [core.apis.routes.order_router] - [INFO] - [Calling POST /orders endpoint]
[pid=2680] - [2026-08-13 18:47:30,975] - [core.controllers.wms_controller] - [INFO] - [Executing OrderController.create_order]
[pid=2680] - [2026-08-13 18:47:30,976] - [core.services.wms_service] - [INFO] - [Executing AuditService.log_mutation | Action: CREATE | Collection: orders]
[pid=2680] - [2026-08-13 18:47:30,976] - [core.controllers.wms_controller] - [INFO] - [Customer order created successfully: ORD-1001]
[pid=2680] - [2026-08-13 18:47:30,983] - [commons.auth] - [INFO] - [Executing get_current_user dependency]
[pid=2680] - [2026-08-13 18:47:30,984] - [core.apis.routes.order_router] - [INFO] - [Calling POST /orders/ORD-1001/reserve endpoint]
[pid=2680] - [2026-08-13 18:47:30,984] - [core.controllers.wms_controller] - [INFO] - [Executing OrderController.reserve_order for: ORD-1001]
[pid=2680] - [2026-08-13 18:47:30,986] - [core.services.wms_service] - [INFO] - [Executing AuditService.log_mutation | Action: RESERVE | Collection: orders]
[pid=2680] - [2026-08-13 18:47:30,986] - [core.controllers.wms_controller] - [INFO] - [Order reserved successfully! Reserved items: 1]
[pid=2680] - [2026-08-13 18:47:30,989] - [commons.auth] - [INFO] - [Executing get_current_user dependency]
[pid=2680] - [2026-08-13 18:47:30,990] - [core.apis.routes.order_router] - [INFO] - [Calling GET /orders/ORD-1001/picklist endpoint]
[pid=2680] - [2026-08-13 18:47:30,990] - [core.apis.routes.order_router] - [ERROR] - [Error in GET /orders/ORD-1001/picklist endpoint: 'OrderController' object has no attribute 'get_picklist']
[pid=2680] - [2026-08-13 18:47:31,005] - [commons.auth] - [INFO] - [Executing get_current_user dependency]
[pid=2680] - [2026-08-13 18:47:31,005] - [core.apis.routes.order_router] - [INFO] - [Calling POST /orders/ORD-PARALLEL/reserve endpoint]
[pid=2680] - [2026-08-13 18:47:31,006] - [core.controllers.wms_controller] - [INFO] - [Executing OrderController.reserve_order for: ORD-PARALLEL]
[pid=2680] - [2026-08-13 18:47:31,007] - [core.controllers.wms_controller] - [INFO] - [Order reserved successfully! Reserved items: 1]
[pid=2680] - [2026-08-13 18:47:31,009] - [commons.auth] - [INFO] - [Executing get_current_user dependency]
[pid=2680] - [2026-08-13 18:47:31,009] - [core.apis.routes.order_router] - [INFO] - [Calling POST /orders/ORD-PARALLEL/reserve endpoint]
[pid=2680] - [2026-08-13 18:47:31,009] - [core.controllers.wms_controller] - [INFO] - [Executing OrderController.reserve_order for: ORD-PARALLEL]
[pid=2680] - [2026-08-13 18:47:31,010] - [core.controllers.wms_controller] - [WARNING] - [Stock reservation failed: barcode 012345678905 needs 1, available 0]
[pid=2680] - [2026-08-13 18:47:31,010] - [core.apis.routes.order_router] - [ERROR] - [Error in POST /orders/ORD-PARALLEL/reserve endpoint: 409: Insufficient stock for barcode '012345678905'. Required: 1, Available: 0]
[pid=2680] - [2026-08-13 18:47:31,018] - [commons.auth] - [INFO] - [Executing get_current_user dependency]
[pid=2680] - [2026-08-13 18:47:31,018] - [commons.auth] - [INFO] - [Executing require_roles dependency check]
[pid=2680] - [2026-08-13 18:47:31,018] - [core.apis.routes.report_router] - [INFO] - [Calling GET /reports/summary endpoint]
[pid=2680] - [2026-08-13 18:47:31,030] - [core.services.integration_service] - [INFO] - [Executing ExportService.generate_csv]
[pid=2680] - [2026-08-13 18:47:31,030] - [core.services.integration_service] - [INFO] - [Executing ExportService.generate_csv]
[pid=2680] - [2026-08-13 18:47:31,031] - [core.services.integration_service] - [INFO] - [Executing ExportService.generate_xlsx]
[pid=2680] - [2026-08-13 18:47:31,041] - [core.services.integration_service] - [INFO] - [Executing ExportService.generate_xlsx]
[pid=2680] - [2026-08-13 18:47:31,056] - [core.services.integration_service] - [INFO] - [LocalStorageService initialized | Upload Dir: C:\Users\aayus\WMS\uploads]
[pid=2680] - [2026-08-13 18:47:31,056] - [core.services.integration_service] - [INFO] - [Executing LocalStorageService.save_image]
[pid=2680] - [2026-08-13 18:47:31,056] - [core.services.integration_service] - [WARNING] - [Image upload rejected: invalid extension .pdf]
[pid=2680] - [2026-08-13 18:47:31,059] - [core.services.integration_service] - [INFO] - [Executing LocalStorageService.save_image]
[pid=2680] - [2026-08-13 18:47:31,062] - [core.services.integration_service] - [INFO] - [Image saved successfully: /uploads/ab3baac3666e4e9787680df3fa5c0100.png]
[pid=2680] - [2026-08-13 18:47:31,063] - [core.services.integration_service] - [INFO] - [LocalStorageService initialized | Upload Dir: C:\Users\aayus\WMS\uploads]
[pid=2680] - [2026-08-13 18:47:31,066] - [core.services.ai_service] - [INFO] - [Executing VisionService.measure_package]
[pid=2680] - [2026-08-13 18:47:31,067] - [core.services.ai_service] - [WARNING] - [Vision measurement failed: invalid image payload]
[pid=2680] - [2026-08-13 18:47:31,071] - [core.services.ai_service] - [INFO] - [Executing NLQueryService.execute_query: 'How many items available?']
[pid=2680] - [2026-08-13 18:47:31,071] - [core.services.ai_service] - [INFO] - [NL Query executed using template 'STOCK_AVAILABLE'. Returned 1 rows.]
[pid=2680] - [2026-08-13 18:47:31,071] - [core.services.ai_service] - [INFO] - [Executing NLQueryService.execute_query: 'Show broken stock']
[pid=2680] - [2026-08-13 18:47:31,071] - [core.services.ai_service] - [INFO] - [NL Query executed using template 'STOCK_DAMAGED'. Returned 1 rows.]
[pid=2680] - [2026-08-13 18:47:31,071] - [core.services.ai_service] - [INFO] - [Executing NLQueryService.execute_query: 'Show held stock']
[pid=2680] - [2026-08-13 18:47:31,072] - [core.services.ai_service] - [INFO] - [NL Query executed using template 'STOCK_RESERVED'. Returned 1 rows.]
[pid=2680] - [2026-08-13 18:47:31,074] - [core.services.wms_service] - [INFO] - [Executing IdempotencyService.lock_key for key: key1]
[pid=2680] - [2026-08-13 18:47:31,075] - [core.services.wms_service] - [INFO] - [Idempotency key locked successfully: key1]
[pid=2680] - [2026-08-13 18:47:31,078] - [core.services.wms_service] - [INFO] - [Executing IdempotencyService.lock_key for key: key1]
[pid=2680] - [2026-08-13 18:47:31,078] - [core.services.wms_service] - [WARNING] - [Idempotency conflict: key key1 already processed]
[pid=2680] - [2026-08-13 18:47:31,081] - [core.services.wms_service] - [INFO] - [Executing AuditService.__init__]
[pid=2680] - [2026-08-13 18:47:31,082] - [core.services.wms_service] - [INFO] - [Executing AuditService.log_mutation | Action: TEST | Collection: test]
[pid=2680] - [2026-08-13 18:47:31,110] - [core.services.ai_service] - [INFO] - [Executing VoiceService.transcribe_audio]
[pid=2680] - [2026-08-13 18:47:31,110] - [core.services.ai_service] - [INFO] - [Executing VoiceService.parse_transcript]
[pid=2680] - [2026-08-13 18:47:31,130] - [core.apis.routes.health_router] - [INFO] - [Calling GET /health endpoint]
[pid=2680] - [2026-08-13 18:47:31,130] - [core.controllers.wms_controller] - [INFO] - [Executing HealthController.get_health]
[pid=2680] - [2026-08-13 18:47:31,131] - [core.database.database] - [INFO] - [Executing ping function]
[pid=2680] - [2026-08-13 18:47:31,131] - [core.database.database] - [INFO] - [Executing MongoDatabase function]
[pid=2680] - [2026-08-13 18:47:31,131] - [core.database.database] - [INFO] - [Executing _MongoClientSingleton.__new__ | DB: wms]
[pid=2680] - [2026-08-13 18:47:31,149] - [core.database.database] - [INFO] - [MongoDB singleton initialized successfully | URI: mongodb://localhost:27017/?replicaSet=rs0&directConnection=true]
[pid=2680] - [2026-08-13 18:47:31,190] - [core.database.database] - [INFO] - [MongoDB ping successful]
[pid=24964] - [2026-08-13 18:47:44,680] - [core.config.settings] - [INFO] - [Executing get_settings function]
[pid=24964] - [2026-08-13 18:47:45,690] - [commons.auth] - [INFO] - [Executing hash_password function]
[pid=24964] - [2026-08-13 18:47:46,101] - [core.apis.routes.auth_router] - [INFO] - [Calling POST /auth/login endpoint]
[pid=24964] - [2026-08-13 18:47:46,101] - [core.controllers.auth_controller] - [INFO] - [Executing AuthController.login]
[pid=24964] - [2026-08-13 18:47:46,101] - [core.cruds.user_crud] - [INFO] - [Executing CRUDUser.get_by_email for: owner@whitfield.com]
[pid=24964] - [2026-08-13 18:47:46,102] - [commons.auth] - [INFO] - [Executing verify_password function]
[pid=24964] - [2026-08-13 18:47:46,594] - [commons.auth] - [INFO] - [Executing create_access_token function]
[pid=24964] - [2026-08-13 18:47:46,595] - [commons.auth] - [INFO] - [Executing create_refresh_token function]
[pid=24964] - [2026-08-13 18:47:46,596] - [core.controllers.auth_controller] - [INFO] - [User login successful: owner@whitfield.com (OWNER)]
[pid=24964] - [2026-08-13 18:47:46,603] - [commons.auth] - [INFO] - [Executing hash_password function]
[pid=24964] - [2026-08-13 18:47:47,085] - [core.apis.routes.auth_router] - [INFO] - [Calling POST /auth/login endpoint]
[pid=24964] - [2026-08-13 18:47:47,085] - [core.controllers.auth_controller] - [INFO] - [Executing AuthController.login]
[pid=24964] - [2026-08-13 18:47:47,085] - [core.cruds.user_crud] - [INFO] - [Executing CRUDUser.get_by_email for: owner@whitfield.com]
[pid=24964] - [2026-08-13 18:47:47,086] - [commons.auth] - [INFO] - [Executing verify_password function]
[pid=24964] - [2026-08-13 18:47:47,531] - [core.controllers.auth_controller] - [WARNING] - [Login failed: invalid password for user (owner@whitfield.com)]
[pid=24964] - [2026-08-13 18:47:47,531] - [core.apis.routes.auth_router] - [ERROR] - [Error in POST /auth/login endpoint: 401: Invalid email or password]
[pid=24964] - [2026-08-13 18:47:47,541] - [commons.auth] - [INFO] - [Executing get_current_user dependency]
[pid=24964] - [2026-08-13 18:47:47,542] - [commons.auth] - [INFO] - [Executing require_roles dependency check]
[pid=24964] - [2026-08-13 18:47:47,544] - [core.apis.routes.facility_router] - [INFO] - [Calling POST /warehouses endpoint]
[pid=24964] - [2026-08-13 18:47:47,545] - [core.services.wms_service] - [INFO] - [Executing AuditService.__init__]
[pid=24964] - [2026-08-13 18:47:47,545] - [core.controllers.wms_controller] - [INFO] - [Executing WarehouseController.create_warehouse]
[pid=24964] - [2026-08-13 18:47:47,545] - [core.services.wms_service] - [INFO] - [Executing AuditService.log_mutation | Action: CREATE | Collection: warehouses]
[pid=24964] - [2026-08-13 18:47:47,546] - [core.controllers.wms_controller] - [INFO] - [Warehouse created successfully: RNO]
[pid=24964] - [2026-08-13 18:47:47,558] - [commons.auth] - [INFO] - [Executing get_current_user dependency]
[pid=24964] - [2026-08-13 18:47:47,558] - [commons.auth] - [INFO] - [Executing require_roles dependency check]
[pid=24964] - [2026-08-13 18:47:47,562] - [core.apis.routes.user_router] - [INFO] - [Calling POST /users/managers endpoint]
[pid=24964] - [2026-08-13 18:47:47,562] - [core.controllers.user_controller] - [INFO] - [Executing UserController.create_manager]
[pid=24964] - [2026-08-13 18:47:47,563] - [commons.auth] - [INFO] - [Executing hash_password function]
[pid=24964] - [2026-08-13 18:47:47,987] - [core.services.wms_service] - [INFO] - [Executing AuditService.log_mutation | Action: CREATE | Collection: users]
[pid=24964] - [2026-08-13 18:47:47,987] - [core.controllers.user_controller] - [INFO] - [Manager user created successfully: manager.rno@whitfield.com]
[pid=24964] - [2026-08-13 18:47:47,999] - [commons.auth] - [INFO] - [Executing get_current_user dependency]
[pid=24964] - [2026-08-13 18:47:47,999] - [commons.auth] - [INFO] - [Executing require_roles dependency check]
[pid=24964] - [2026-08-13 18:47:48,004] - [core.apis.routes.user_router] - [INFO] - [Calling POST /users/staff endpoint]
[pid=24964] - [2026-08-13 18:47:48,004] - [core.controllers.user_controller] - [INFO] - [Executing UserController.create_staff]
[pid=24964] - [2026-08-13 18:47:48,004] - [commons.auth] - [INFO] - [Executing hash_password function]
[pid=24964] - [2026-08-13 18:47:48,354] - [core.services.wms_service] - [INFO] - [Executing AuditService.log_mutation | Action: CREATE | Collection: users]
[pid=24964] - [2026-08-13 18:47:48,354] - [core.controllers.user_controller] - [INFO] - [Staff user created successfully: staff.rookie@whitfield.com for WH: 607f1f77bcf86cd799439022]
[pid=24964] - [2026-08-13 18:47:48,385] - [commons.auth] - [INFO] - [Executing get_current_user dependency]
[pid=24964] - [2026-08-13 18:47:48,386] - [commons.auth] - [INFO] - [Executing require_roles dependency check]
[pid=24964] - [2026-08-13 18:47:48,386] - [commons.auth] - [WARNING] - [User staff.rookie@whitfield.com with role STAFF denied access. Required: ['OWNER']]
[pid=24964] - [2026-08-13 18:47:48,398] - [commons.auth] - [INFO] - [Executing get_current_user dependency]
[pid=24964] - [2026-08-13 18:47:48,399] - [commons.auth] - [INFO] - [Executing require_roles dependency check]
[pid=24964] - [2026-08-13 18:47:48,399] - [core.apis.routes.audit_router] - [INFO] - [Calling GET /audit endpoint]
[pid=24964] - [2026-08-13 18:47:48,399] - [core.controllers.wms_controller] - [INFO] - [Executing AuditController.get_audit_logs]
[pid=24964] - [2026-08-13 18:47:48,410] - [commons.auth] - [INFO] - [Executing get_current_user dependency]
[pid=24964] - [2026-08-13 18:47:48,410] - [commons.auth] - [INFO] - [Executing require_roles dependency check]
[pid=24964] - [2026-08-13 18:47:48,410] - [commons.auth] - [WARNING] - [User None with role STAFF denied access. Required: ['OWNER']]
[pid=24964] - [2026-08-13 18:47:48,414] - [commons.auth] - [INFO] - [Executing get_current_user dependency]
[pid=24964] - [2026-08-13 18:47:48,415] - [commons.auth] - [INFO] - [Executing require_roles dependency check]
[pid=24964] - [2026-08-13 18:47:48,415] - [commons.auth] - [WARNING] - [User None with role MANAGER denied access. Required: ['OWNER']]
[pid=24964] - [2026-08-13 18:47:48,426] - [commons.auth] - [INFO] - [Executing get_current_user dependency]
[pid=24964] - [2026-08-13 18:47:48,426] - [commons.auth] - [INFO] - [Executing require_roles dependency check]
[pid=24964] - [2026-08-13 18:47:48,426] - [core.apis.routes.facility_router] - [INFO] - [Calling POST /warehouses endpoint]
[pid=24964] - [2026-08-13 18:47:48,427] - [core.controllers.wms_controller] - [INFO] - [Executing WarehouseController.create_warehouse]
[pid=24964] - [2026-08-13 18:47:48,427] - [core.controllers.wms_controller] - [INFO] - [Warehouse created successfully: RNO]
[pid=24964] - [2026-08-13 18:47:48,434] - [core.utils.ticket_generator] - [INFO] - [Executing TicketGenerator.generate_ticket_id for WH: RNO]
[pid=24964] - [2026-08-13 18:47:48,435] - [core.utils.ticket_generator] - [INFO] - [Generated ticket ID: RNO-20260813-014]
[pid=24964] - [2026-08-13 18:47:48,448] - [commons.auth] - [INFO] - [Executing get_current_user dependency]
[pid=24964] - [2026-08-13 18:47:48,449] - [core.apis.routes.voice_router] - [INFO] - [Calling POST /voice/transcribe endpoint]
[pid=24964] - [2026-08-13 18:47:48,449] - [core.controllers.wms_controller] - [INFO] - [Executing VoiceController.transcribe]
[pid=24964] - [2026-08-13 18:47:48,449] - [core.services.ai_service] - [INFO] - [Executing VoiceService.transcribe_audio]
[pid=24964] - [2026-08-13 18:47:48,452] - [commons.auth] - [INFO] - [Executing get_current_user dependency]
[pid=24964] - [2026-08-13 18:47:48,453] - [core.apis.routes.voice_router] - [INFO] - [Calling POST /voice/parse endpoint]
[pid=24964] - [2026-08-13 18:47:48,453] - [core.controllers.wms_controller] - [INFO] - [Executing VoiceController.parse_transcript for ticket: RNO-20260813-001]
[pid=24964] - [2026-08-13 18:47:48,453] - [core.services.ai_service] - [INFO] - [Executing VoiceService.parse_transcript]
[pid=24964] - [2026-08-13 18:47:48,454] - [core.controllers.wms_controller] - [INFO] - [Voice draft saved successfully! Draft ID: draft123]
[pid=24964] - [2026-08-13 18:47:48,457] - [commons.auth] - [INFO] - [Executing get_current_user dependency]
[pid=24964] - [2026-08-13 18:47:48,459] - [core.apis.routes.voice_router] - [INFO] - [Calling POST /voice/drafts/draft123/confirm endpoint]
[pid=24964] - [2026-08-13 18:47:48,459] - [core.controllers.wms_controller] - [INFO] - [Executing VoiceController.confirm_draft for draft: draft123]
[pid=24964] - [2026-08-13 18:47:48,460] - [core.controllers.wms_controller] - [INFO] - [Voice draft confirmed and logged through Phase 2 pipeline! Draft ID: draft123]
[pid=24964] - [2026-08-13 18:47:48,471] - [commons.auth] - [INFO] - [Executing get_current_user dependency]
[pid=24964] - [2026-08-13 18:47:48,472] - [core.apis.routes.vision_router] - [INFO] - [Calling POST /vision/measure endpoint]
[pid=24964] - [2026-08-13 18:47:48,472] - [core.controllers.wms_controller] - [INFO] - [Executing VisionController.measure_package]
[pid=24964] - [2026-08-13 18:47:48,482] - [commons.auth] - [INFO] - [Executing get_current_user dependency]
[pid=24964] - [2026-08-13 18:47:48,483] - [core.apis.routes.query_router] - [INFO] - [Calling POST /query endpoint]
[pid=24964] - [2026-08-13 18:47:48,483] - [core.controllers.wms_controller] - [INFO] - [Executing NLQueryController.execute_query]
[pid=24964] - [2026-08-13 18:47:48,491] - [commons.auth] - [INFO] - [Executing get_current_user dependency]
[pid=24964] - [2026-08-13 18:47:48,491] - [commons.auth] - [INFO] - [Executing require_roles dependency check]
[pid=24964] - [2026-08-13 18:47:48,493] - [core.apis.routes.api_key_router] - [INFO] - [Calling POST /api-keys endpoint]
[pid=24964] - [2026-08-13 18:47:48,493] - [core.controllers.wms_controller] - [INFO] - [Executing ApiKeyController.create_key]
[pid=24964] - [2026-08-13 18:47:48,493] - [core.controllers.wms_controller] - [INFO] - [API key created successfully! Name: Morning Check Script | Prefix: wms_live_faa]
[pid=24964] - [2026-08-13 18:47:48,495] - [commons.auth] - [INFO] - [Executing get_current_user dependency]
[pid=24964] - [2026-08-13 18:47:48,495] - [commons.auth] - [INFO] - [Executing require_roles dependency check]
[pid=24964] - [2026-08-13 18:47:48,495] - [core.apis.routes.api_key_router] - [INFO] - [Calling GET /api-keys endpoint]
[pid=24964] - [2026-08-13 18:47:48,495] - [core.controllers.wms_controller] - [INFO] - [Executing ApiKeyController.list_keys]
[pid=24964] - [2026-08-13 18:47:48,497] - [commons.auth] - [INFO] - [Executing get_current_user dependency]
[pid=24964] - [2026-08-13 18:47:48,497] - [commons.auth] - [INFO] - [Executing require_roles dependency check]
[pid=24964] - [2026-08-13 18:47:48,497] - [core.apis.routes.api_key_router] - [INFO] - [Calling DELETE /api-keys/key123 endpoint]
[pid=24964] - [2026-08-13 18:47:48,497] - [core.controllers.wms_controller] - [INFO] - [Executing ApiKeyController.revoke_key: key123]
[pid=24964] - [2026-08-13 18:47:48,497] - [core.controllers.wms_controller] - [INFO] - [API key revoked successfully: key123]
[pid=24964] - [2026-08-13 18:47:48,503] - [commons.auth] - [INFO] - [Executing get_current_user dependency]
[pid=24964] - [2026-08-13 18:47:48,503] - [core.apis.routes.query_router] - [INFO] - [Calling POST /query endpoint]
[pid=24964] - [2026-08-13 18:47:48,504] - [core.controllers.wms_controller] - [INFO] - [Executing NLQueryController.execute_query]
[pid=24964] - [2026-08-13 18:47:48,504] - [core.controllers.wms_controller] - [WARNING] - [NL query rejected outside allow-list: Query does not match any allow-listed template]
[pid=24964] - [2026-08-13 18:47:48,504] - [core.apis.routes.query_router] - [ERROR] - [Error in POST /query endpoint: 400: Query does not match any allow-listed template]
[pid=24964] - [2026-08-13 18:47:48,508] - [commons.auth] - [INFO] - [Executing get_current_user dependency]
[pid=24964] - [2026-08-13 18:47:48,508] - [commons.auth] - [WARNING] - [Missing authentication token in request]
[pid=24964] - [2026-08-13 18:47:48,516] - [commons.auth] - [INFO] - [Executing get_current_user dependency]
[pid=24964] - [2026-08-13 18:47:48,518] - [core.apis.routes.arrival_router] - [INFO] - [Calling POST /arrivals endpoint]
[pid=24964] - [2026-08-13 18:47:48,518] - [core.controllers.wms_controller] - [INFO] - [Executing ArrivalController.process_arrival]
[pid=24964] - [2026-08-13 18:47:48,518] - [core.services.wms_service] - [INFO] - [Executing AuditService.log_mutation | Action: ARRIVE | Collection: tickets]
[pid=24964] - [2026-08-13 18:47:48,518] - [core.controllers.wms_controller] - [INFO] - [Arrival processed successfully! Generated Ticket ID: RNO-20260813-001]
[pid=24964] - [2026-08-13 18:47:48,521] - [commons.auth] - [INFO] - [Executing get_current_user dependency]
[pid=24964] - [2026-08-13 18:47:48,525] - [core.apis.routes.ticket_router] - [INFO] - [Calling POST /tickets/RNO-20260813-001/items endpoint]
[pid=24964] - [2026-08-13 18:47:48,525] - [core.controllers.wms_controller] - [INFO] - [Executing TicketController.log_item_scan for ticket: RNO-20260813-001]
[pid=24964] - [2026-08-13 18:47:48,525] - [core.services.wms_service] - [INFO] - [Executing AuditService.log_mutation | Action: SCAN_ITEM | Collection: items]
[pid=24964] - [2026-08-13 18:47:48,525] - [core.controllers.wms_controller] - [INFO] - [Item scanned and logged successfully! Unit Seq: 1 under Ticket: RNO-20260813-001]
[pid=24964] - [2026-08-13 18:47:48,528] - [commons.auth] - [INFO] - [Executing get_current_user dependency]
[pid=24964] - [2026-08-13 18:47:48,528] - [core.apis.routes.ticket_router] - [INFO] - [Calling PUT /tickets/ticket123/submit-inspection endpoint]
[pid=24964] - [2026-08-13 18:47:48,528] - [core.controllers.wms_controller] - [INFO] - [Executing TicketController.submit_inspection for: ticket123]
[pid=24964] - [2026-08-13 18:47:48,528] - [core.services.wms_service] - [INFO] - [Executing AuditService.log_mutation | Action: SUBMIT_INSPECTION | Collection: tickets]
[pid=24964] - [2026-08-13 18:47:48,529] - [core.controllers.wms_controller] - [INFO] - [Ticket submitted for inspection approval: RNO-20260813-001]
[pid=24964] - [2026-08-13 18:47:48,531] - [commons.auth] - [INFO] - [Executing get_current_user dependency]
[pid=24964] - [2026-08-13 18:47:48,532] - [commons.auth] - [INFO] - [Executing require_roles dependency check]
[pid=24964] - [2026-08-13 18:47:48,532] - [core.apis.routes.approval_router] - [INFO] - [Calling POST /tickets/ticket123/approve endpoint]
[pid=24964] - [2026-08-13 18:47:48,532] - [core.controllers.wms_controller] - [INFO] - [Executing TicketController.approve_ticket for: ticket123]
[pid=24964] - [2026-08-13 18:47:48,532] - [core.services.wms_service] - [INFO] - [Executing AuditService.log_mutation | Action: APPROVE | Collection: tickets]
[pid=24964] - [2026-08-13 18:47:48,532] - [core.controllers.wms_controller] - [INFO] - [Ticket APPROVED: ticket123]
[pid=24964] - [2026-08-13 18:47:48,535] - [commons.auth] - [INFO] - [Executing get_current_user dependency]
[pid=24964] - [2026-08-13 18:47:48,536] - [core.apis.routes.ticket_router] - [INFO] - [Calling POST /tickets/ticket123/store endpoint]
[pid=24964] - [2026-08-13 18:47:48,536] - [core.controllers.wms_controller] - [INFO] - [Executing TicketController.store_ticket for: ticket123]
[pid=24964] - [2026-08-13 18:47:48,537] - [core.services.wms_service] - [INFO] - [Executing AuditService.log_mutation | Action: STORE | Collection: tickets]
[pid=24964] - [2026-08-13 18:47:48,537] - [core.controllers.wms_controller] - [INFO] - [Ticket STORED at location: A-04-12]
[pid=24964] - [2026-08-13 18:47:48,547] - [commons.auth] - [INFO] - [Executing get_current_user dependency]
[pid=24964] - [2026-08-13 18:47:48,547] - [core.apis.routes.arrival_router] - [INFO] - [Calling POST /arrivals endpoint]
[pid=24964] - [2026-08-13 18:47:48,547] - [core.controllers.wms_controller] - [INFO] - [Executing ArrivalController.process_arrival]
[pid=24964] - [2026-08-13 18:47:48,548] - [core.services.wms_service] - [INFO] - [Executing AuditService.log_mutation | Action: ARRIVE | Collection: tickets]
[pid=24964] - [2026-08-13 18:47:48,549] - [core.controllers.wms_controller] - [INFO] - [Arrival processed successfully! Generated Ticket ID: LAX-20260813-001]
[pid=24964] - [2026-08-13 18:47:48,557] - [commons.auth] - [INFO] - [Executing get_current_user dependency]
[pid=24964] - [2026-08-13 18:47:48,557] - [core.apis.routes.ticket_router] - [INFO] - [Calling POST /tickets/RNO-20260813-001/items endpoint]
[pid=24964] - [2026-08-13 18:47:48,558] - [core.controllers.wms_controller] - [INFO] - [Executing TicketController.log_item_scan for ticket: RNO-20260813-001]
[pid=24964] - [2026-08-13 18:47:48,558] - [core.apis.routes.ticket_router] - [ERROR] - [Error in POST /tickets/RNO-20260813-001/items endpoint: 409: Duplicate submission]
[pid=24964] - [2026-08-13 18:47:48,566] - [commons.auth] - [INFO] - [Executing get_current_user dependency]
[pid=24964] - [2026-08-13 18:47:48,568] - [core.apis.routes.order_router] - [INFO] - [Calling POST /orders endpoint]
[pid=24964] - [2026-08-13 18:47:48,568] - [core.controllers.wms_controller] - [INFO] - [Executing OrderController.create_order]
[pid=24964] - [2026-08-13 18:47:48,569] - [core.services.wms_service] - [INFO] - [Executing AuditService.log_mutation | Action: CREATE | Collection: orders]
[pid=24964] - [2026-08-13 18:47:48,569] - [core.controllers.wms_controller] - [INFO] - [Customer order created successfully: ORD-1001]
[pid=24964] - [2026-08-13 18:47:48,574] - [commons.auth] - [INFO] - [Executing get_current_user dependency]
[pid=24964] - [2026-08-13 18:47:48,574] - [core.apis.routes.order_router] - [INFO] - [Calling POST /orders/ORD-1001/reserve endpoint]
[pid=24964] - [2026-08-13 18:47:48,574] - [core.controllers.wms_controller] - [INFO] - [Executing OrderController.reserve_order for: ORD-1001]
[pid=24964] - [2026-08-13 18:47:48,575] - [core.services.wms_service] - [INFO] - [Executing AuditService.log_mutation | Action: RESERVE | Collection: orders]
[pid=24964] - [2026-08-13 18:47:48,575] - [core.controllers.wms_controller] - [INFO] - [Order reserved successfully! Reserved items: 1]
[pid=24964] - [2026-08-13 18:47:48,579] - [commons.auth] - [INFO] - [Executing get_current_user dependency]
[pid=24964] - [2026-08-13 18:47:48,579] - [core.apis.routes.order_router] - [INFO] - [Calling GET /orders/ORD-1001/picklist endpoint]
[pid=24964] - [2026-08-13 18:47:48,579] - [core.apis.routes.order_router] - [ERROR] - [Error in GET /orders/ORD-1001/picklist endpoint: 'OrderController' object has no attribute 'get_picklist']
[pid=24964] - [2026-08-13 18:47:48,600] - [commons.auth] - [INFO] - [Executing get_current_user dependency]
[pid=24964] - [2026-08-13 18:47:48,600] - [core.apis.routes.order_router] - [INFO] - [Calling POST /orders/ORD-PARALLEL/reserve endpoint]
[pid=24964] - [2026-08-13 18:47:48,600] - [core.controllers.wms_controller] - [INFO] - [Executing OrderController.reserve_order for: ORD-PARALLEL]
[pid=24964] - [2026-08-13 18:47:48,602] - [core.controllers.wms_controller] - [INFO] - [Order reserved successfully! Reserved items: 1]
[pid=24964] - [2026-08-13 18:47:48,605] - [commons.auth] - [INFO] - [Executing get_current_user dependency]
[pid=24964] - [2026-08-13 18:47:48,605] - [core.apis.routes.order_router] - [INFO] - [Calling POST /orders/ORD-PARALLEL/reserve endpoint]
[pid=24964] - [2026-08-13 18:47:48,605] - [core.controllers.wms_controller] - [INFO] - [Executing OrderController.reserve_order for: ORD-PARALLEL]
[pid=24964] - [2026-08-13 18:47:48,610] - [core.controllers.wms_controller] - [WARNING] - [Stock reservation failed: barcode 012345678905 needs 1, available 0]
[pid=24964] - [2026-08-13 18:47:48,610] - [core.apis.routes.order_router] - [ERROR] - [Error in POST /orders/ORD-PARALLEL/reserve endpoint: 409: Insufficient stock for barcode '012345678905'. Required: 1, Available: 0]
[pid=24964] - [2026-08-13 18:47:48,617] - [commons.auth] - [INFO] - [Executing get_current_user dependency]
[pid=24964] - [2026-08-13 18:47:48,617] - [commons.auth] - [INFO] - [Executing require_roles dependency check]
[pid=24964] - [2026-08-13 18:47:48,617] - [core.apis.routes.report_router] - [INFO] - [Calling GET /reports/summary endpoint]
[pid=24964] - [2026-08-13 18:47:48,635] - [core.services.integration_service] - [INFO] - [Executing ExportService.generate_csv]
[pid=24964] - [2026-08-13 18:47:48,635] - [core.services.integration_service] - [INFO] - [Executing ExportService.generate_csv]
[pid=24964] - [2026-08-13 18:47:48,637] - [core.services.integration_service] - [INFO] - [Executing ExportService.generate_xlsx]
[pid=24964] - [2026-08-13 18:47:48,734] - [core.services.integration_service] - [INFO] - [Executing ExportService.generate_xlsx]
[pid=24964] - [2026-08-13 18:47:48,755] - [core.services.integration_service] - [INFO] - [LocalStorageService initialized | Upload Dir: C:\Users\aayus\WMS\uploads]
[pid=24964] - [2026-08-13 18:47:48,756] - [core.services.integration_service] - [INFO] - [Executing LocalStorageService.save_image]
[pid=24964] - [2026-08-13 18:47:48,756] - [core.services.integration_service] - [WARNING] - [Image upload rejected: invalid extension .pdf]
[pid=24964] - [2026-08-13 18:47:48,758] - [core.services.integration_service] - [INFO] - [Executing LocalStorageService.save_image]
[pid=24964] - [2026-08-13 18:47:48,761] - [core.services.integration_service] - [INFO] - [Image saved successfully: /uploads/59c7de1a395a402884dc6768732bbce3.png]
[pid=24964] - [2026-08-13 18:47:48,762] - [core.services.integration_service] - [INFO] - [LocalStorageService initialized | Upload Dir: C:\Users\aayus\WMS\uploads]
[pid=24964] - [2026-08-13 18:47:48,767] - [core.services.ai_service] - [INFO] - [Executing VisionService.measure_package]
[pid=24964] - [2026-08-13 18:47:48,768] - [core.services.ai_service] - [WARNING] - [Vision measurement failed: invalid image payload]
[pid=24964] - [2026-08-13 18:47:48,776] - [core.services.ai_service] - [INFO] - [Executing NLQueryService.execute_query: 'How many items available?']
[pid=24964] - [2026-08-13 18:47:48,777] - [core.services.ai_service] - [INFO] - [NL Query executed using template 'STOCK_AVAILABLE'. Returned 1 rows.]
[pid=24964] - [2026-08-13 18:47:48,777] - [core.services.ai_service] - [INFO] - [Executing NLQueryService.execute_query: 'Show broken stock']
[pid=24964] - [2026-08-13 18:47:48,777] - [core.services.ai_service] - [INFO] - [NL Query executed using template 'STOCK_DAMAGED'. Returned 1 rows.]
[pid=24964] - [2026-08-13 18:47:48,777] - [core.services.ai_service] - [INFO] - [Executing NLQueryService.execute_query: 'Show held stock']
[pid=24964] - [2026-08-13 18:47:48,778] - [core.services.ai_service] - [INFO] - [NL Query executed using template 'STOCK_RESERVED'. Returned 1 rows.]
[pid=24964] - [2026-08-13 18:47:48,785] - [core.services.wms_service] - [INFO] - [Executing IdempotencyService.lock_key for key: key1]
[pid=24964] - [2026-08-13 18:47:48,785] - [core.services.wms_service] - [INFO] - [Idempotency key locked successfully: key1]
[pid=24964] - [2026-08-13 18:47:48,786] - [core.services.wms_service] - [INFO] - [Executing IdempotencyService.lock_key for key: key1]
[pid=24964] - [2026-08-13 18:47:48,786] - [core.services.wms_service] - [WARNING] - [Idempotency conflict: key key1 already processed]
[pid=24964] - [2026-08-13 18:47:48,792] - [core.services.wms_service] - [INFO] - [Executing AuditService.__init__]
[pid=24964] - [2026-08-13 18:47:48,792] - [core.services.wms_service] - [INFO] - [Executing AuditService.log_mutation | Action: TEST | Collection: test]
[pid=24964] - [2026-08-13 18:47:48,797] - [core.services.ai_service] - [INFO] - [Executing VoiceService.transcribe_audio]
[pid=24964] - [2026-08-13 18:47:48,797] - [core.services.ai_service] - [INFO] - [Executing VoiceService.parse_transcript]
[pid=24964] - [2026-08-13 18:47:48,811] - [core.apis.routes.health_router] - [INFO] - [Calling GET /health endpoint]
[pid=24964] - [2026-08-13 18:47:48,811] - [core.controllers.wms_controller] - [INFO] - [Executing HealthController.get_health]
[pid=24964] - [2026-08-13 18:47:48,812] - [core.database.database] - [INFO] - [Executing ping function]
[pid=24964] - [2026-08-13 18:47:48,812] - [core.database.database] - [INFO] - [Executing MongoDatabase function]
[pid=24964] - [2026-08-13 18:47:48,812] - [core.database.database] - [INFO] - [Executing _MongoClientSingleton.__new__ | DB: wms]
[pid=24964] - [2026-08-13 18:47:48,820] - [core.database.database] - [INFO] - [MongoDB singleton initialized successfully | URI: mongodb://localhost:27017/?replicaSet=rs0&directConnection=true]
[pid=24964] - [2026-08-13 18:47:48,830] - [core.database.database] - [INFO] - [MongoDB ping successful]
[pid=27416] - [2026-08-13 18:48:03,147] - [core.config.settings] - [INFO] - [Executing get_settings function]
[pid=2976] - [2026-08-13 19:51:39,104] - [core.config.settings] - [INFO] - [Executing get_settings function]
[pid=23656] - [2026-08-13 19:51:48,347] - [core.config.settings] - [INFO] - [Executing get_settings function]
[pid=912] - [2026-08-13 19:52:44,110] - [core.config.settings] - [INFO] - [Executing get_settings function]
[pid=18388] - [2026-08-13 19:54:19,277] - [core.config.settings] - [INFO] - [Executing get_settings function]
[pid=18904] - [2026-08-13 19:54:54,682] - [core.config.settings] - [INFO] - [Executing get_settings function]
[pid=11876] - [2026-08-13 19:55:19,619] - [core.config.settings] - [INFO] - [Executing get_settings function]
[pid=26508] - [2026-08-13 19:55:33,762] - [core.config.settings] - [INFO] - [Executing get_settings function]
[pid=14912] - [2026-08-13 19:56:12,513] - [core.config.settings] - [INFO] - [Executing get_settings function]
[pid=14912] - [2026-08-13 19:56:13,346] - [core.apis.api] - [INFO] - [Executing application startup lifespan]
[pid=14912] - [2026-08-13 19:56:13,346] - [core.database.database] - [INFO] - [Executing connect_to_mongo function]
[pid=14912] - [2026-08-13 19:56:13,346] - [core.database.database] - [INFO] - [Executing _MongoClientSingleton.__new__ | DB: wms]
[pid=14912] - [2026-08-13 19:56:13,355] - [core.database.database] - [INFO] - [MongoDB singleton initialized successfully | URI: mongodb://localhost:27017/?replicaSet=rs0&directConnection=true]
[pid=14912] - [2026-08-13 19:56:13,355] - [core.database.database] - [INFO] - [Executing ping function]
[pid=14912] - [2026-08-13 19:56:13,355] - [core.database.database] - [INFO] - [Executing MongoDatabase function]
[pid=14912] - [2026-08-13 19:56:13,382] - [core.database.database] - [INFO] - [MongoDB ping successful]
[pid=14912] - [2026-08-13 19:56:13,382] - [core.database.database] - [INFO] - [MongoDB connection established successfully]
[pid=14912] - [2026-08-13 19:56:13,382] - [core.database.init_db] - [INFO] - [Executing init_db function]
[pid=14912] - [2026-08-13 19:56:13,382] - [core.database.database] - [INFO] - [Executing MongoDatabase function]
[pid=14912] - [2026-08-13 19:56:13,385] - [core.database.init_db] - [INFO] - [Index created: users.email (unique)]
[pid=14912] - [2026-08-13 19:56:13,387] - [core.database.init_db] - [INFO] - [Index created: warehouses.code (unique)]
[pid=14912] - [2026-08-13 19:56:13,389] - [core.database.init_db] - [INFO] - [Index created: inbox_shipments.tracking_number (unique, sparse)]
[pid=14912] - [2026-08-13 19:56:13,390] - [core.database.init_db] - [INFO] - [Index created: tickets.ticket_id (unique)]
[pid=14912] - [2026-08-13 19:56:13,394] - [core.database.init_db] - [INFO] - [Indexes created: items.ticket_id + unit_seq (unique), items.barcode]
[pid=14912] - [2026-08-13 19:56:13,395] - [core.database.init_db] - [INFO] - [Index created: orders.order_id (unique)]
[pid=14912] - [2026-08-13 19:56:13,396] - [core.database.init_db] - [INFO] - [Index created: storage_locations.warehouse_id + location_code (unique)]
[pid=14912] - [2026-08-13 19:56:13,398] - [core.database.init_db] - [INFO] - [Index created: counters.wh_code + date_str (unique)]
[pid=14912] - [2026-08-13 19:56:13,400] - [core.database.init_db] - [INFO] - [Index created: api_keys.key_hash (unique)]
[pid=14912] - [2026-08-13 19:56:13,401] - [core.database.init_db] - [INFO] - [Index created: idempotency_keys.key (unique)]
[pid=14912] - [2026-08-13 19:56:13,401] - [core.database.init_db] - [INFO] - [Database initialization and index creation completed successfully]
[pid=14912] - [2026-08-13 19:56:13,401] - [core.apis.api] - [INFO] - [Startup lifespan completed successfully]
[pid=22836] - [2026-08-13 19:56:40,915] - [core.config.settings] - [INFO] - [Executing get_settings function]
[pid=22836] - [2026-08-13 19:56:41,939] - [commons.auth] - [INFO] - [Executing hash_password function]
[pid=22836] - [2026-08-13 19:56:42,238] - [core.apis.routes.auth_router] - [INFO] - [Calling POST /auth/login endpoint]
[pid=22836] - [2026-08-13 19:56:42,238] - [core.controllers.auth_controller] - [INFO] - [Executing AuthController.login]
[pid=22836] - [2026-08-13 19:56:42,238] - [core.cruds.user_crud] - [INFO] - [Executing CRUDUser.get_by_email for: owner@whitfield.com]
[pid=22836] - [2026-08-13 19:56:42,238] - [commons.auth] - [INFO] - [Executing verify_password function]
[pid=22836] - [2026-08-13 19:56:42,566] - [commons.auth] - [INFO] - [Executing create_access_token function]
[pid=22836] - [2026-08-13 19:56:42,569] - [commons.auth] - [INFO] - [Executing create_refresh_token function]
[pid=22836] - [2026-08-13 19:56:42,570] - [core.controllers.auth_controller] - [INFO] - [User login successful: owner@whitfield.com (OWNER)]
[pid=22836] - [2026-08-13 19:56:42,574] - [commons.auth] - [INFO] - [Executing hash_password function]
[pid=22836] - [2026-08-13 19:56:42,892] - [core.apis.routes.auth_router] - [INFO] - [Calling POST /auth/login endpoint]
[pid=22836] - [2026-08-13 19:56:42,892] - [core.controllers.auth_controller] - [INFO] - [Executing AuthController.login]
[pid=22836] - [2026-08-13 19:56:42,892] - [core.cruds.user_crud] - [INFO] - [Executing CRUDUser.get_by_email for: owner@whitfield.com]
[pid=22836] - [2026-08-13 19:56:42,892] - [commons.auth] - [INFO] - [Executing verify_password function]
[pid=22836] - [2026-08-13 19:56:43,258] - [core.controllers.auth_controller] - [WARNING] - [Login failed: invalid password for user (owner@whitfield.com)]
[pid=22836] - [2026-08-13 19:56:43,258] - [core.apis.routes.auth_router] - [ERROR] - [Error in POST /auth/login endpoint: 401: Invalid email or password]
[pid=22836] - [2026-08-13 19:56:43,264] - [commons.auth] - [INFO] - [Executing get_current_user dependency]
[pid=22836] - [2026-08-13 19:56:43,265] - [commons.auth] - [INFO] - [Executing require_roles dependency check]
[pid=22836] - [2026-08-13 19:56:43,266] - [core.apis.routes.wms_router] - [INFO] - [Calling POST /warehouses endpoint]
[pid=22836] - [2026-08-13 19:56:43,266] - [core.apis.routes.wms_router] - [INFO] - [Calling POST /warehouses endpoint]
[pid=22836] - [2026-08-13 19:56:43,266] - [core.apis.routes.wms_router] - [INFO] - [Calling POST /warehouses endpoint]
[pid=22836] - [2026-08-13 19:56:43,266] - [core.apis.routes.wms_router] - [INFO] - [Calling POST /warehouses endpoint]
[pid=22836] - [2026-08-13 19:56:43,266] - [core.apis.routes.wms_router] - [INFO] - [Calling POST /warehouses endpoint]
[pid=22836] - [2026-08-13 19:56:43,266] - [core.apis.routes.wms_router] - [INFO] - [Calling POST /warehouses endpoint]
[pid=22836] - [2026-08-13 19:56:43,266] - [core.apis.routes.wms_router] - [INFO] - [Calling POST /warehouses endpoint]
[pid=22836] - [2026-08-13 19:56:43,266] - [core.apis.routes.wms_router] - [INFO] - [Calling POST /warehouses endpoint]
[pid=22836] - [2026-08-13 19:56:43,266] - [core.apis.routes.wms_router] - [INFO] - [Calling POST /warehouses endpoint]
[pid=22836] - [2026-08-13 19:56:43,266] - [core.apis.routes.wms_router] - [INFO] - [Calling POST /warehouses endpoint]
[pid=22836] - [2026-08-13 19:56:43,266] - [core.apis.routes.wms_router] - [INFO] - [Calling POST /warehouses endpoint]
[pid=22836] - [2026-08-13 19:56:43,266] - [core.apis.routes.wms_router] - [INFO] - [Calling POST /warehouses endpoint]
[pid=22836] - [2026-08-13 19:56:43,266] - [core.apis.routes.wms_router] - [INFO] - [Calling POST /warehouses endpoint]
[pid=22836] - [2026-08-13 19:56:43,266] - [core.apis.routes.wms_router] - [INFO] - [Calling POST /warehouses endpoint]
[pid=22836] - [2026-08-13 19:56:43,266] - [core.services.wms_service] - [INFO] - [Executing AuditService.__init__]
[pid=22836] - [2026-08-13 19:56:43,266] - [core.controllers.wms_controller] - [INFO] - [Executing WarehouseController.create_warehouse]
[pid=22836] - [2026-08-13 19:56:43,267] - [core.services.wms_service] - [INFO] - [Executing AuditService.log_mutation | Action: CREATE | Collection: warehouses]
[pid=22836] - [2026-08-13 19:56:43,267] - [core.controllers.wms_controller] - [INFO] - [Warehouse created successfully: RNO]
[pid=22836] - [2026-08-13 19:56:43,317] - [commons.auth] - [INFO] - [Executing get_current_user dependency]
[pid=22836] - [2026-08-13 19:56:43,317] - [commons.auth] - [INFO] - [Executing require_roles dependency check]
[pid=22836] - [2026-08-13 19:56:43,320] - [core.apis.routes.user_router] - [INFO] - [Calling POST /users/managers endpoint]
[pid=22836] - [2026-08-13 19:56:43,320] - [core.controllers.user_controller] - [INFO] - [Executing UserController.create_manager]
[pid=22836] - [2026-08-13 19:56:43,320] - [commons.auth] - [INFO] - [Executing hash_password function]
[pid=22836] - [2026-08-13 19:56:43,639] - [core.services.wms_service] - [INFO] - [Executing AuditService.log_mutation | Action: CREATE | Collection: users]
[pid=22836] - [2026-08-13 19:56:43,640] - [core.controllers.user_controller] - [INFO] - [Manager user created successfully: manager.rno@whitfield.com]
[pid=22836] - [2026-08-13 19:56:43,646] - [commons.auth] - [INFO] - [Executing get_current_user dependency]
[pid=22836] - [2026-08-13 19:56:43,646] - [commons.auth] - [INFO] - [Executing require_roles dependency check]
[pid=22836] - [2026-08-13 19:56:43,650] - [core.apis.routes.user_router] - [INFO] - [Calling POST /users/staff endpoint]
[pid=22836] - [2026-08-13 19:56:43,650] - [core.controllers.user_controller] - [INFO] - [Executing UserController.create_staff]
[pid=22836] - [2026-08-13 19:56:43,650] - [commons.auth] - [INFO] - [Executing hash_password function]
[pid=22836] - [2026-08-13 19:56:44,054] - [core.services.wms_service] - [INFO] - [Executing AuditService.log_mutation | Action: CREATE | Collection: users]
[pid=22836] - [2026-08-13 19:56:44,054] - [core.controllers.user_controller] - [INFO] - [Staff user created successfully: staff.rookie@whitfield.com for WH: 607f1f77bcf86cd799439022]
[pid=22836] - [2026-08-13 19:56:44,062] - [commons.auth] - [INFO] - [Executing get_current_user dependency]
[pid=22836] - [2026-08-13 19:56:44,063] - [commons.auth] - [INFO] - [Executing require_roles dependency check]
[pid=22836] - [2026-08-13 19:56:44,063] - [commons.auth] - [WARNING] - [User staff.rookie@whitfield.com with role STAFF denied access. Required: ['OWNER']]
[pid=22836] - [2026-08-13 19:56:44,070] - [commons.auth] - [INFO] - [Executing get_current_user dependency]
[pid=22836] - [2026-08-13 19:56:44,071] - [commons.auth] - [INFO] - [Executing require_roles dependency check]
[pid=22836] - [2026-08-13 19:56:44,071] - [core.apis.routes.wms_router] - [INFO] - [Calling GET /audit endpoint]
[pid=22836] - [2026-08-13 19:56:44,071] - [core.apis.routes.wms_router] - [INFO] - [Calling GET /audit endpoint]
[pid=22836] - [2026-08-13 19:56:44,071] - [core.apis.routes.wms_router] - [INFO] - [Calling GET /audit endpoint]
[pid=22836] - [2026-08-13 19:56:44,071] - [core.apis.routes.wms_router] - [INFO] - [Calling GET /audit endpoint]
[pid=22836] - [2026-08-13 19:56:44,071] - [core.apis.routes.wms_router] - [INFO] - [Calling GET /audit endpoint]
[pid=22836] - [2026-08-13 19:56:44,071] - [core.apis.routes.wms_router] - [INFO] - [Calling GET /audit endpoint]
[pid=22836] - [2026-08-13 19:56:44,071] - [core.apis.routes.wms_router] - [INFO] - [Calling GET /audit endpoint]
[pid=22836] - [2026-08-13 19:56:44,071] - [core.apis.routes.wms_router] - [INFO] - [Calling GET /audit endpoint]
[pid=22836] - [2026-08-13 19:56:44,071] - [core.apis.routes.wms_router] - [INFO] - [Calling GET /audit endpoint]
[pid=22836] - [2026-08-13 19:56:44,071] - [core.apis.routes.wms_router] - [INFO] - [Calling GET /audit endpoint]
[pid=22836] - [2026-08-13 19:56:44,071] - [core.apis.routes.wms_router] - [INFO] - [Calling GET /audit endpoint]
[pid=22836] - [2026-08-13 19:56:44,071] - [core.apis.routes.wms_router] - [INFO] - [Calling GET /audit endpoint]
[pid=22836] - [2026-08-13 19:56:44,071] - [core.apis.routes.wms_router] - [INFO] - [Calling GET /audit endpoint]
[pid=22836] - [2026-08-13 19:56:44,071] - [core.apis.routes.wms_router] - [INFO] - [Calling GET /audit endpoint]
[pid=22836] - [2026-08-13 19:56:44,072] - [core.controllers.wms_controller] - [INFO] - [Executing AuditController.get_audit_logs]
[pid=22836] - [2026-08-13 19:56:44,081] - [commons.auth] - [INFO] - [Executing get_current_user dependency]
[pid=22836] - [2026-08-13 19:56:44,082] - [commons.auth] - [INFO] - [Executing require_roles dependency check]
[pid=22836] - [2026-08-13 19:56:44,082] - [commons.auth] - [WARNING] - [User None with role STAFF denied access. Required: ['OWNER']]
[pid=22836] - [2026-08-13 19:56:44,085] - [commons.auth] - [INFO] - [Executing get_current_user dependency]
[pid=22836] - [2026-08-13 19:56:44,086] - [commons.auth] - [INFO] - [Executing require_roles dependency check]
[pid=22836] - [2026-08-13 19:56:44,086] - [commons.auth] - [WARNING] - [User None with role MANAGER denied access. Required: ['OWNER']]
[pid=22836] - [2026-08-13 19:56:44,096] - [commons.auth] - [INFO] - [Executing get_current_user dependency]
[pid=22836] - [2026-08-13 19:56:44,097] - [commons.auth] - [INFO] - [Executing require_roles dependency check]
[pid=22836] - [2026-08-13 19:56:44,097] - [core.apis.routes.wms_router] - [INFO] - [Calling POST /warehouses endpoint]
[pid=22836] - [2026-08-13 19:56:44,097] - [core.apis.routes.wms_router] - [INFO] - [Calling POST /warehouses endpoint]
[pid=22836] - [2026-08-13 19:56:44,097] - [core.apis.routes.wms_router] - [INFO] - [Calling POST /warehouses endpoint]
[pid=22836] - [2026-08-13 19:56:44,097] - [core.apis.routes.wms_router] - [INFO] - [Calling POST /warehouses endpoint]
[pid=22836] - [2026-08-13 19:56:44,097] - [core.apis.routes.wms_router] - [INFO] - [Calling POST /warehouses endpoint]
[pid=22836] - [2026-08-13 19:56:44,097] - [core.apis.routes.wms_router] - [INFO] - [Calling POST /warehouses endpoint]
[pid=22836] - [2026-08-13 19:56:44,097] - [core.apis.routes.wms_router] - [INFO] - [Calling POST /warehouses endpoint]
[pid=22836] - [2026-08-13 19:56:44,097] - [core.apis.routes.wms_router] - [INFO] - [Calling POST /warehouses endpoint]
[pid=22836] - [2026-08-13 19:56:44,097] - [core.apis.routes.wms_router] - [INFO] - [Calling POST /warehouses endpoint]
[pid=22836] - [2026-08-13 19:56:44,097] - [core.apis.routes.wms_router] - [INFO] - [Calling POST /warehouses endpoint]
[pid=22836] - [2026-08-13 19:56:44,097] - [core.apis.routes.wms_router] - [INFO] - [Calling POST /warehouses endpoint]
[pid=22836] - [2026-08-13 19:56:44,097] - [core.apis.routes.wms_router] - [INFO] - [Calling POST /warehouses endpoint]
[pid=22836] - [2026-08-13 19:56:44,097] - [core.apis.routes.wms_router] - [INFO] - [Calling POST /warehouses endpoint]
[pid=22836] - [2026-08-13 19:56:44,097] - [core.apis.routes.wms_router] - [INFO] - [Calling POST /warehouses endpoint]
[pid=22836] - [2026-08-13 19:56:44,098] - [core.controllers.wms_controller] - [INFO] - [Executing WarehouseController.create_warehouse]
[pid=22836] - [2026-08-13 19:56:44,098] - [core.controllers.wms_controller] - [INFO] - [Warehouse created successfully: RNO]
[pid=22836] - [2026-08-13 19:56:44,104] - [core.utils.ticket_generator] - [INFO] - [Executing TicketGenerator.generate_ticket_id for WH: RNO]
[pid=22836] - [2026-08-13 19:56:44,105] - [core.utils.ticket_generator] - [INFO] - [Generated ticket ID: RNO-20260813-014]
[pid=22836] - [2026-08-13 19:56:44,116] - [commons.auth] - [INFO] - [Executing get_current_user dependency]
[pid=22836] - [2026-08-13 19:56:44,117] - [core.apis.routes.wms_router] - [INFO] - [Calling POST /voice/transcribe endpoint]
[pid=22836] - [2026-08-13 19:56:44,117] - [core.apis.routes.wms_router] - [INFO] - [Calling POST /voice/transcribe endpoint]
[pid=22836] - [2026-08-13 19:56:44,117] - [core.apis.routes.wms_router] - [INFO] - [Calling POST /voice/transcribe endpoint]
[pid=22836] - [2026-08-13 19:56:44,117] - [core.apis.routes.wms_router] - [INFO] - [Calling POST /voice/transcribe endpoint]
[pid=22836] - [2026-08-13 19:56:44,117] - [core.apis.routes.wms_router] - [INFO] - [Calling POST /voice/transcribe endpoint]
[pid=22836] - [2026-08-13 19:56:44,117] - [core.apis.routes.wms_router] - [INFO] - [Calling POST /voice/transcribe endpoint]
[pid=22836] - [2026-08-13 19:56:44,117] - [core.apis.routes.wms_router] - [INFO] - [Calling POST /voice/transcribe endpoint]
[pid=22836] - [2026-08-13 19:56:44,117] - [core.apis.routes.wms_router] - [INFO] - [Calling POST /voice/transcribe endpoint]
[pid=22836] - [2026-08-13 19:56:44,117] - [core.apis.routes.wms_router] - [INFO] - [Calling POST /voice/transcribe endpoint]
[pid=22836] - [2026-08-13 19:56:44,117] - [core.apis.routes.wms_router] - [INFO] - [Calling POST /voice/transcribe endpoint]
[pid=22836] - [2026-08-13 19:56:44,117] - [core.apis.routes.wms_router] - [INFO] - [Calling POST /voice/transcribe endpoint]
[pid=22836] - [2026-08-13 19:56:44,117] - [core.apis.routes.wms_router] - [INFO] - [Calling POST /voice/transcribe endpoint]
[pid=22836] - [2026-08-13 19:56:44,117] - [core.apis.routes.wms_router] - [INFO] - [Calling POST /voice/transcribe endpoint]
[pid=22836] - [2026-08-13 19:56:44,117] - [core.apis.routes.wms_router] - [INFO] - [Calling POST /voice/transcribe endpoint]
[pid=22836] - [2026-08-13 19:56:44,118] - [core.controllers.wms_controller] - [INFO] - [Executing VoiceController.transcribe]
[pid=22836] - [2026-08-13 19:56:44,118] - [core.services.ai_service] - [INFO] - [Executing VoiceService.transcribe_audio]
[pid=22836] - [2026-08-13 19:56:44,121] - [commons.auth] - [INFO] - [Executing get_current_user dependency]
[pid=22836] - [2026-08-13 19:56:44,122] - [core.apis.routes.wms_router] - [INFO] - [Calling POST /voice/parse endpoint]
[pid=22836] - [2026-08-13 19:56:44,122] - [core.apis.routes.wms_router] - [INFO] - [Calling POST /voice/parse endpoint]
[pid=22836] - [2026-08-13 19:56:44,122] - [core.apis.routes.wms_router] - [INFO] - [Calling POST /voice/parse endpoint]
[pid=22836] - [2026-08-13 19:56:44,122] - [core.apis.routes.wms_router] - [INFO] - [Calling POST /voice/parse endpoint]
[pid=22836] - [2026-08-13 19:56:44,122] - [core.apis.routes.wms_router] - [INFO] - [Calling POST /voice/parse endpoint]
[pid=22836] - [2026-08-13 19:56:44,122] - [core.apis.routes.wms_router] - [INFO] - [Calling POST /voice/parse endpoint]
[pid=22836] - [2026-08-13 19:56:44,122] - [core.apis.routes.wms_router] - [INFO] - [Calling POST /voice/parse endpoint]
[pid=22836] - [2026-08-13 19:56:44,122] - [core.apis.routes.wms_router] - [INFO] - [Calling POST /voice/parse endpoint]
[pid=22836] - [2026-08-13 19:56:44,122] - [core.apis.routes.wms_router] - [INFO] - [Calling POST /voice/parse endpoint]
[pid=22836] - [2026-08-13 19:56:44,122] - [core.apis.routes.wms_router] - [INFO] - [Calling POST /voice/parse endpoint]
[pid=22836] - [2026-08-13 19:56:44,122] - [core.apis.routes.wms_router] - [INFO] - [Calling POST /voice/parse endpoint]
[pid=22836] - [2026-08-13 19:56:44,122] - [core.apis.routes.wms_router] - [INFO] - [Calling POST /voice/parse endpoint]
[pid=22836] - [2026-08-13 19:56:44,122] - [core.apis.routes.wms_router] - [INFO] - [Calling POST /voice/parse endpoint]
[pid=22836] - [2026-08-13 19:56:44,122] - [core.apis.routes.wms_router] - [INFO] - [Calling POST /voice/parse endpoint]
[pid=22836] - [2026-08-13 19:56:44,123] - [core.controllers.wms_controller] - [INFO] - [Executing VoiceController.parse_transcript for ticket: RNO-20260813-001]
[pid=22836] - [2026-08-13 19:56:44,124] - [core.services.ai_service] - [INFO] - [Executing VoiceService.parse_transcript]
[pid=22836] - [2026-08-13 19:56:44,124] - [core.controllers.wms_controller] - [INFO] - [Voice draft saved successfully! Draft ID: draft123]
[pid=22836] - [2026-08-13 19:56:44,128] - [commons.auth] - [INFO] - [Executing get_current_user dependency]
[pid=22836] - [2026-08-13 19:56:44,129] - [core.apis.routes.wms_router] - [INFO] - [Calling POST /voice/drafts/draft123/confirm endpoint]
[pid=22836] - [2026-08-13 19:56:44,129] - [core.apis.routes.wms_router] - [INFO] - [Calling POST /voice/drafts/draft123/confirm endpoint]
[pid=22836] - [2026-08-13 19:56:44,129] - [core.apis.routes.wms_router] - [INFO] - [Calling POST /voice/drafts/draft123/confirm endpoint]
[pid=22836] - [2026-08-13 19:56:44,129] - [core.apis.routes.wms_router] - [INFO] - [Calling POST /voice/drafts/draft123/confirm endpoint]
[pid=22836] - [2026-08-13 19:56:44,129] - [core.apis.routes.wms_router] - [INFO] - [Calling POST /voice/drafts/draft123/confirm endpoint]
[pid=22836] - [2026-08-13 19:56:44,129] - [core.apis.routes.wms_router] - [INFO] - [Calling POST /voice/drafts/draft123/confirm endpoint]
[pid=22836] - [2026-08-13 19:56:44,129] - [core.apis.routes.wms_router] - [INFO] - [Calling POST /voice/drafts/draft123/confirm endpoint]
[pid=22836] - [2026-08-13 19:56:44,129] - [core.apis.routes.wms_router] - [INFO] - [Calling POST /voice/drafts/draft123/confirm endpoint]
[pid=22836] - [2026-08-13 19:56:44,129] - [core.apis.routes.wms_router] - [INFO] - [Calling POST /voice/drafts/draft123/confirm endpoint]
[pid=22836] - [2026-08-13 19:56:44,129] - [core.apis.routes.wms_router] - [INFO] - [Calling POST /voice/drafts/draft123/confirm endpoint]
[pid=22836] - [2026-08-13 19:56:44,129] - [core.apis.routes.wms_router] - [INFO] - [Calling POST /voice/drafts/draft123/confirm endpoint]
[pid=22836] - [2026-08-13 19:56:44,129] - [core.apis.routes.wms_router] - [INFO] - [Calling POST /voice/drafts/draft123/confirm endpoint]
[pid=22836] - [2026-08-13 19:56:44,129] - [core.apis.routes.wms_router] - [INFO] - [Calling POST /voice/drafts/draft123/confirm endpoint]
[pid=22836] - [2026-08-13 19:56:44,129] - [core.apis.routes.wms_router] - [INFO] - [Calling POST /voice/drafts/draft123/confirm endpoint]
[pid=22836] - [2026-08-13 19:56:44,131] - [core.controllers.wms_controller] - [INFO] - [Executing VoiceController.confirm_draft for draft: draft123]
[pid=22836] - [2026-08-13 19:56:44,131] - [core.controllers.wms_controller] - [INFO] - [Voice draft confirmed and logged through Phase 2 pipeline! Draft ID: draft123]
[pid=22836] - [2026-08-13 19:56:44,142] - [commons.auth] - [INFO] - [Executing get_current_user dependency]
[pid=22836] - [2026-08-13 19:56:44,143] - [core.apis.routes.wms_router] - [INFO] - [Calling POST /vision/measure endpoint]
[pid=22836] - [2026-08-13 19:56:44,143] - [core.apis.routes.wms_router] - [INFO] - [Calling POST /vision/measure endpoint]
[pid=22836] - [2026-08-13 19:56:44,143] - [core.apis.routes.wms_router] - [INFO] - [Calling POST /vision/measure endpoint]
[pid=22836] - [2026-08-13 19:56:44,143] - [core.apis.routes.wms_router] - [INFO] - [Calling POST /vision/measure endpoint]
[pid=22836] - [2026-08-13 19:56:44,143] - [core.apis.routes.wms_router] - [INFO] - [Calling POST /vision/measure endpoint]
[pid=22836] - [2026-08-13 19:56:44,143] - [core.apis.routes.wms_router] - [INFO] - [Calling POST /vision/measure endpoint]
[pid=22836] - [2026-08-13 19:56:44,143] - [core.apis.routes.wms_router] - [INFO] - [Calling POST /vision/measure endpoint]
[pid=22836] - [2026-08-13 19:56:44,143] - [core.apis.routes.wms_router] - [INFO] - [Calling POST /vision/measure endpoint]
[pid=22836] - [2026-08-13 19:56:44,143] - [core.apis.routes.wms_router] - [INFO] - [Calling POST /vision/measure endpoint]
[pid=22836] - [2026-08-13 19:56:44,143] - [core.apis.routes.wms_router] - [INFO] - [Calling POST /vision/measure endpoint]
[pid=22836] - [2026-08-13 19:56:44,143] - [core.apis.routes.wms_router] - [INFO] - [Calling POST /vision/measure endpoint]
[pid=22836] - [2026-08-13 19:56:44,143] - [core.apis.routes.wms_router] - [INFO] - [Calling POST /vision/measure endpoint]
[pid=22836] - [2026-08-13 19:56:44,143] - [core.apis.routes.wms_router] - [INFO] - [Calling POST /vision/measure endpoint]
[pid=22836] - [2026-08-13 19:56:44,143] - [core.apis.routes.wms_router] - [INFO] - [Calling POST /vision/measure endpoint]
[pid=22836] - [2026-08-13 19:56:44,143] - [core.controllers.wms_controller] - [INFO] - [Executing VisionController.measure_package]
[pid=22836] - [2026-08-13 19:56:44,151] - [commons.auth] - [INFO] - [Executing get_current_user dependency]
[pid=22836] - [2026-08-13 19:56:44,152] - [core.apis.routes.wms_router] - [INFO] - [Calling POST /query endpoint]
[pid=22836] - [2026-08-13 19:56:44,152] - [core.apis.routes.wms_router] - [INFO] - [Calling POST /query endpoint]
[pid=22836] - [2026-08-13 19:56:44,152] - [core.apis.routes.wms_router] - [INFO] - [Calling POST /query endpoint]
[pid=22836] - [2026-08-13 19:56:44,152] - [core.apis.routes.wms_router] - [INFO] - [Calling POST /query endpoint]
[pid=22836] - [2026-08-13 19:56:44,152] - [core.apis.routes.wms_router] - [INFO] - [Calling POST /query endpoint]
[pid=22836] - [2026-08-13 19:56:44,152] - [core.apis.routes.wms_router] - [INFO] - [Calling POST /query endpoint]
[pid=22836] - [2026-08-13 19:56:44,152] - [core.apis.routes.wms_router] - [INFO] - [Calling POST /query endpoint]
[pid=22836] - [2026-08-13 19:56:44,152] - [core.apis.routes.wms_router] - [INFO] - [Calling POST /query endpoint]
[pid=22836] - [2026-08-13 19:56:44,152] - [core.apis.routes.wms_router] - [INFO] - [Calling POST /query endpoint]
[pid=22836] - [2026-08-13 19:56:44,152] - [core.apis.routes.wms_router] - [INFO] - [Calling POST /query endpoint]
[pid=22836] - [2026-08-13 19:56:44,152] - [core.apis.routes.wms_router] - [INFO] - [Calling POST /query endpoint]
[pid=22836] - [2026-08-13 19:56:44,152] - [core.apis.routes.wms_router] - [INFO] - [Calling POST /query endpoint]
[pid=22836] - [2026-08-13 19:56:44,152] - [core.apis.routes.wms_router] - [INFO] - [Calling POST /query endpoint]
[pid=22836] - [2026-08-13 19:56:44,152] - [core.apis.routes.wms_router] - [INFO] - [Calling POST /query endpoint]
[pid=22836] - [2026-08-13 19:56:44,153] - [core.controllers.wms_controller] - [INFO] - [Executing NLQueryController.execute_query]
[pid=22836] - [2026-08-13 19:56:44,163] - [commons.auth] - [INFO] - [Executing get_current_user dependency]
[pid=22836] - [2026-08-13 19:56:44,164] - [commons.auth] - [INFO] - [Executing require_roles dependency check]
[pid=22836] - [2026-08-13 19:56:44,166] - [core.apis.routes.wms_router] - [INFO] - [Calling POST /api-keys endpoint]
[pid=22836] - [2026-08-13 19:56:44,166] - [core.apis.routes.wms_router] - [INFO] - [Calling POST /api-keys endpoint]
[pid=22836] - [2026-08-13 19:56:44,166] - [core.apis.routes.wms_router] - [INFO] - [Calling POST /api-keys endpoint]
[pid=22836] - [2026-08-13 19:56:44,166] - [core.apis.routes.wms_router] - [INFO] - [Calling POST /api-keys endpoint]
[pid=22836] - [2026-08-13 19:56:44,166] - [core.apis.routes.wms_router] - [INFO] - [Calling POST /api-keys endpoint]
[pid=22836] - [2026-08-13 19:56:44,166] - [core.apis.routes.wms_router] - [INFO] - [Calling POST /api-keys endpoint]
[pid=22836] - [2026-08-13 19:56:44,166] - [core.apis.routes.wms_router] - [INFO] - [Calling POST /api-keys endpoint]
[pid=22836] - [2026-08-13 19:56:44,166] - [core.apis.routes.wms_router] - [INFO] - [Calling POST /api-keys endpoint]
[pid=22836] - [2026-08-13 19:56:44,166] - [core.apis.routes.wms_router] - [INFO] - [Calling POST /api-keys endpoint]
[pid=22836] - [2026-08-13 19:56:44,166] - [core.apis.routes.wms_router] - [INFO] - [Calling POST /api-keys endpoint]
[pid=22836] - [2026-08-13 19:56:44,166] - [core.apis.routes.wms_router] - [INFO] - [Calling POST /api-keys endpoint]
[pid=22836] - [2026-08-13 19:56:44,166] - [core.apis.routes.wms_router] - [INFO] - [Calling POST /api-keys endpoint]
[pid=22836] - [2026-08-13 19:56:44,166] - [core.apis.routes.wms_router] - [INFO] - [Calling POST /api-keys endpoint]
[pid=22836] - [2026-08-13 19:56:44,166] - [core.apis.routes.wms_router] - [INFO] - [Calling POST /api-keys endpoint]
[pid=22836] - [2026-08-13 19:56:44,167] - [core.controllers.wms_controller] - [INFO] - [Executing ApiKeyController.create_key]
[pid=22836] - [2026-08-13 19:56:44,168] - [core.controllers.wms_controller] - [INFO] - [API key created successfully! Name: Morning Check Script | Prefix: wms_live_dfb]
[pid=22836] - [2026-08-13 19:56:44,170] - [commons.auth] - [INFO] - [Executing get_current_user dependency]
[pid=22836] - [2026-08-13 19:56:44,170] - [commons.auth] - [INFO] - [Executing require_roles dependency check]
[pid=22836] - [2026-08-13 19:56:44,171] - [core.apis.routes.wms_router] - [INFO] - [Calling GET /api-keys endpoint]
[pid=22836] - [2026-08-13 19:56:44,171] - [core.apis.routes.wms_router] - [INFO] - [Calling GET /api-keys endpoint]
[pid=22836] - [2026-08-13 19:56:44,171] - [core.apis.routes.wms_router] - [INFO] - [Calling GET /api-keys endpoint]
[pid=22836] - [2026-08-13 19:56:44,171] - [core.apis.routes.wms_router] - [INFO] - [Calling GET /api-keys endpoint]
[pid=22836] - [2026-08-13 19:56:44,171] - [core.apis.routes.wms_router] - [INFO] - [Calling GET /api-keys endpoint]
[pid=22836] - [2026-08-13 19:56:44,171] - [core.apis.routes.wms_router] - [INFO] - [Calling GET /api-keys endpoint]
[pid=22836] - [2026-08-13 19:56:44,171] - [core.apis.routes.wms_router] - [INFO] - [Calling GET /api-keys endpoint]
[pid=22836] - [2026-08-13 19:56:44,171] - [core.apis.routes.wms_router] - [INFO] - [Calling GET /api-keys endpoint]
[pid=22836] - [2026-08-13 19:56:44,171] - [core.apis.routes.wms_router] - [INFO] - [Calling GET /api-keys endpoint]
[pid=22836] - [2026-08-13 19:56:44,171] - [core.apis.routes.wms_router] - [INFO] - [Calling GET /api-keys endpoint]
[pid=22836] - [2026-08-13 19:56:44,171] - [core.apis.routes.wms_router] - [INFO] - [Calling GET /api-keys endpoint]
[pid=22836] - [2026-08-13 19:56:44,171] - [core.apis.routes.wms_router] - [INFO] - [Calling GET /api-keys endpoint]
[pid=22836] - [2026-08-13 19:56:44,171] - [core.apis.routes.wms_router] - [INFO] - [Calling GET /api-keys endpoint]
[pid=22836] - [2026-08-13 19:56:44,171] - [core.apis.routes.wms_router] - [INFO] - [Calling GET /api-keys endpoint]
[pid=22836] - [2026-08-13 19:56:44,171] - [core.controllers.wms_controller] - [INFO] - [Executing ApiKeyController.list_keys]
[pid=22836] - [2026-08-13 19:56:44,173] - [commons.auth] - [INFO] - [Executing get_current_user dependency]
[pid=22836] - [2026-08-13 19:56:44,173] - [commons.auth] - [INFO] - [Executing require_roles dependency check]
[pid=22836] - [2026-08-13 19:56:44,173] - [core.apis.routes.wms_router] - [INFO] - [Calling DELETE /api-keys/key123 endpoint]
[pid=22836] - [2026-08-13 19:56:44,173] - [core.apis.routes.wms_router] - [INFO] - [Calling DELETE /api-keys/key123 endpoint]
[pid=22836] - [2026-08-13 19:56:44,173] - [core.apis.routes.wms_router] - [INFO] - [Calling DELETE /api-keys/key123 endpoint]
[pid=22836] - [2026-08-13 19:56:44,173] - [core.apis.routes.wms_router] - [INFO] - [Calling DELETE /api-keys/key123 endpoint]
[pid=22836] - [2026-08-13 19:56:44,173] - [core.apis.routes.wms_router] - [INFO] - [Calling DELETE /api-keys/key123 endpoint]
[pid=22836] - [2026-08-13 19:56:44,173] - [core.apis.routes.wms_router] - [INFO] - [Calling DELETE /api-keys/key123 endpoint]
[pid=22836] - [2026-08-13 19:56:44,173] - [core.apis.routes.wms_router] - [INFO] - [Calling DELETE /api-keys/key123 endpoint]
[pid=22836] - [2026-08-13 19:56:44,173] - [core.apis.routes.wms_router] - [INFO] - [Calling DELETE /api-keys/key123 endpoint]
[pid=22836] - [2026-08-13 19:56:44,173] - [core.apis.routes.wms_router] - [INFO] - [Calling DELETE /api-keys/key123 endpoint]
[pid=22836] - [2026-08-13 19:56:44,173] - [core.apis.routes.wms_router] - [INFO] - [Calling DELETE /api-keys/key123 endpoint]
[pid=22836] - [2026-08-13 19:56:44,173] - [core.apis.routes.wms_router] - [INFO] - [Calling DELETE /api-keys/key123 endpoint]
[pid=22836] - [2026-08-13 19:56:44,173] - [core.apis.routes.wms_router] - [INFO] - [Calling DELETE /api-keys/key123 endpoint]
[pid=22836] - [2026-08-13 19:56:44,173] - [core.apis.routes.wms_router] - [INFO] - [Calling DELETE /api-keys/key123 endpoint]
[pid=22836] - [2026-08-13 19:56:44,173] - [core.apis.routes.wms_router] - [INFO] - [Calling DELETE /api-keys/key123 endpoint]
[pid=22836] - [2026-08-13 19:56:44,174] - [core.controllers.wms_controller] - [INFO] - [Executing ApiKeyController.revoke_key: key123]
[pid=22836] - [2026-08-13 19:56:44,174] - [core.controllers.wms_controller] - [INFO] - [API key revoked successfully: key123]
[pid=22836] - [2026-08-13 19:56:44,180] - [commons.auth] - [INFO] - [Executing get_current_user dependency]
[pid=22836] - [2026-08-13 19:56:44,180] - [core.apis.routes.wms_router] - [INFO] - [Calling POST /query endpoint]
[pid=22836] - [2026-08-13 19:56:44,180] - [core.apis.routes.wms_router] - [INFO] - [Calling POST /query endpoint]
[pid=22836] - [2026-08-13 19:56:44,180] - [core.apis.routes.wms_router] - [INFO] - [Calling POST /query endpoint]
[pid=22836] - [2026-08-13 19:56:44,180] - [core.apis.routes.wms_router] - [INFO] - [Calling POST /query endpoint]
[pid=22836] - [2026-08-13 19:56:44,180] - [core.apis.routes.wms_router] - [INFO] - [Calling POST /query endpoint]
[pid=22836] - [2026-08-13 19:56:44,180] - [core.apis.routes.wms_router] - [INFO] - [Calling POST /query endpoint]
[pid=22836] - [2026-08-13 19:56:44,180] - [core.apis.routes.wms_router] - [INFO] - [Calling POST /query endpoint]
[pid=22836] - [2026-08-13 19:56:44,180] - [core.apis.routes.wms_router] - [INFO] - [Calling POST /query endpoint]
[pid=22836] - [2026-08-13 19:56:44,180] - [core.apis.routes.wms_router] - [INFO] - [Calling POST /query endpoint]
[pid=22836] - [2026-08-13 19:56:44,180] - [core.apis.routes.wms_router] - [INFO] - [Calling POST /query endpoint]
[pid=22836] - [2026-08-13 19:56:44,180] - [core.apis.routes.wms_router] - [INFO] - [Calling POST /query endpoint]
[pid=22836] - [2026-08-13 19:56:44,180] - [core.apis.routes.wms_router] - [INFO] - [Calling POST /query endpoint]
[pid=22836] - [2026-08-13 19:56:44,180] - [core.apis.routes.wms_router] - [INFO] - [Calling POST /query endpoint]
[pid=22836] - [2026-08-13 19:56:44,180] - [core.apis.routes.wms_router] - [INFO] - [Calling POST /query endpoint]
[pid=22836] - [2026-08-13 19:56:44,181] - [core.controllers.wms_controller] - [INFO] - [Executing NLQueryController.execute_query]
[pid=22836] - [2026-08-13 19:56:44,181] - [core.controllers.wms_controller] - [WARNING] - [NL query rejected outside allow-list: Query does not match any allow-listed template]
[pid=22836] - [2026-08-13 19:56:44,181] - [core.apis.routes.wms_router] - [ERROR] - [Error in POST /query endpoint: 400: Query does not match any allow-listed template]
[pid=22836] - [2026-08-13 19:56:44,181] - [core.apis.routes.wms_router] - [ERROR] - [Error in POST /query endpoint: 400: Query does not match any allow-listed template]
[pid=22836] - [2026-08-13 19:56:44,181] - [core.apis.routes.wms_router] - [ERROR] - [Error in POST /query endpoint: 400: Query does not match any allow-listed template]
[pid=22836] - [2026-08-13 19:56:44,181] - [core.apis.routes.wms_router] - [ERROR] - [Error in POST /query endpoint: 400: Query does not match any allow-listed template]
[pid=22836] - [2026-08-13 19:56:44,181] - [core.apis.routes.wms_router] - [ERROR] - [Error in POST /query endpoint: 400: Query does not match any allow-listed template]
[pid=22836] - [2026-08-13 19:56:44,181] - [core.apis.routes.wms_router] - [ERROR] - [Error in POST /query endpoint: 400: Query does not match any allow-listed template]
[pid=22836] - [2026-08-13 19:56:44,181] - [core.apis.routes.wms_router] - [ERROR] - [Error in POST /query endpoint: 400: Query does not match any allow-listed template]
[pid=22836] - [2026-08-13 19:56:44,181] - [core.apis.routes.wms_router] - [ERROR] - [Error in POST /query endpoint: 400: Query does not match any allow-listed template]
[pid=22836] - [2026-08-13 19:56:44,181] - [core.apis.routes.wms_router] - [ERROR] - [Error in POST /query endpoint: 400: Query does not match any allow-listed template]
[pid=22836] - [2026-08-13 19:56:44,181] - [core.apis.routes.wms_router] - [ERROR] - [Error in POST /query endpoint: 400: Query does not match any allow-listed template]
[pid=22836] - [2026-08-13 19:56:44,181] - [core.apis.routes.wms_router] - [ERROR] - [Error in POST /query endpoint: 400: Query does not match any allow-listed template]
[pid=22836] - [2026-08-13 19:56:44,181] - [core.apis.routes.wms_router] - [ERROR] - [Error in POST /query endpoint: 400: Query does not match any allow-listed template]
[pid=22836] - [2026-08-13 19:56:44,181] - [core.apis.routes.wms_router] - [ERROR] - [Error in POST /query endpoint: 400: Query does not match any allow-listed template]
[pid=22836] - [2026-08-13 19:56:44,181] - [core.apis.routes.wms_router] - [ERROR] - [Error in POST /query endpoint: 400: Query does not match any allow-listed template]
[pid=22836] - [2026-08-13 19:56:44,186] - [commons.auth] - [INFO] - [Executing get_current_user dependency]
[pid=22836] - [2026-08-13 19:56:44,186] - [commons.auth] - [WARNING] - [Missing authentication token in request]
[pid=22836] - [2026-08-13 19:56:44,195] - [commons.auth] - [INFO] - [Executing get_current_user dependency]
[pid=22836] - [2026-08-13 19:56:44,198] - [core.apis.routes.wms_router] - [INFO] - [Calling POST /arrivals endpoint]
[pid=22836] - [2026-08-13 19:56:44,198] - [core.apis.routes.wms_router] - [INFO] - [Calling POST /arrivals endpoint]
[pid=22836] - [2026-08-13 19:56:44,198] - [core.apis.routes.wms_router] - [INFO] - [Calling POST /arrivals endpoint]
[pid=22836] - [2026-08-13 19:56:44,198] - [core.apis.routes.wms_router] - [INFO] - [Calling POST /arrivals endpoint]
[pid=22836] - [2026-08-13 19:56:44,198] - [core.apis.routes.wms_router] - [INFO] - [Calling POST /arrivals endpoint]
[pid=22836] - [2026-08-13 19:56:44,198] - [core.apis.routes.wms_router] - [INFO] - [Calling POST /arrivals endpoint]
[pid=22836] - [2026-08-13 19:56:44,198] - [core.apis.routes.wms_router] - [INFO] - [Calling POST /arrivals endpoint]
[pid=22836] - [2026-08-13 19:56:44,198] - [core.apis.routes.wms_router] - [INFO] - [Calling POST /arrivals endpoint]
[pid=22836] - [2026-08-13 19:56:44,198] - [core.apis.routes.wms_router] - [INFO] - [Calling POST /arrivals endpoint]
[pid=22836] - [2026-08-13 19:56:44,198] - [core.apis.routes.wms_router] - [INFO] - [Calling POST /arrivals endpoint]
[pid=22836] - [2026-08-13 19:56:44,198] - [core.apis.routes.wms_router] - [INFO] - [Calling POST /arrivals endpoint]
[pid=22836] - [2026-08-13 19:56:44,198] - [core.apis.routes.wms_router] - [INFO] - [Calling POST /arrivals endpoint]
[pid=22836] - [2026-08-13 19:56:44,198] - [core.apis.routes.wms_router] - [INFO] - [Calling POST /arrivals endpoint]
[pid=22836] - [2026-08-13 19:56:44,198] - [core.apis.routes.wms_router] - [INFO] - [Calling POST /arrivals endpoint]
[pid=22836] - [2026-08-13 19:56:44,199] - [core.controllers.wms_controller] - [INFO] - [Executing ArrivalController.process_arrival]
[pid=22836] - [2026-08-13 19:56:44,199] - [core.services.wms_service] - [INFO] - [Executing AuditService.log_mutation | Action: ARRIVE | Collection: tickets]
[pid=22836] - [2026-08-13 19:56:44,199] - [core.controllers.wms_controller] - [INFO] - [Arrival processed successfully! Generated Ticket ID: RNO-20260813-001]
[pid=22836] - [2026-08-13 19:56:44,202] - [commons.auth] - [INFO] - [Executing get_current_user dependency]
[pid=22836] - [2026-08-13 19:56:44,205] - [core.apis.routes.wms_router] - [INFO] - [Calling POST /tickets/RNO-20260813-001/items endpoint]
[pid=22836] - [2026-08-13 19:56:44,205] - [core.apis.routes.wms_router] - [INFO] - [Calling POST /tickets/RNO-20260813-001/items endpoint]
[pid=22836] - [2026-08-13 19:56:44,205] - [core.apis.routes.wms_router] - [INFO] - [Calling POST /tickets/RNO-20260813-001/items endpoint]
[pid=22836] - [2026-08-13 19:56:44,205] - [core.apis.routes.wms_router] - [INFO] - [Calling POST /tickets/RNO-20260813-001/items endpoint]
[pid=22836] - [2026-08-13 19:56:44,205] - [core.apis.routes.wms_router] - [INFO] - [Calling POST /tickets/RNO-20260813-001/items endpoint]
[pid=22836] - [2026-08-13 19:56:44,205] - [core.apis.routes.wms_router] - [INFO] - [Calling POST /tickets/RNO-20260813-001/items endpoint]
[pid=22836] - [2026-08-13 19:56:44,205] - [core.apis.routes.wms_router] - [INFO] - [Calling POST /tickets/RNO-20260813-001/items endpoint]
[pid=22836] - [2026-08-13 19:56:44,205] - [core.apis.routes.wms_router] - [INFO] - [Calling POST /tickets/RNO-20260813-001/items endpoint]
[pid=22836] - [2026-08-13 19:56:44,205] - [core.apis.routes.wms_router] - [INFO] - [Calling POST /tickets/RNO-20260813-001/items endpoint]
[pid=22836] - [2026-08-13 19:56:44,205] - [core.apis.routes.wms_router] - [INFO] - [Calling POST /tickets/RNO-20260813-001/items endpoint]
[pid=22836] - [2026-08-13 19:56:44,205] - [core.apis.routes.wms_router] - [INFO] - [Calling POST /tickets/RNO-20260813-001/items endpoint]
[pid=22836] - [2026-08-13 19:56:44,205] - [core.apis.routes.wms_router] - [INFO] - [Calling POST /tickets/RNO-20260813-001/items endpoint]
[pid=22836] - [2026-08-13 19:56:44,205] - [core.apis.routes.wms_router] - [INFO] - [Calling POST /tickets/RNO-20260813-001/items endpoint]
[pid=22836] - [2026-08-13 19:56:44,205] - [core.apis.routes.wms_router] - [INFO] - [Calling POST /tickets/RNO-20260813-001/items endpoint]
[pid=22836] - [2026-08-13 19:56:44,205] - [core.controllers.wms_controller] - [INFO] - [Executing TicketController.log_item_scan for ticket: RNO-20260813-001]
[pid=22836] - [2026-08-13 19:56:44,205] - [core.services.wms_service] - [INFO] - [Executing AuditService.log_mutation | Action: SCAN_ITEM | Collection: items]
[pid=22836] - [2026-08-13 19:56:44,206] - [core.controllers.wms_controller] - [INFO] - [Item scanned and logged successfully! Unit Seq: 1 under Ticket: RNO-20260813-001]
[pid=22836] - [2026-08-13 19:56:44,207] - [commons.auth] - [INFO] - [Executing get_current_user dependency]
[pid=22836] - [2026-08-13 19:56:44,208] - [core.apis.routes.wms_router] - [INFO] - [Calling PUT /tickets/ticket123/submit-inspection endpoint]
[pid=22836] - [2026-08-13 19:56:44,208] - [core.apis.routes.wms_router] - [INFO] - [Calling PUT /tickets/ticket123/submit-inspection endpoint]
[pid=22836] - [2026-08-13 19:56:44,208] - [core.apis.routes.wms_router] - [INFO] - [Calling PUT /tickets/ticket123/submit-inspection endpoint]
[pid=22836] - [2026-08-13 19:56:44,208] - [core.apis.routes.wms_router] - [INFO] - [Calling PUT /tickets/ticket123/submit-inspection endpoint]
[pid=22836] - [2026-08-13 19:56:44,208] - [core.apis.routes.wms_router] - [INFO] - [Calling PUT /tickets/ticket123/submit-inspection endpoint]
[pid=22836] - [2026-08-13 19:56:44,208] - [core.apis.routes.wms_router] - [INFO] - [Calling PUT /tickets/ticket123/submit-inspection endpoint]
[pid=22836] - [2026-08-13 19:56:44,208] - [core.apis.routes.wms_router] - [INFO] - [Calling PUT /tickets/ticket123/submit-inspection endpoint]
[pid=22836] - [2026-08-13 19:56:44,208] - [core.apis.routes.wms_router] - [INFO] - [Calling PUT /tickets/ticket123/submit-inspection endpoint]
[pid=22836] - [2026-08-13 19:56:44,208] - [core.apis.routes.wms_router] - [INFO] - [Calling PUT /tickets/ticket123/submit-inspection endpoint]
[pid=22836] - [2026-08-13 19:56:44,208] - [core.apis.routes.wms_router] - [INFO] - [Calling PUT /tickets/ticket123/submit-inspection endpoint]
[pid=22836] - [2026-08-13 19:56:44,208] - [core.apis.routes.wms_router] - [INFO] - [Calling PUT /tickets/ticket123/submit-inspection endpoint]
[pid=22836] - [2026-08-13 19:56:44,208] - [core.apis.routes.wms_router] - [INFO] - [Calling PUT /tickets/ticket123/submit-inspection endpoint]
[pid=22836] - [2026-08-13 19:56:44,208] - [core.apis.routes.wms_router] - [INFO] - [Calling PUT /tickets/ticket123/submit-inspection endpoint]
[pid=22836] - [2026-08-13 19:56:44,208] - [core.apis.routes.wms_router] - [INFO] - [Calling PUT /tickets/ticket123/submit-inspection endpoint]
[pid=22836] - [2026-08-13 19:56:44,208] - [core.controllers.wms_controller] - [INFO] - [Executing TicketController.submit_inspection for: ticket123]
[pid=22836] - [2026-08-13 19:56:44,208] - [core.services.wms_service] - [INFO] - [Executing AuditService.log_mutation | Action: SUBMIT_INSPECTION | Collection: tickets]
[pid=22836] - [2026-08-13 19:56:44,208] - [core.controllers.wms_controller] - [INFO] - [Ticket submitted for inspection approval: RNO-20260813-001]
[pid=22836] - [2026-08-13 19:56:44,210] - [commons.auth] - [INFO] - [Executing get_current_user dependency]
[pid=22836] - [2026-08-13 19:56:44,210] - [commons.auth] - [INFO] - [Executing require_roles dependency check]
[pid=22836] - [2026-08-13 19:56:44,210] - [core.apis.routes.wms_router] - [INFO] - [Calling POST /tickets/ticket123/approve endpoint]
[pid=22836] - [2026-08-13 19:56:44,210] - [core.apis.routes.wms_router] - [INFO] - [Calling POST /tickets/ticket123/approve endpoint]
[pid=22836] - [2026-08-13 19:56:44,210] - [core.apis.routes.wms_router] - [INFO] - [Calling POST /tickets/ticket123/approve endpoint]
[pid=22836] - [2026-08-13 19:56:44,210] - [core.apis.routes.wms_router] - [INFO] - [Calling POST /tickets/ticket123/approve endpoint]
[pid=22836] - [2026-08-13 19:56:44,210] - [core.apis.routes.wms_router] - [INFO] - [Calling POST /tickets/ticket123/approve endpoint]
[pid=22836] - [2026-08-13 19:56:44,210] - [core.apis.routes.wms_router] - [INFO] - [Calling POST /tickets/ticket123/approve endpoint]
[pid=22836] - [2026-08-13 19:56:44,210] - [core.apis.routes.wms_router] - [INFO] - [Calling POST /tickets/ticket123/approve endpoint]
[pid=22836] - [2026-08-13 19:56:44,210] - [core.apis.routes.wms_router] - [INFO] - [Calling POST /tickets/ticket123/approve endpoint]
[pid=22836] - [2026-08-13 19:56:44,210] - [core.apis.routes.wms_router] - [INFO] - [Calling POST /tickets/ticket123/approve endpoint]
[pid=22836] - [2026-08-13 19:56:44,210] - [core.apis.routes.wms_router] - [INFO] - [Calling POST /tickets/ticket123/approve endpoint]
[pid=22836] - [2026-08-13 19:56:44,210] - [core.apis.routes.wms_router] - [INFO] - [Calling POST /tickets/ticket123/approve endpoint]
[pid=22836] - [2026-08-13 19:56:44,210] - [core.apis.routes.wms_router] - [INFO] - [Calling POST /tickets/ticket123/approve endpoint]
[pid=22836] - [2026-08-13 19:56:44,210] - [core.apis.routes.wms_router] - [INFO] - [Calling POST /tickets/ticket123/approve endpoint]
[pid=22836] - [2026-08-13 19:56:44,210] - [core.apis.routes.wms_router] - [INFO] - [Calling POST /tickets/ticket123/approve endpoint]
[pid=22836] - [2026-08-13 19:56:44,210] - [core.controllers.wms_controller] - [INFO] - [Executing TicketController.approve_ticket for: ticket123]
[pid=22836] - [2026-08-13 19:56:44,211] - [core.services.wms_service] - [INFO] - [Executing AuditService.log_mutation | Action: APPROVE | Collection: tickets]
[pid=22836] - [2026-08-13 19:56:44,211] - [core.controllers.wms_controller] - [INFO] - [Ticket APPROVED: ticket123]
[pid=22836] - [2026-08-13 19:56:44,213] - [commons.auth] - [INFO] - [Executing get_current_user dependency]
[pid=22836] - [2026-08-13 19:56:44,214] - [core.apis.routes.wms_router] - [INFO] - [Calling POST /tickets/ticket123/store endpoint]
[pid=22836] - [2026-08-13 19:56:44,214] - [core.apis.routes.wms_router] - [INFO] - [Calling POST /tickets/ticket123/store endpoint]
[pid=22836] - [2026-08-13 19:56:44,214] - [core.apis.routes.wms_router] - [INFO] - [Calling POST /tickets/ticket123/store endpoint]
[pid=22836] - [2026-08-13 19:56:44,214] - [core.apis.routes.wms_router] - [INFO] - [Calling POST /tickets/ticket123/store endpoint]
[pid=22836] - [2026-08-13 19:56:44,214] - [core.apis.routes.wms_router] - [INFO] - [Calling POST /tickets/ticket123/store endpoint]
[pid=22836] - [2026-08-13 19:56:44,214] - [core.apis.routes.wms_router] - [INFO] - [Calling POST /tickets/ticket123/store endpoint]
[pid=22836] - [2026-08-13 19:56:44,214] - [core.apis.routes.wms_router] - [INFO] - [Calling POST /tickets/ticket123/store endpoint]
[pid=22836] - [2026-08-13 19:56:44,214] - [core.apis.routes.wms_router] - [INFO] - [Calling POST /tickets/ticket123/store endpoint]
[pid=22836] - [2026-08-13 19:56:44,214] - [core.apis.routes.wms_router] - [INFO] - [Calling POST /tickets/ticket123/store endpoint]
[pid=22836] - [2026-08-13 19:56:44,214] - [core.apis.routes.wms_router] - [INFO] - [Calling POST /tickets/ticket123/store endpoint]
[pid=22836] - [2026-08-13 19:56:44,214] - [core.apis.routes.wms_router] - [INFO] - [Calling POST /tickets/ticket123/store endpoint]
[pid=22836] - [2026-08-13 19:56:44,214] - [core.apis.routes.wms_router] - [INFO] - [Calling POST /tickets/ticket123/store endpoint]
[pid=22836] - [2026-08-13 19:56:44,214] - [core.apis.routes.wms_router] - [INFO] - [Calling POST /tickets/ticket123/store endpoint]
[pid=22836] - [2026-08-13 19:56:44,214] - [core.apis.routes.wms_router] - [INFO] - [Calling POST /tickets/ticket123/store endpoint]
[pid=22836] - [2026-08-13 19:56:44,214] - [core.controllers.wms_controller] - [INFO] - [Executing TicketController.store_ticket for: ticket123]
[pid=22836] - [2026-08-13 19:56:44,214] - [core.services.wms_service] - [INFO] - [Executing AuditService.log_mutation | Action: STORE | Collection: tickets]
[pid=22836] - [2026-08-13 19:56:44,214] - [core.controllers.wms_controller] - [INFO] - [Ticket STORED at location: A-04-12]
[pid=22836] - [2026-08-13 19:56:44,224] - [commons.auth] - [INFO] - [Executing get_current_user dependency]
[pid=22836] - [2026-08-13 19:56:44,224] - [core.apis.routes.wms_router] - [INFO] - [Calling POST /arrivals endpoint]
[pid=22836] - [2026-08-13 19:56:44,224] - [core.apis.routes.wms_router] - [INFO] - [Calling POST /arrivals endpoint]
[pid=22836] - [2026-08-13 19:56:44,224] - [core.apis.routes.wms_router] - [INFO] - [Calling POST /arrivals endpoint]
[pid=22836] - [2026-08-13 19:56:44,224] - [core.apis.routes.wms_router] - [INFO] - [Calling POST /arrivals endpoint]
[pid=22836] - [2026-08-13 19:56:44,224] - [core.apis.routes.wms_router] - [INFO] - [Calling POST /arrivals endpoint]
[pid=22836] - [2026-08-13 19:56:44,224] - [core.apis.routes.wms_router] - [INFO] - [Calling POST /arrivals endpoint]
[pid=22836] - [2026-08-13 19:56:44,224] - [core.apis.routes.wms_router] - [INFO] - [Calling POST /arrivals endpoint]
[pid=22836] - [2026-08-13 19:56:44,224] - [core.apis.routes.wms_router] - [INFO] - [Calling POST /arrivals endpoint]
[pid=22836] - [2026-08-13 19:56:44,224] - [core.apis.routes.wms_router] - [INFO] - [Calling POST /arrivals endpoint]
[pid=22836] - [2026-08-13 19:56:44,224] - [core.apis.routes.wms_router] - [INFO] - [Calling POST /arrivals endpoint]
[pid=22836] - [2026-08-13 19:56:44,224] - [core.apis.routes.wms_router] - [INFO] - [Calling POST /arrivals endpoint]
[pid=22836] - [2026-08-13 19:56:44,224] - [core.apis.routes.wms_router] - [INFO] - [Calling POST /arrivals endpoint]
[pid=22836] - [2026-08-13 19:56:44,224] - [core.apis.routes.wms_router] - [INFO] - [Calling POST /arrivals endpoint]
[pid=22836] - [2026-08-13 19:56:44,224] - [core.apis.routes.wms_router] - [INFO] - [Calling POST /arrivals endpoint]
[pid=22836] - [2026-08-13 19:56:44,225] - [core.controllers.wms_controller] - [INFO] - [Executing ArrivalController.process_arrival]
[pid=22836] - [2026-08-13 19:56:44,225] - [core.services.wms_service] - [INFO] - [Executing AuditService.log_mutation | Action: ARRIVE | Collection: tickets]
[pid=22836] - [2026-08-13 19:56:44,226] - [core.controllers.wms_controller] - [INFO] - [Arrival processed successfully! Generated Ticket ID: LAX-20260813-001]
[pid=22836] - [2026-08-13 19:56:44,237] - [commons.auth] - [INFO] - [Executing get_current_user dependency]
[pid=22836] - [2026-08-13 19:56:44,238] - [core.apis.routes.wms_router] - [INFO] - [Calling POST /tickets/RNO-20260813-001/items endpoint]
[pid=22836] - [2026-08-13 19:56:44,238] - [core.apis.routes.wms_router] - [INFO] - [Calling POST /tickets/RNO-20260813-001/items endpoint]
[pid=22836] - [2026-08-13 19:56:44,238] - [core.apis.routes.wms_router] - [INFO] - [Calling POST /tickets/RNO-20260813-001/items endpoint]
[pid=22836] - [2026-08-13 19:56:44,238] - [core.apis.routes.wms_router] - [INFO] - [Calling POST /tickets/RNO-20260813-001/items endpoint]
[pid=22836] - [2026-08-13 19:56:44,238] - [core.apis.routes.wms_router] - [INFO] - [Calling POST /tickets/RNO-20260813-001/items endpoint]
[pid=22836] - [2026-08-13 19:56:44,238] - [core.apis.routes.wms_router] - [INFO] - [Calling POST /tickets/RNO-20260813-001/items endpoint]
[pid=22836] - [2026-08-13 19:56:44,238] - [core.apis.routes.wms_router] - [INFO] - [Calling POST /tickets/RNO-20260813-001/items endpoint]
[pid=22836] - [2026-08-13 19:56:44,238] - [core.apis.routes.wms_router] - [INFO] - [Calling POST /tickets/RNO-20260813-001/items endpoint]
[pid=22836] - [2026-08-13 19:56:44,238] - [core.apis.routes.wms_router] - [INFO] - [Calling POST /tickets/RNO-20260813-001/items endpoint]
[pid=22836] - [2026-08-13 19:56:44,238] - [core.apis.routes.wms_router] - [INFO] - [Calling POST /tickets/RNO-20260813-001/items endpoint]
[pid=22836] - [2026-08-13 19:56:44,238] - [core.apis.routes.wms_router] - [INFO] - [Calling POST /tickets/RNO-20260813-001/items endpoint]
[pid=22836] - [2026-08-13 19:56:44,238] - [core.apis.routes.wms_router] - [INFO] - [Calling POST /tickets/RNO-20260813-001/items endpoint]
[pid=22836] - [2026-08-13 19:56:44,238] - [core.apis.routes.wms_router] - [INFO] - [Calling POST /tickets/RNO-20260813-001/items endpoint]
[pid=22836] - [2026-08-13 19:56:44,238] - [core.apis.routes.wms_router] - [INFO] - [Calling POST /tickets/RNO-20260813-001/items endpoint]
[pid=22836] - [2026-08-13 19:56:44,239] - [core.controllers.wms_controller] - [INFO] - [Executing TicketController.log_item_scan for ticket: RNO-20260813-001]
[pid=22836] - [2026-08-13 19:56:44,239] - [core.apis.routes.wms_router] - [ERROR] - [Error in POST /tickets/RNO-20260813-001/items endpoint: 409: Duplicate submission]
[pid=22836] - [2026-08-13 19:56:44,239] - [core.apis.routes.wms_router] - [ERROR] - [Error in POST /tickets/RNO-20260813-001/items endpoint: 409: Duplicate submission]
[pid=22836] - [2026-08-13 19:56:44,239] - [core.apis.routes.wms_router] - [ERROR] - [Error in POST /tickets/RNO-20260813-001/items endpoint: 409: Duplicate submission]
[pid=22836] - [2026-08-13 19:56:44,239] - [core.apis.routes.wms_router] - [ERROR] - [Error in POST /tickets/RNO-20260813-001/items endpoint: 409: Duplicate submission]
[pid=22836] - [2026-08-13 19:56:44,239] - [core.apis.routes.wms_router] - [ERROR] - [Error in POST /tickets/RNO-20260813-001/items endpoint: 409: Duplicate submission]
[pid=22836] - [2026-08-13 19:56:44,239] - [core.apis.routes.wms_router] - [ERROR] - [Error in POST /tickets/RNO-20260813-001/items endpoint: 409: Duplicate submission]
[pid=22836] - [2026-08-13 19:56:44,239] - [core.apis.routes.wms_router] - [ERROR] - [Error in POST /tickets/RNO-20260813-001/items endpoint: 409: Duplicate submission]
[pid=22836] - [2026-08-13 19:56:44,239] - [core.apis.routes.wms_router] - [ERROR] - [Error in POST /tickets/RNO-20260813-001/items endpoint: 409: Duplicate submission]
[pid=22836] - [2026-08-13 19:56:44,239] - [core.apis.routes.wms_router] - [ERROR] - [Error in POST /tickets/RNO-20260813-001/items endpoint: 409: Duplicate submission]
[pid=22836] - [2026-08-13 19:56:44,239] - [core.apis.routes.wms_router] - [ERROR] - [Error in POST /tickets/RNO-20260813-001/items endpoint: 409: Duplicate submission]
[pid=22836] - [2026-08-13 19:56:44,239] - [core.apis.routes.wms_router] - [ERROR] - [Error in POST /tickets/RNO-20260813-001/items endpoint: 409: Duplicate submission]
[pid=22836] - [2026-08-13 19:56:44,239] - [core.apis.routes.wms_router] - [ERROR] - [Error in POST /tickets/RNO-20260813-001/items endpoint: 409: Duplicate submission]
[pid=22836] - [2026-08-13 19:56:44,239] - [core.apis.routes.wms_router] - [ERROR] - [Error in POST /tickets/RNO-20260813-001/items endpoint: 409: Duplicate submission]
[pid=22836] - [2026-08-13 19:56:44,239] - [core.apis.routes.wms_router] - [ERROR] - [Error in POST /tickets/RNO-20260813-001/items endpoint: 409: Duplicate submission]
[pid=22836] - [2026-08-13 19:56:44,254] - [commons.auth] - [INFO] - [Executing get_current_user dependency]
[pid=22836] - [2026-08-13 19:56:44,259] - [core.apis.routes.wms_router] - [INFO] - [Calling POST /orders endpoint]
[pid=22836] - [2026-08-13 19:56:44,259] - [core.apis.routes.wms_router] - [INFO] - [Calling POST /orders endpoint]
[pid=22836] - [2026-08-13 19:56:44,259] - [core.apis.routes.wms_router] - [INFO] - [Calling POST /orders endpoint]
[pid=22836] - [2026-08-13 19:56:44,259] - [core.apis.routes.wms_router] - [INFO] - [Calling POST /orders endpoint]
[pid=22836] - [2026-08-13 19:56:44,259] - [core.apis.routes.wms_router] - [INFO] - [Calling POST /orders endpoint]
[pid=22836] - [2026-08-13 19:56:44,259] - [core.apis.routes.wms_router] - [INFO] - [Calling POST /orders endpoint]
[pid=22836] - [2026-08-13 19:56:44,259] - [core.apis.routes.wms_router] - [INFO] - [Calling POST /orders endpoint]
[pid=22836] - [2026-08-13 19:56:44,259] - [core.apis.routes.wms_router] - [INFO] - [Calling POST /orders endpoint]
[pid=22836] - [2026-08-13 19:56:44,259] - [core.apis.routes.wms_router] - [INFO] - [Calling POST /orders endpoint]
[pid=22836] - [2026-08-13 19:56:44,259] - [core.apis.routes.wms_router] - [INFO] - [Calling POST /orders endpoint]
[pid=22836] - [2026-08-13 19:56:44,259] - [core.apis.routes.wms_router] - [INFO] - [Calling POST /orders endpoint]
[pid=22836] - [2026-08-13 19:56:44,259] - [core.apis.routes.wms_router] - [INFO] - [Calling POST /orders endpoint]
[pid=22836] - [2026-08-13 19:56:44,259] - [core.apis.routes.wms_router] - [INFO] - [Calling POST /orders endpoint]
[pid=22836] - [2026-08-13 19:56:44,259] - [core.apis.routes.wms_router] - [INFO] - [Calling POST /orders endpoint]
[pid=22836] - [2026-08-13 19:56:44,260] - [core.controllers.wms_controller] - [INFO] - [Executing OrderController.create_order]
[pid=22836] - [2026-08-13 19:56:44,260] - [core.services.wms_service] - [INFO] - [Executing AuditService.log_mutation | Action: CREATE | Collection: orders]
[pid=22836] - [2026-08-13 19:56:44,260] - [core.controllers.wms_controller] - [INFO] - [Customer order created successfully: ORD-1001]
[pid=22836] - [2026-08-13 19:56:44,269] - [commons.auth] - [INFO] - [Executing get_current_user dependency]
[pid=22836] - [2026-08-13 19:56:44,270] - [core.apis.routes.wms_router] - [INFO] - [Calling POST /orders/ORD-1001/reserve endpoint]
[pid=22836] - [2026-08-13 19:56:44,270] - [core.apis.routes.wms_router] - [INFO] - [Calling POST /orders/ORD-1001/reserve endpoint]
[pid=22836] - [2026-08-13 19:56:44,270] - [core.apis.routes.wms_router] - [INFO] - [Calling POST /orders/ORD-1001/reserve endpoint]
[pid=22836] - [2026-08-13 19:56:44,270] - [core.apis.routes.wms_router] - [INFO] - [Calling POST /orders/ORD-1001/reserve endpoint]
[pid=22836] - [2026-08-13 19:56:44,270] - [core.apis.routes.wms_router] - [INFO] - [Calling POST /orders/ORD-1001/reserve endpoint]
[pid=22836] - [2026-08-13 19:56:44,270] - [core.apis.routes.wms_router] - [INFO] - [Calling POST /orders/ORD-1001/reserve endpoint]
[pid=22836] - [2026-08-13 19:56:44,270] - [core.apis.routes.wms_router] - [INFO] - [Calling POST /orders/ORD-1001/reserve endpoint]
[pid=22836] - [2026-08-13 19:56:44,270] - [core.apis.routes.wms_router] - [INFO] - [Calling POST /orders/ORD-1001/reserve endpoint]
[pid=22836] - [2026-08-13 19:56:44,270] - [core.apis.routes.wms_router] - [INFO] - [Calling POST /orders/ORD-1001/reserve endpoint]
[pid=22836] - [2026-08-13 19:56:44,270] - [core.apis.routes.wms_router] - [INFO] - [Calling POST /orders/ORD-1001/reserve endpoint]
[pid=22836] - [2026-08-13 19:56:44,270] - [core.apis.routes.wms_router] - [INFO] - [Calling POST /orders/ORD-1001/reserve endpoint]
[pid=22836] - [2026-08-13 19:56:44,270] - [core.apis.routes.wms_router] - [INFO] - [Calling POST /orders/ORD-1001/reserve endpoint]
[pid=22836] - [2026-08-13 19:56:44,270] - [core.apis.routes.wms_router] - [INFO] - [Calling POST /orders/ORD-1001/reserve endpoint]
[pid=22836] - [2026-08-13 19:56:44,270] - [core.apis.routes.wms_router] - [INFO] - [Calling POST /orders/ORD-1001/reserve endpoint]
[pid=22836] - [2026-08-13 19:56:44,271] - [core.controllers.wms_controller] - [INFO] - [Executing OrderController.reserve_order for: ORD-1001]
[pid=22836] - [2026-08-13 19:56:44,273] - [core.services.wms_service] - [INFO] - [Executing AuditService.log_mutation | Action: RESERVE | Collection: orders]
[pid=22836] - [2026-08-13 19:56:44,274] - [core.controllers.wms_controller] - [INFO] - [Order reserved successfully! Reserved items: 1]
[pid=22836] - [2026-08-13 19:56:44,281] - [commons.auth] - [INFO] - [Executing get_current_user dependency]
[pid=22836] - [2026-08-13 19:56:44,283] - [core.apis.routes.wms_router] - [INFO] - [Calling GET /orders/ORD-1001/picklist endpoint]
[pid=22836] - [2026-08-13 19:56:44,283] - [core.apis.routes.wms_router] - [INFO] - [Calling GET /orders/ORD-1001/picklist endpoint]
[pid=22836] - [2026-08-13 19:56:44,283] - [core.apis.routes.wms_router] - [INFO] - [Calling GET /orders/ORD-1001/picklist endpoint]
[pid=22836] - [2026-08-13 19:56:44,283] - [core.apis.routes.wms_router] - [INFO] - [Calling GET /orders/ORD-1001/picklist endpoint]
[pid=22836] - [2026-08-13 19:56:44,283] - [core.apis.routes.wms_router] - [INFO] - [Calling GET /orders/ORD-1001/picklist endpoint]
[pid=22836] - [2026-08-13 19:56:44,283] - [core.apis.routes.wms_router] - [INFO] - [Calling GET /orders/ORD-1001/picklist endpoint]
[pid=22836] - [2026-08-13 19:56:44,283] - [core.apis.routes.wms_router] - [INFO] - [Calling GET /orders/ORD-1001/picklist endpoint]
[pid=22836] - [2026-08-13 19:56:44,283] - [core.apis.routes.wms_router] - [INFO] - [Calling GET /orders/ORD-1001/picklist endpoint]
[pid=22836] - [2026-08-13 19:56:44,283] - [core.apis.routes.wms_router] - [INFO] - [Calling GET /orders/ORD-1001/picklist endpoint]
[pid=22836] - [2026-08-13 19:56:44,283] - [core.apis.routes.wms_router] - [INFO] - [Calling GET /orders/ORD-1001/picklist endpoint]
[pid=22836] - [2026-08-13 19:56:44,283] - [core.apis.routes.wms_router] - [INFO] - [Calling GET /orders/ORD-1001/picklist endpoint]
[pid=22836] - [2026-08-13 19:56:44,283] - [core.apis.routes.wms_router] - [INFO] - [Calling GET /orders/ORD-1001/picklist endpoint]
[pid=22836] - [2026-08-13 19:56:44,283] - [core.apis.routes.wms_router] - [INFO] - [Calling GET /orders/ORD-1001/picklist endpoint]
[pid=22836] - [2026-08-13 19:56:44,283] - [core.apis.routes.wms_router] - [INFO] - [Calling GET /orders/ORD-1001/picklist endpoint]
[pid=22836] - [2026-08-13 19:56:44,285] - [core.apis.routes.wms_router] - [ERROR] - [Error in GET /orders/ORD-1001/picklist endpoint: 'OrderController' object has no attribute 'get_picklist']
[pid=22836] - [2026-08-13 19:56:44,285] - [core.apis.routes.wms_router] - [ERROR] - [Error in GET /orders/ORD-1001/picklist endpoint: 'OrderController' object has no attribute 'get_picklist']
[pid=22836] - [2026-08-13 19:56:44,285] - [core.apis.routes.wms_router] - [ERROR] - [Error in GET /orders/ORD-1001/picklist endpoint: 'OrderController' object has no attribute 'get_picklist']
[pid=22836] - [2026-08-13 19:56:44,285] - [core.apis.routes.wms_router] - [ERROR] - [Error in GET /orders/ORD-1001/picklist endpoint: 'OrderController' object has no attribute 'get_picklist']
[pid=22836] - [2026-08-13 19:56:44,285] - [core.apis.routes.wms_router] - [ERROR] - [Error in GET /orders/ORD-1001/picklist endpoint: 'OrderController' object has no attribute 'get_picklist']
[pid=22836] - [2026-08-13 19:56:44,285] - [core.apis.routes.wms_router] - [ERROR] - [Error in GET /orders/ORD-1001/picklist endpoint: 'OrderController' object has no attribute 'get_picklist']
[pid=22836] - [2026-08-13 19:56:44,285] - [core.apis.routes.wms_router] - [ERROR] - [Error in GET /orders/ORD-1001/picklist endpoint: 'OrderController' object has no attribute 'get_picklist']
[pid=22836] - [2026-08-13 19:56:44,285] - [core.apis.routes.wms_router] - [ERROR] - [Error in GET /orders/ORD-1001/picklist endpoint: 'OrderController' object has no attribute 'get_picklist']
[pid=22836] - [2026-08-13 19:56:44,285] - [core.apis.routes.wms_router] - [ERROR] - [Error in GET /orders/ORD-1001/picklist endpoint: 'OrderController' object has no attribute 'get_picklist']
[pid=22836] - [2026-08-13 19:56:44,285] - [core.apis.routes.wms_router] - [ERROR] - [Error in GET /orders/ORD-1001/picklist endpoint: 'OrderController' object has no attribute 'get_picklist']
[pid=22836] - [2026-08-13 19:56:44,285] - [core.apis.routes.wms_router] - [ERROR] - [Error in GET /orders/ORD-1001/picklist endpoint: 'OrderController' object has no attribute 'get_picklist']
[pid=22836] - [2026-08-13 19:56:44,285] - [core.apis.routes.wms_router] - [ERROR] - [Error in GET /orders/ORD-1001/picklist endpoint: 'OrderController' object has no attribute 'get_picklist']
[pid=22836] - [2026-08-13 19:56:44,285] - [core.apis.routes.wms_router] - [ERROR] - [Error in GET /orders/ORD-1001/picklist endpoint: 'OrderController' object has no attribute 'get_picklist']
[pid=22836] - [2026-08-13 19:56:44,285] - [core.apis.routes.wms_router] - [ERROR] - [Error in GET /orders/ORD-1001/picklist endpoint: 'OrderController' object has no attribute 'get_picklist']
[pid=22836] - [2026-08-13 19:56:44,518] - [commons.auth] - [INFO] - [Executing get_current_user dependency]
[pid=22836] - [2026-08-13 19:56:44,519] - [core.apis.routes.wms_router] - [INFO] - [Calling POST /orders/ORD-PARALLEL/reserve endpoint]
[pid=22836] - [2026-08-13 19:56:44,519] - [core.apis.routes.wms_router] - [INFO] - [Calling POST /orders/ORD-PARALLEL/reserve endpoint]
[pid=22836] - [2026-08-13 19:56:44,519] - [core.apis.routes.wms_router] - [INFO] - [Calling POST /orders/ORD-PARALLEL/reserve endpoint]
[pid=22836] - [2026-08-13 19:56:44,519] - [core.apis.routes.wms_router] - [INFO] - [Calling POST /orders/ORD-PARALLEL/reserve endpoint]
[pid=22836] - [2026-08-13 19:56:44,519] - [core.apis.routes.wms_router] - [INFO] - [Calling POST /orders/ORD-PARALLEL/reserve endpoint]
[pid=22836] - [2026-08-13 19:56:44,519] - [core.apis.routes.wms_router] - [INFO] - [Calling POST /orders/ORD-PARALLEL/reserve endpoint]
[pid=22836] - [2026-08-13 19:56:44,519] - [core.apis.routes.wms_router] - [INFO] - [Calling POST /orders/ORD-PARALLEL/reserve endpoint]
[pid=22836] - [2026-08-13 19:56:44,519] - [core.apis.routes.wms_router] - [INFO] - [Calling POST /orders/ORD-PARALLEL/reserve endpoint]
[pid=22836] - [2026-08-13 19:56:44,519] - [core.apis.routes.wms_router] - [INFO] - [Calling POST /orders/ORD-PARALLEL/reserve endpoint]
[pid=22836] - [2026-08-13 19:56:44,519] - [core.apis.routes.wms_router] - [INFO] - [Calling POST /orders/ORD-PARALLEL/reserve endpoint]
[pid=22836] - [2026-08-13 19:56:44,519] - [core.apis.routes.wms_router] - [INFO] - [Calling POST /orders/ORD-PARALLEL/reserve endpoint]
[pid=22836] - [2026-08-13 19:56:44,519] - [core.apis.routes.wms_router] - [INFO] - [Calling POST /orders/ORD-PARALLEL/reserve endpoint]
[pid=22836] - [2026-08-13 19:56:44,519] - [core.apis.routes.wms_router] - [INFO] - [Calling POST /orders/ORD-PARALLEL/reserve endpoint]
[pid=22836] - [2026-08-13 19:56:44,519] - [core.apis.routes.wms_router] - [INFO] - [Calling POST /orders/ORD-PARALLEL/reserve endpoint]
[pid=22836] - [2026-08-13 19:56:44,519] - [core.controllers.wms_controller] - [INFO] - [Executing OrderController.reserve_order for: ORD-PARALLEL]
[pid=22836] - [2026-08-13 19:56:44,524] - [core.controllers.wms_controller] - [INFO] - [Order reserved successfully! Reserved items: 1]
[pid=22836] - [2026-08-13 19:56:44,526] - [commons.auth] - [INFO] - [Executing get_current_user dependency]
[pid=22836] - [2026-08-13 19:56:44,526] - [core.apis.routes.wms_router] - [INFO] - [Calling POST /orders/ORD-PARALLEL/reserve endpoint]
[pid=22836] - [2026-08-13 19:56:44,526] - [core.apis.routes.wms_router] - [INFO] - [Calling POST /orders/ORD-PARALLEL/reserve endpoint]
[pid=22836] - [2026-08-13 19:56:44,526] - [core.apis.routes.wms_router] - [INFO] - [Calling POST /orders/ORD-PARALLEL/reserve endpoint]
[pid=22836] - [2026-08-13 19:56:44,526] - [core.apis.routes.wms_router] - [INFO] - [Calling POST /orders/ORD-PARALLEL/reserve endpoint]
[pid=22836] - [2026-08-13 19:56:44,526] - [core.apis.routes.wms_router] - [INFO] - [Calling POST /orders/ORD-PARALLEL/reserve endpoint]
[pid=22836] - [2026-08-13 19:56:44,526] - [core.apis.routes.wms_router] - [INFO] - [Calling POST /orders/ORD-PARALLEL/reserve endpoint]
[pid=22836] - [2026-08-13 19:56:44,526] - [core.apis.routes.wms_router] - [INFO] - [Calling POST /orders/ORD-PARALLEL/reserve endpoint]
[pid=22836] - [2026-08-13 19:56:44,526] - [core.apis.routes.wms_router] - [INFO] - [Calling POST /orders/ORD-PARALLEL/reserve endpoint]
[pid=22836] - [2026-08-13 19:56:44,526] - [core.apis.routes.wms_router] - [INFO] - [Calling POST /orders/ORD-PARALLEL/reserve endpoint]
[pid=22836] - [2026-08-13 19:56:44,526] - [core.apis.routes.wms_router] - [INFO] - [Calling POST /orders/ORD-PARALLEL/reserve endpoint]
[pid=22836] - [2026-08-13 19:56:44,526] - [core.apis.routes.wms_router] - [INFO] - [Calling POST /orders/ORD-PARALLEL/reserve endpoint]
[pid=22836] - [2026-08-13 19:56:44,526] - [core.apis.routes.wms_router] - [INFO] - [Calling POST /orders/ORD-PARALLEL/reserve endpoint]
[pid=22836] - [2026-08-13 19:56:44,526] - [core.apis.routes.wms_router] - [INFO] - [Calling POST /orders/ORD-PARALLEL/reserve endpoint]
[pid=22836] - [2026-08-13 19:56:44,526] - [core.apis.routes.wms_router] - [INFO] - [Calling POST /orders/ORD-PARALLEL/reserve endpoint]
[pid=22836] - [2026-08-13 19:56:44,527] - [core.controllers.wms_controller] - [INFO] - [Executing OrderController.reserve_order for: ORD-PARALLEL]
[pid=22836] - [2026-08-13 19:56:44,528] - [core.controllers.wms_controller] - [WARNING] - [Stock reservation failed: barcode 012345678905 needs 1, available 0]
[pid=22836] - [2026-08-13 19:56:44,528] - [core.apis.routes.wms_router] - [ERROR] - [Error in POST /orders/ORD-PARALLEL/reserve endpoint: 409: Insufficient stock for barcode '012345678905'. Required: 1, Available: 0]
[pid=22836] - [2026-08-13 19:56:44,528] - [core.apis.routes.wms_router] - [ERROR] - [Error in POST /orders/ORD-PARALLEL/reserve endpoint: 409: Insufficient stock for barcode '012345678905'. Required: 1, Available: 0]
[pid=22836] - [2026-08-13 19:56:44,528] - [core.apis.routes.wms_router] - [ERROR] - [Error in POST /orders/ORD-PARALLEL/reserve endpoint: 409: Insufficient stock for barcode '012345678905'. Required: 1, Available: 0]
[pid=22836] - [2026-08-13 19:56:44,528] - [core.apis.routes.wms_router] - [ERROR] - [Error in POST /orders/ORD-PARALLEL/reserve endpoint: 409: Insufficient stock for barcode '012345678905'. Required: 1, Available: 0]
[pid=22836] - [2026-08-13 19:56:44,528] - [core.apis.routes.wms_router] - [ERROR] - [Error in POST /orders/ORD-PARALLEL/reserve endpoint: 409: Insufficient stock for barcode '012345678905'. Required: 1, Available: 0]
[pid=22836] - [2026-08-13 19:56:44,528] - [core.apis.routes.wms_router] - [ERROR] - [Error in POST /orders/ORD-PARALLEL/reserve endpoint: 409: Insufficient stock for barcode '012345678905'. Required: 1, Available: 0]
[pid=22836] - [2026-08-13 19:56:44,528] - [core.apis.routes.wms_router] - [ERROR] - [Error in POST /orders/ORD-PARALLEL/reserve endpoint: 409: Insufficient stock for barcode '012345678905'. Required: 1, Available: 0]
[pid=22836] - [2026-08-13 19:56:44,528] - [core.apis.routes.wms_router] - [ERROR] - [Error in POST /orders/ORD-PARALLEL/reserve endpoint: 409: Insufficient stock for barcode '012345678905'. Required: 1, Available: 0]
[pid=22836] - [2026-08-13 19:56:44,528] - [core.apis.routes.wms_router] - [ERROR] - [Error in POST /orders/ORD-PARALLEL/reserve endpoint: 409: Insufficient stock for barcode '012345678905'. Required: 1, Available: 0]
[pid=22836] - [2026-08-13 19:56:44,528] - [core.apis.routes.wms_router] - [ERROR] - [Error in POST /orders/ORD-PARALLEL/reserve endpoint: 409: Insufficient stock for barcode '012345678905'. Required: 1, Available: 0]
[pid=22836] - [2026-08-13 19:56:44,528] - [core.apis.routes.wms_router] - [ERROR] - [Error in POST /orders/ORD-PARALLEL/reserve endpoint: 409: Insufficient stock for barcode '012345678905'. Required: 1, Available: 0]
[pid=22836] - [2026-08-13 19:56:44,528] - [core.apis.routes.wms_router] - [ERROR] - [Error in POST /orders/ORD-PARALLEL/reserve endpoint: 409: Insufficient stock for barcode '012345678905'. Required: 1, Available: 0]
[pid=22836] - [2026-08-13 19:56:44,528] - [core.apis.routes.wms_router] - [ERROR] - [Error in POST /orders/ORD-PARALLEL/reserve endpoint: 409: Insufficient stock for barcode '012345678905'. Required: 1, Available: 0]
[pid=22836] - [2026-08-13 19:56:44,528] - [core.apis.routes.wms_router] - [ERROR] - [Error in POST /orders/ORD-PARALLEL/reserve endpoint: 409: Insufficient stock for barcode '012345678905'. Required: 1, Available: 0]
[pid=22836] - [2026-08-13 19:56:44,536] - [commons.auth] - [INFO] - [Executing get_current_user dependency]
[pid=22836] - [2026-08-13 19:56:44,536] - [commons.auth] - [INFO] - [Executing require_roles dependency check]
[pid=22836] - [2026-08-13 19:56:44,536] - [core.apis.routes.wms_router] - [INFO] - [Calling GET /reports/summary endpoint]
[pid=22836] - [2026-08-13 19:56:44,536] - [core.apis.routes.wms_router] - [INFO] - [Calling GET /reports/summary endpoint]
[pid=22836] - [2026-08-13 19:56:44,536] - [core.apis.routes.wms_router] - [INFO] - [Calling GET /reports/summary endpoint]
[pid=22836] - [2026-08-13 19:56:44,536] - [core.apis.routes.wms_router] - [INFO] - [Calling GET /reports/summary endpoint]
[pid=22836] - [2026-08-13 19:56:44,536] - [core.apis.routes.wms_router] - [INFO] - [Calling GET /reports/summary endpoint]
[pid=22836] - [2026-08-13 19:56:44,536] - [core.apis.routes.wms_router] - [INFO] - [Calling GET /reports/summary endpoint]
[pid=22836] - [2026-08-13 19:56:44,536] - [core.apis.routes.wms_router] - [INFO] - [Calling GET /reports/summary endpoint]
[pid=22836] - [2026-08-13 19:56:44,536] - [core.apis.routes.wms_router] - [INFO] - [Calling GET /reports/summary endpoint]
[pid=22836] - [2026-08-13 19:56:44,536] - [core.apis.routes.wms_router] - [INFO] - [Calling GET /reports/summary endpoint]
[pid=22836] - [2026-08-13 19:56:44,536] - [core.apis.routes.wms_router] - [INFO] - [Calling GET /reports/summary endpoint]
[pid=22836] - [2026-08-13 19:56:44,536] - [core.apis.routes.wms_router] - [INFO] - [Calling GET /reports/summary endpoint]
[pid=22836] - [2026-08-13 19:56:44,536] - [core.apis.routes.wms_router] - [INFO] - [Calling GET /reports/summary endpoint]
[pid=22836] - [2026-08-13 19:56:44,536] - [core.apis.routes.wms_router] - [INFO] - [Calling GET /reports/summary endpoint]
[pid=22836] - [2026-08-13 19:56:44,536] - [core.apis.routes.wms_router] - [INFO] - [Calling GET /reports/summary endpoint]
[pid=22836] - [2026-08-13 19:56:44,666] - [core.services.integration_service] - [INFO] - [Executing ExportService.generate_csv]
[pid=22836] - [2026-08-13 19:56:44,666] - [core.services.integration_service] - [INFO] - [Executing ExportService.generate_csv]
[pid=22836] - [2026-08-13 19:56:44,667] - [core.services.integration_service] - [INFO] - [Executing ExportService.generate_xlsx]
[pid=22836] - [2026-08-13 19:56:44,677] - [core.services.integration_service] - [INFO] - [Executing ExportService.generate_xlsx]
[pid=22836] - [2026-08-13 19:56:44,687] - [core.services.integration_service] - [INFO] - [LocalStorageService initialized | Upload Dir: C:\Users\aayus\WMS\uploads]
[pid=22836] - [2026-08-13 19:56:44,687] - [core.services.integration_service] - [INFO] - [Executing LocalStorageService.save_image]
[pid=22836] - [2026-08-13 19:56:44,687] - [core.services.integration_service] - [WARNING] - [Image upload rejected: invalid extension .pdf]
[pid=22836] - [2026-08-13 19:56:44,688] - [core.services.integration_service] - [INFO] - [Executing LocalStorageService.save_image]
[pid=22836] - [2026-08-13 19:56:44,691] - [core.services.integration_service] - [INFO] - [Image saved successfully: /uploads/788a614bf52741368934cbba3bd593ef.png]
[pid=22836] - [2026-08-13 19:56:44,691] - [core.services.integration_service] - [INFO] - [LocalStorageService initialized | Upload Dir: C:\Users\aayus\WMS\uploads]
[pid=22836] - [2026-08-13 19:56:44,694] - [core.services.ai_service] - [INFO] - [Executing VisionService.measure_package]
[pid=22836] - [2026-08-13 19:56:44,694] - [core.services.ai_service] - [WARNING] - [Vision measurement failed: invalid image payload]
[pid=22836] - [2026-08-13 19:56:44,698] - [core.services.ai_service] - [INFO] - [Executing NLQueryService.execute_query: 'How many items available?']
[pid=22836] - [2026-08-13 19:56:44,698] - [core.services.ai_service] - [INFO] - [NL Query executed using template 'STOCK_AVAILABLE'. Returned 1 rows.]
[pid=22836] - [2026-08-13 19:56:44,698] - [core.services.ai_service] - [INFO] - [Executing NLQueryService.execute_query: 'Show broken stock']
[pid=22836] - [2026-08-13 19:56:44,698] - [core.services.ai_service] - [INFO] - [NL Query executed using template 'STOCK_DAMAGED'. Returned 1 rows.]
[pid=22836] - [2026-08-13 19:56:44,698] - [core.services.ai_service] - [INFO] - [Executing NLQueryService.execute_query: 'Show held stock']
[pid=22836] - [2026-08-13 19:56:44,699] - [core.services.ai_service] - [INFO] - [NL Query executed using template 'STOCK_RESERVED'. Returned 1 rows.]
[pid=22836] - [2026-08-13 19:56:44,702] - [core.services.wms_service] - [INFO] - [Executing IdempotencyService.lock_key for key: key1]
[pid=22836] - [2026-08-13 19:56:44,702] - [core.services.wms_service] - [INFO] - [Idempotency key locked successfully: key1]
[pid=22836] - [2026-08-13 19:56:44,702] - [core.services.wms_service] - [INFO] - [Executing IdempotencyService.lock_key for key: key1]
[pid=22836] - [2026-08-13 19:56:44,703] - [core.services.wms_service] - [WARNING] - [Idempotency conflict: key key1 already processed]
[pid=22836] - [2026-08-13 19:56:44,705] - [core.services.wms_service] - [INFO] - [Executing AuditService.__init__]
[pid=22836] - [2026-08-13 19:56:44,706] - [core.services.wms_service] - [INFO] - [Executing AuditService.log_mutation | Action: TEST | Collection: test]
[pid=22836] - [2026-08-13 19:56:44,709] - [core.services.ai_service] - [INFO] - [Executing VoiceService.transcribe_audio]
[pid=22836] - [2026-08-13 19:56:44,710] - [core.services.ai_service] - [INFO] - [Executing VoiceService.parse_transcript]
[pid=22836] - [2026-08-13 19:56:44,719] - [core.apis.routes.wms_router] - [INFO] - [Calling GET /health endpoint]
[pid=22836] - [2026-08-13 19:56:44,719] - [core.apis.routes.wms_router] - [INFO] - [Calling GET /health endpoint]
[pid=22836] - [2026-08-13 19:56:44,719] - [core.apis.routes.wms_router] - [INFO] - [Calling GET /health endpoint]
[pid=22836] - [2026-08-13 19:56:44,719] - [core.apis.routes.wms_router] - [INFO] - [Calling GET /health endpoint]
[pid=22836] - [2026-08-13 19:56:44,719] - [core.apis.routes.wms_router] - [INFO] - [Calling GET /health endpoint]
[pid=22836] - [2026-08-13 19:56:44,719] - [core.apis.routes.wms_router] - [INFO] - [Calling GET /health endpoint]
[pid=22836] - [2026-08-13 19:56:44,719] - [core.apis.routes.wms_router] - [INFO] - [Calling GET /health endpoint]
[pid=22836] - [2026-08-13 19:56:44,719] - [core.apis.routes.wms_router] - [INFO] - [Calling GET /health endpoint]
[pid=22836] - [2026-08-13 19:56:44,719] - [core.apis.routes.wms_router] - [INFO] - [Calling GET /health endpoint]
[pid=22836] - [2026-08-13 19:56:44,719] - [core.apis.routes.wms_router] - [INFO] - [Calling GET /health endpoint]
[pid=22836] - [2026-08-13 19:56:44,719] - [core.apis.routes.wms_router] - [INFO] - [Calling GET /health endpoint]
[pid=22836] - [2026-08-13 19:56:44,719] - [core.apis.routes.wms_router] - [INFO] - [Calling GET /health endpoint]
[pid=22836] - [2026-08-13 19:56:44,719] - [core.apis.routes.wms_router] - [INFO] - [Calling GET /health endpoint]
[pid=22836] - [2026-08-13 19:56:44,719] - [core.apis.routes.wms_router] - [INFO] - [Calling GET /health endpoint]
[pid=22836] - [2026-08-13 19:56:44,720] - [core.controllers.wms_controller] - [INFO] - [Executing HealthController.get_health]
[pid=22836] - [2026-08-13 19:56:44,720] - [core.database.database] - [INFO] - [Executing ping function]
[pid=22836] - [2026-08-13 19:56:44,720] - [core.database.database] - [INFO] - [Executing MongoDatabase function]
[pid=22836] - [2026-08-13 19:56:44,720] - [core.database.database] - [INFO] - [Executing _MongoClientSingleton.__new__ | DB: wms]
[pid=22836] - [2026-08-13 19:56:44,729] - [core.database.database] - [INFO] - [MongoDB singleton initialized successfully | URI: mongodb://localhost:27017/?replicaSet=rs0&directConnection=true]
[pid=22836] - [2026-08-13 19:56:44,768] - [core.database.database] - [INFO] - [MongoDB ping successful]
[pid=19056] - [2026-08-13 19:56:52,426] - [core.config.settings] - [INFO] - [Executing get_settings function]
[pid=19056] - [2026-08-13 19:56:53,428] - [commons.auth] - [INFO] - [Executing hash_password function]
[pid=19056] - [2026-08-13 19:56:53,743] - [core.apis.routes.auth_router] - [INFO] - [Calling POST /auth/login endpoint]
[pid=19056] - [2026-08-13 19:56:53,744] - [core.controllers.auth_controller] - [INFO] - [Executing AuthController.login]
[pid=19056] - [2026-08-13 19:56:53,744] - [core.cruds.user_crud] - [INFO] - [Executing CRUDUser.get_by_email for: owner@whitfield.com]
[pid=19056] - [2026-08-13 19:56:53,744] - [commons.auth] - [INFO] - [Executing verify_password function]
[pid=19056] - [2026-08-13 19:56:54,042] - [commons.auth] - [INFO] - [Executing create_access_token function]
[pid=19056] - [2026-08-13 19:56:54,046] - [commons.auth] - [INFO] - [Executing create_refresh_token function]
[pid=19056] - [2026-08-13 19:56:54,046] - [core.controllers.auth_controller] - [INFO] - [User login successful: owner@whitfield.com (OWNER)]
[pid=19056] - [2026-08-13 19:56:54,050] - [commons.auth] - [INFO] - [Executing hash_password function]
[pid=19056] - [2026-08-13 19:56:54,414] - [core.apis.routes.auth_router] - [INFO] - [Calling POST /auth/login endpoint]
[pid=19056] - [2026-08-13 19:56:54,414] - [core.controllers.auth_controller] - [INFO] - [Executing AuthController.login]
[pid=19056] - [2026-08-13 19:56:54,414] - [core.cruds.user_crud] - [INFO] - [Executing CRUDUser.get_by_email for: owner@whitfield.com]
[pid=19056] - [2026-08-13 19:56:54,414] - [commons.auth] - [INFO] - [Executing verify_password function]
[pid=19056] - [2026-08-13 19:56:54,802] - [core.controllers.auth_controller] - [WARNING] - [Login failed: invalid password for user (owner@whitfield.com)]
[pid=19056] - [2026-08-13 19:56:54,802] - [core.apis.routes.auth_router] - [ERROR] - [Error in POST /auth/login endpoint: 401: Invalid email or password]
[pid=19056] - [2026-08-13 19:56:54,820] - [commons.auth] - [INFO] - [Executing get_current_user dependency]
[pid=19056] - [2026-08-13 19:56:54,820] - [commons.auth] - [INFO] - [Executing require_roles dependency check]
[pid=19056] - [2026-08-13 19:56:54,823] - [core.apis.routes.wms_router] - [INFO] - [Calling POST /warehouses endpoint]
[pid=19056] - [2026-08-13 19:56:54,823] - [core.apis.routes.wms_router] - [INFO] - [Calling POST /warehouses endpoint]
[pid=19056] - [2026-08-13 19:56:54,823] - [core.apis.routes.wms_router] - [INFO] - [Calling POST /warehouses endpoint]
[pid=19056] - [2026-08-13 19:56:54,823] - [core.apis.routes.wms_router] - [INFO] - [Calling POST /warehouses endpoint]
[pid=19056] - [2026-08-13 19:56:54,823] - [core.apis.routes.wms_router] - [INFO] - [Calling POST /warehouses endpoint]
[pid=19056] - [2026-08-13 19:56:54,823] - [core.apis.routes.wms_router] - [INFO] - [Calling POST /warehouses endpoint]
[pid=19056] - [2026-08-13 19:56:54,823] - [core.apis.routes.wms_router] - [INFO] - [Calling POST /warehouses endpoint]
[pid=19056] - [2026-08-13 19:56:54,823] - [core.apis.routes.wms_router] - [INFO] - [Calling POST /warehouses endpoint]
[pid=19056] - [2026-08-13 19:56:54,823] - [core.apis.routes.wms_router] - [INFO] - [Calling POST /warehouses endpoint]
[pid=19056] - [2026-08-13 19:56:54,823] - [core.apis.routes.wms_router] - [INFO] - [Calling POST /warehouses endpoint]
[pid=19056] - [2026-08-13 19:56:54,823] - [core.apis.routes.wms_router] - [INFO] - [Calling POST /warehouses endpoint]
[pid=19056] - [2026-08-13 19:56:54,823] - [core.apis.routes.wms_router] - [INFO] - [Calling POST /warehouses endpoint]
[pid=19056] - [2026-08-13 19:56:54,823] - [core.apis.routes.wms_router] - [INFO] - [Calling POST /warehouses endpoint]
[pid=19056] - [2026-08-13 19:56:54,823] - [core.apis.routes.wms_router] - [INFO] - [Calling POST /warehouses endpoint]
[pid=19056] - [2026-08-13 19:56:54,824] - [core.services.wms_service] - [INFO] - [Executing AuditService.__init__]
[pid=19056] - [2026-08-13 19:56:54,825] - [core.controllers.wms_controller] - [INFO] - [Executing WarehouseController.create_warehouse]
[pid=19056] - [2026-08-13 19:56:54,825] - [core.services.wms_service] - [INFO] - [Executing AuditService.log_mutation | Action: CREATE | Collection: warehouses]
[pid=19056] - [2026-08-13 19:56:54,825] - [core.controllers.wms_controller] - [INFO] - [Warehouse created successfully: RNO]
[pid=19056] - [2026-08-13 19:56:54,837] - [commons.auth] - [INFO] - [Executing get_current_user dependency]
[pid=19056] - [2026-08-13 19:56:54,838] - [commons.auth] - [INFO] - [Executing require_roles dependency check]
[pid=19056] - [2026-08-13 19:56:54,842] - [core.apis.routes.user_router] - [INFO] - [Calling POST /users/managers endpoint]
[pid=19056] - [2026-08-13 19:56:54,842] - [core.controllers.user_controller] - [INFO] - [Executing UserController.create_manager]
[pid=19056] - [2026-08-13 19:56:54,843] - [commons.auth] - [INFO] - [Executing hash_password function]
[pid=19056] - [2026-08-13 19:56:55,159] - [core.services.wms_service] - [INFO] - [Executing AuditService.log_mutation | Action: CREATE | Collection: users]
[pid=19056] - [2026-08-13 19:56:55,159] - [core.controllers.user_controller] - [INFO] - [Manager user created successfully: manager.rno@whitfield.com]
[pid=19056] - [2026-08-13 19:56:55,190] - [commons.auth] - [INFO] - [Executing get_current_user dependency]
[pid=19056] - [2026-08-13 19:56:55,191] - [commons.auth] - [INFO] - [Executing require_roles dependency check]
[pid=19056] - [2026-08-13 19:56:55,195] - [core.apis.routes.user_router] - [INFO] - [Calling POST /users/staff endpoint]
[pid=19056] - [2026-08-13 19:56:55,195] - [core.controllers.user_controller] - [INFO] - [Executing UserController.create_staff]
[pid=19056] - [2026-08-13 19:56:55,196] - [commons.auth] - [INFO] - [Executing hash_password function]
[pid=19056] - [2026-08-13 19:56:55,588] - [core.services.wms_service] - [INFO] - [Executing AuditService.log_mutation | Action: CREATE | Collection: users]
[pid=19056] - [2026-08-13 19:56:55,588] - [core.controllers.user_controller] - [INFO] - [Staff user created successfully: staff.rookie@whitfield.com for WH: 607f1f77bcf86cd799439022]
[pid=19056] - [2026-08-13 19:56:55,597] - [commons.auth] - [INFO] - [Executing get_current_user dependency]
[pid=19056] - [2026-08-13 19:56:55,597] - [commons.auth] - [INFO] - [Executing require_roles dependency check]
[pid=19056] - [2026-08-13 19:56:55,597] - [commons.auth] - [WARNING] - [User staff.rookie@whitfield.com with role STAFF denied access. Required: ['OWNER']]
[pid=19056] - [2026-08-13 19:56:55,605] - [commons.auth] - [INFO] - [Executing get_current_user dependency]
[pid=19056] - [2026-08-13 19:56:55,605] - [commons.auth] - [INFO] - [Executing require_roles dependency check]
[pid=19056] - [2026-08-13 19:56:55,606] - [core.apis.routes.wms_router] - [INFO] - [Calling GET /audit endpoint]
[pid=19056] - [2026-08-13 19:56:55,606] - [core.apis.routes.wms_router] - [INFO] - [Calling GET /audit endpoint]
[pid=19056] - [2026-08-13 19:56:55,606] - [core.apis.routes.wms_router] - [INFO] - [Calling GET /audit endpoint]
[pid=19056] - [2026-08-13 19:56:55,606] - [core.apis.routes.wms_router] - [INFO] - [Calling GET /audit endpoint]
[pid=19056] - [2026-08-13 19:56:55,606] - [core.apis.routes.wms_router] - [INFO] - [Calling GET /audit endpoint]
[pid=19056] - [2026-08-13 19:56:55,606] - [core.apis.routes.wms_router] - [INFO] - [Calling GET /audit endpoint]
[pid=19056] - [2026-08-13 19:56:55,606] - [core.apis.routes.wms_router] - [INFO] - [Calling GET /audit endpoint]
[pid=19056] - [2026-08-13 19:56:55,606] - [core.apis.routes.wms_router] - [INFO] - [Calling GET /audit endpoint]
[pid=19056] - [2026-08-13 19:56:55,606] - [core.apis.routes.wms_router] - [INFO] - [Calling GET /audit endpoint]
[pid=19056] - [2026-08-13 19:56:55,606] - [core.apis.routes.wms_router] - [INFO] - [Calling GET /audit endpoint]
[pid=19056] - [2026-08-13 19:56:55,606] - [core.apis.routes.wms_router] - [INFO] - [Calling GET /audit endpoint]
[pid=19056] - [2026-08-13 19:56:55,606] - [core.apis.routes.wms_router] - [INFO] - [Calling GET /audit endpoint]
[pid=19056] - [2026-08-13 19:56:55,606] - [core.apis.routes.wms_router] - [INFO] - [Calling GET /audit endpoint]
[pid=19056] - [2026-08-13 19:56:55,606] - [core.apis.routes.wms_router] - [INFO] - [Calling GET /audit endpoint]
[pid=19056] - [2026-08-13 19:56:55,607] - [core.controllers.wms_controller] - [INFO] - [Executing AuditController.get_audit_logs]
[pid=19056] - [2026-08-13 19:56:55,615] - [commons.auth] - [INFO] - [Executing get_current_user dependency]
[pid=19056] - [2026-08-13 19:56:55,615] - [commons.auth] - [INFO] - [Executing require_roles dependency check]
[pid=19056] - [2026-08-13 19:56:55,615] - [commons.auth] - [WARNING] - [User None with role STAFF denied access. Required: ['OWNER']]
[pid=19056] - [2026-08-13 19:56:55,618] - [commons.auth] - [INFO] - [Executing get_current_user dependency]
[pid=19056] - [2026-08-13 19:56:55,619] - [commons.auth] - [INFO] - [Executing require_roles dependency check]
[pid=19056] - [2026-08-13 19:56:55,619] - [commons.auth] - [WARNING] - [User None with role MANAGER denied access. Required: ['OWNER']]
[pid=19056] - [2026-08-13 19:56:55,629] - [commons.auth] - [INFO] - [Executing get_current_user dependency]
[pid=19056] - [2026-08-13 19:56:55,630] - [commons.auth] - [INFO] - [Executing require_roles dependency check]
[pid=19056] - [2026-08-13 19:56:55,630] - [core.apis.routes.wms_router] - [INFO] - [Calling POST /warehouses endpoint]
[pid=19056] - [2026-08-13 19:56:55,630] - [core.apis.routes.wms_router] - [INFO] - [Calling POST /warehouses endpoint]
[pid=19056] - [2026-08-13 19:56:55,630] - [core.apis.routes.wms_router] - [INFO] - [Calling POST /warehouses endpoint]
[pid=19056] - [2026-08-13 19:56:55,630] - [core.apis.routes.wms_router] - [INFO] - [Calling POST /warehouses endpoint]
[pid=19056] - [2026-08-13 19:56:55,630] - [core.apis.routes.wms_router] - [INFO] - [Calling POST /warehouses endpoint]
[pid=19056] - [2026-08-13 19:56:55,630] - [core.apis.routes.wms_router] - [INFO] - [Calling POST /warehouses endpoint]
[pid=19056] - [2026-08-13 19:56:55,630] - [core.apis.routes.wms_router] - [INFO] - [Calling POST /warehouses endpoint]
[pid=19056] - [2026-08-13 19:56:55,630] - [core.apis.routes.wms_router] - [INFO] - [Calling POST /warehouses endpoint]
[pid=19056] - [2026-08-13 19:56:55,630] - [core.apis.routes.wms_router] - [INFO] - [Calling POST /warehouses endpoint]
[pid=19056] - [2026-08-13 19:56:55,630] - [core.apis.routes.wms_router] - [INFO] - [Calling POST /warehouses endpoint]
[pid=19056] - [2026-08-13 19:56:55,630] - [core.apis.routes.wms_router] - [INFO] - [Calling POST /warehouses endpoint]
[pid=19056] - [2026-08-13 19:56:55,630] - [core.apis.routes.wms_router] - [INFO] - [Calling POST /warehouses endpoint]
[pid=19056] - [2026-08-13 19:56:55,630] - [core.apis.routes.wms_router] - [INFO] - [Calling POST /warehouses endpoint]
[pid=19056] - [2026-08-13 19:56:55,630] - [core.apis.routes.wms_router] - [INFO] - [Calling POST /warehouses endpoint]
[pid=19056] - [2026-08-13 19:56:55,631] - [core.controllers.wms_controller] - [INFO] - [Executing WarehouseController.create_warehouse]
[pid=19056] - [2026-08-13 19:56:55,631] - [core.controllers.wms_controller] - [INFO] - [Warehouse created successfully: RNO]
[pid=19056] - [2026-08-13 19:56:55,635] - [core.utils.ticket_generator] - [INFO] - [Executing TicketGenerator.generate_ticket_id for WH: RNO]
[pid=19056] - [2026-08-13 19:56:55,635] - [core.utils.ticket_generator] - [INFO] - [Generated ticket ID: RNO-20260813-014]
[pid=19056] - [2026-08-13 19:56:55,643] - [commons.auth] - [INFO] - [Executing get_current_user dependency]
[pid=19056] - [2026-08-13 19:56:55,643] - [core.apis.routes.wms_router] - [INFO] - [Calling POST /voice/transcribe endpoint]
[pid=19056] - [2026-08-13 19:56:55,643] - [core.apis.routes.wms_router] - [INFO] - [Calling POST /voice/transcribe endpoint]
[pid=19056] - [2026-08-13 19:56:55,643] - [core.apis.routes.wms_router] - [INFO] - [Calling POST /voice/transcribe endpoint]
[pid=19056] - [2026-08-13 19:56:55,643] - [core.apis.routes.wms_router] - [INFO] - [Calling POST /voice/transcribe endpoint]
[pid=19056] - [2026-08-13 19:56:55,643] - [core.apis.routes.wms_router] - [INFO] - [Calling POST /voice/transcribe endpoint]
[pid=19056] - [2026-08-13 19:56:55,643] - [core.apis.routes.wms_router] - [INFO] - [Calling POST /voice/transcribe endpoint]
[pid=19056] - [2026-08-13 19:56:55,643] - [core.apis.routes.wms_router] - [INFO] - [Calling POST /voice/transcribe endpoint]
[pid=19056] - [2026-08-13 19:56:55,643] - [core.apis.routes.wms_router] - [INFO] - [Calling POST /voice/transcribe endpoint]
[pid=19056] - [2026-08-13 19:56:55,643] - [core.apis.routes.wms_router] - [INFO] - [Calling POST /voice/transcribe endpoint]
[pid=19056] - [2026-08-13 19:56:55,643] - [core.apis.routes.wms_router] - [INFO] - [Calling POST /voice/transcribe endpoint]
[pid=19056] - [2026-08-13 19:56:55,643] - [core.apis.routes.wms_router] - [INFO] - [Calling POST /voice/transcribe endpoint]
[pid=19056] - [2026-08-13 19:56:55,643] - [core.apis.routes.wms_router] - [INFO] - [Calling POST /voice/transcribe endpoint]
[pid=19056] - [2026-08-13 19:56:55,643] - [core.apis.routes.wms_router] - [INFO] - [Calling POST /voice/transcribe endpoint]
[pid=19056] - [2026-08-13 19:56:55,643] - [core.apis.routes.wms_router] - [INFO] - [Calling POST /voice/transcribe endpoint]
[pid=19056] - [2026-08-13 19:56:55,644] - [core.controllers.wms_controller] - [INFO] - [Executing VoiceController.transcribe]
[pid=19056] - [2026-08-13 19:56:55,644] - [core.services.ai_service] - [INFO] - [Executing VoiceService.transcribe_audio]
[pid=19056] - [2026-08-13 19:56:55,646] - [commons.auth] - [INFO] - [Executing get_current_user dependency]
[pid=19056] - [2026-08-13 19:56:55,647] - [core.apis.routes.wms_router] - [INFO] - [Calling POST /voice/parse endpoint]
[pid=19056] - [2026-08-13 19:56:55,647] - [core.apis.routes.wms_router] - [INFO] - [Calling POST /voice/parse endpoint]
[pid=19056] - [2026-08-13 19:56:55,647] - [core.apis.routes.wms_router] - [INFO] - [Calling POST /voice/parse endpoint]
[pid=19056] - [2026-08-13 19:56:55,647] - [core.apis.routes.wms_router] - [INFO] - [Calling POST /voice/parse endpoint]
[pid=19056] - [2026-08-13 19:56:55,647] - [core.apis.routes.wms_router] - [INFO] - [Calling POST /voice/parse endpoint]
[pid=19056] - [2026-08-13 19:56:55,647] - [core.apis.routes.wms_router] - [INFO] - [Calling POST /voice/parse endpoint]
[pid=19056] - [2026-08-13 19:56:55,647] - [core.apis.routes.wms_router] - [INFO] - [Calling POST /voice/parse endpoint]
[pid=19056] - [2026-08-13 19:56:55,647] - [core.apis.routes.wms_router] - [INFO] - [Calling POST /voice/parse endpoint]
[pid=19056] - [2026-08-13 19:56:55,647] - [core.apis.routes.wms_router] - [INFO] - [Calling POST /voice/parse endpoint]
[pid=19056] - [2026-08-13 19:56:55,647] - [core.apis.routes.wms_router] - [INFO] - [Calling POST /voice/parse endpoint]
[pid=19056] - [2026-08-13 19:56:55,647] - [core.apis.routes.wms_router] - [INFO] - [Calling POST /voice/parse endpoint]
[pid=19056] - [2026-08-13 19:56:55,647] - [core.apis.routes.wms_router] - [INFO] - [Calling POST /voice/parse endpoint]
[pid=19056] - [2026-08-13 19:56:55,647] - [core.apis.routes.wms_router] - [INFO] - [Calling POST /voice/parse endpoint]
[pid=19056] - [2026-08-13 19:56:55,647] - [core.apis.routes.wms_router] - [INFO] - [Calling POST /voice/parse endpoint]
[pid=19056] - [2026-08-13 19:56:55,648] - [core.controllers.wms_controller] - [INFO] - [Executing VoiceController.parse_transcript for ticket: RNO-20260813-001]
[pid=19056] - [2026-08-13 19:56:55,649] - [core.services.ai_service] - [INFO] - [Executing VoiceService.parse_transcript]
[pid=19056] - [2026-08-13 19:56:55,650] - [core.controllers.wms_controller] - [INFO] - [Voice draft saved successfully! Draft ID: draft123]
[pid=19056] - [2026-08-13 19:56:55,653] - [commons.auth] - [INFO] - [Executing get_current_user dependency]
[pid=19056] - [2026-08-13 19:56:55,655] - [core.apis.routes.wms_router] - [INFO] - [Calling POST /voice/drafts/draft123/confirm endpoint]
[pid=19056] - [2026-08-13 19:56:55,655] - [core.apis.routes.wms_router] - [INFO] - [Calling POST /voice/drafts/draft123/confirm endpoint]
[pid=19056] - [2026-08-13 19:56:55,655] - [core.apis.routes.wms_router] - [INFO] - [Calling POST /voice/drafts/draft123/confirm endpoint]
[pid=19056] - [2026-08-13 19:56:55,655] - [core.apis.routes.wms_router] - [INFO] - [Calling POST /voice/drafts/draft123/confirm endpoint]
[pid=19056] - [2026-08-13 19:56:55,655] - [core.apis.routes.wms_router] - [INFO] - [Calling POST /voice/drafts/draft123/confirm endpoint]
[pid=19056] - [2026-08-13 19:56:55,655] - [core.apis.routes.wms_router] - [INFO] - [Calling POST /voice/drafts/draft123/confirm endpoint]
[pid=19056] - [2026-08-13 19:56:55,655] - [core.apis.routes.wms_router] - [INFO] - [Calling POST /voice/drafts/draft123/confirm endpoint]
[pid=19056] - [2026-08-13 19:56:55,655] - [core.apis.routes.wms_router] - [INFO] - [Calling POST /voice/drafts/draft123/confirm endpoint]
[pid=19056] - [2026-08-13 19:56:55,655] - [core.apis.routes.wms_router] - [INFO] - [Calling POST /voice/drafts/draft123/confirm endpoint]
[pid=19056] - [2026-08-13 19:56:55,655] - [core.apis.routes.wms_router] - [INFO] - [Calling POST /voice/drafts/draft123/confirm endpoint]
[pid=19056] - [2026-08-13 19:56:55,655] - [core.apis.routes.wms_router] - [INFO] - [Calling POST /voice/drafts/draft123/confirm endpoint]
[pid=19056] - [2026-08-13 19:56:55,655] - [core.apis.routes.wms_router] - [INFO] - [Calling POST /voice/drafts/draft123/confirm endpoint]
[pid=19056] - [2026-08-13 19:56:55,655] - [core.apis.routes.wms_router] - [INFO] - [Calling POST /voice/drafts/draft123/confirm endpoint]
[pid=19056] - [2026-08-13 19:56:55,655] - [core.apis.routes.wms_router] - [INFO] - [Calling POST /voice/drafts/draft123/confirm endpoint]
[pid=19056] - [2026-08-13 19:56:55,656] - [core.controllers.wms_controller] - [INFO] - [Executing VoiceController.confirm_draft for draft: draft123]
[pid=19056] - [2026-08-13 19:56:55,656] - [core.controllers.wms_controller] - [INFO] - [Voice draft confirmed and logged through Phase 2 pipeline! Draft ID: draft123]
[pid=19056] - [2026-08-13 19:56:55,666] - [commons.auth] - [INFO] - [Executing get_current_user dependency]
[pid=19056] - [2026-08-13 19:56:55,667] - [core.apis.routes.wms_router] - [INFO] - [Calling POST /vision/measure endpoint]
[pid=19056] - [2026-08-13 19:56:55,667] - [core.apis.routes.wms_router] - [INFO] - [Calling POST /vision/measure endpoint]
[pid=19056] - [2026-08-13 19:56:55,667] - [core.apis.routes.wms_router] - [INFO] - [Calling POST /vision/measure endpoint]
[pid=19056] - [2026-08-13 19:56:55,667] - [core.apis.routes.wms_router] - [INFO] - [Calling POST /vision/measure endpoint]
[pid=19056] - [2026-08-13 19:56:55,667] - [core.apis.routes.wms_router] - [INFO] - [Calling POST /vision/measure endpoint]
[pid=19056] - [2026-08-13 19:56:55,667] - [core.apis.routes.wms_router] - [INFO] - [Calling POST /vision/measure endpoint]
[pid=19056] - [2026-08-13 19:56:55,667] - [core.apis.routes.wms_router] - [INFO] - [Calling POST /vision/measure endpoint]
[pid=19056] - [2026-08-13 19:56:55,667] - [core.apis.routes.wms_router] - [INFO] - [Calling POST /vision/measure endpoint]
[pid=19056] - [2026-08-13 19:56:55,667] - [core.apis.routes.wms_router] - [INFO] - [Calling POST /vision/measure endpoint]
[pid=19056] - [2026-08-13 19:56:55,667] - [core.apis.routes.wms_router] - [INFO] - [Calling POST /vision/measure endpoint]
[pid=19056] - [2026-08-13 19:56:55,667] - [core.apis.routes.wms_router] - [INFO] - [Calling POST /vision/measure endpoint]
[pid=19056] - [2026-08-13 19:56:55,667] - [core.apis.routes.wms_router] - [INFO] - [Calling POST /vision/measure endpoint]
[pid=19056] - [2026-08-13 19:56:55,667] - [core.apis.routes.wms_router] - [INFO] - [Calling POST /vision/measure endpoint]
[pid=19056] - [2026-08-13 19:56:55,667] - [core.apis.routes.wms_router] - [INFO] - [Calling POST /vision/measure endpoint]
[pid=19056] - [2026-08-13 19:56:55,668] - [core.controllers.wms_controller] - [INFO] - [Executing VisionController.measure_package]
[pid=19056] - [2026-08-13 19:56:55,676] - [commons.auth] - [INFO] - [Executing get_current_user dependency]
[pid=19056] - [2026-08-13 19:56:55,677] - [core.apis.routes.wms_router] - [INFO] - [Calling POST /query endpoint]
[pid=19056] - [2026-08-13 19:56:55,677] - [core.apis.routes.wms_router] - [INFO] - [Calling POST /query endpoint]
[pid=19056] - [2026-08-13 19:56:55,677] - [core.apis.routes.wms_router] - [INFO] - [Calling POST /query endpoint]
[pid=19056] - [2026-08-13 19:56:55,677] - [core.apis.routes.wms_router] - [INFO] - [Calling POST /query endpoint]
[pid=19056] - [2026-08-13 19:56:55,677] - [core.apis.routes.wms_router] - [INFO] - [Calling POST /query endpoint]
[pid=19056] - [2026-08-13 19:56:55,677] - [core.apis.routes.wms_router] - [INFO] - [Calling POST /query endpoint]
[pid=19056] - [2026-08-13 19:56:55,677] - [core.apis.routes.wms_router] - [INFO] - [Calling POST /query endpoint]
[pid=19056] - [2026-08-13 19:56:55,677] - [core.apis.routes.wms_router] - [INFO] - [Calling POST /query endpoint]
[pid=19056] - [2026-08-13 19:56:55,677] - [core.apis.routes.wms_router] - [INFO] - [Calling POST /query endpoint]
[pid=19056] - [2026-08-13 19:56:55,677] - [core.apis.routes.wms_router] - [INFO] - [Calling POST /query endpoint]
[pid=19056] - [2026-08-13 19:56:55,677] - [core.apis.routes.wms_router] - [INFO] - [Calling POST /query endpoint]
[pid=19056] - [2026-08-13 19:56:55,677] - [core.apis.routes.wms_router] - [INFO] - [Calling POST /query endpoint]
[pid=19056] - [2026-08-13 19:56:55,677] - [core.apis.routes.wms_router] - [INFO] - [Calling POST /query endpoint]
[pid=19056] - [2026-08-13 19:56:55,677] - [core.apis.routes.wms_router] - [INFO] - [Calling POST /query endpoint]
[pid=19056] - [2026-08-13 19:56:55,677] - [core.controllers.wms_controller] - [INFO] - [Executing NLQueryController.execute_query]
[pid=19056] - [2026-08-13 19:56:55,689] - [commons.auth] - [INFO] - [Executing get_current_user dependency]
[pid=19056] - [2026-08-13 19:56:55,689] - [commons.auth] - [INFO] - [Executing require_roles dependency check]
[pid=19056] - [2026-08-13 19:56:55,693] - [core.apis.routes.wms_router] - [INFO] - [Calling POST /api-keys endpoint]
[pid=19056] - [2026-08-13 19:56:55,693] - [core.apis.routes.wms_router] - [INFO] - [Calling POST /api-keys endpoint]
[pid=19056] - [2026-08-13 19:56:55,693] - [core.apis.routes.wms_router] - [INFO] - [Calling POST /api-keys endpoint]
[pid=19056] - [2026-08-13 19:56:55,693] - [core.apis.routes.wms_router] - [INFO] - [Calling POST /api-keys endpoint]
[pid=19056] - [2026-08-13 19:56:55,693] - [core.apis.routes.wms_router] - [INFO] - [Calling POST /api-keys endpoint]
[pid=19056] - [2026-08-13 19:56:55,693] - [core.apis.routes.wms_router] - [INFO] - [Calling POST /api-keys endpoint]
[pid=19056] - [2026-08-13 19:56:55,693] - [core.apis.routes.wms_router] - [INFO] - [Calling POST /api-keys endpoint]
[pid=19056] - [2026-08-13 19:56:55,693] - [core.apis.routes.wms_router] - [INFO] - [Calling POST /api-keys endpoint]
[pid=19056] - [2026-08-13 19:56:55,693] - [core.apis.routes.wms_router] - [INFO] - [Calling POST /api-keys endpoint]
[pid=19056] - [2026-08-13 19:56:55,693] - [core.apis.routes.wms_router] - [INFO] - [Calling POST /api-keys endpoint]
[pid=19056] - [2026-08-13 19:56:55,693] - [core.apis.routes.wms_router] - [INFO] - [Calling POST /api-keys endpoint]
[pid=19056] - [2026-08-13 19:56:55,693] - [core.apis.routes.wms_router] - [INFO] - [Calling POST /api-keys endpoint]
[pid=19056] - [2026-08-13 19:56:55,693] - [core.apis.routes.wms_router] - [INFO] - [Calling POST /api-keys endpoint]
[pid=19056] - [2026-08-13 19:56:55,693] - [core.apis.routes.wms_router] - [INFO] - [Calling POST /api-keys endpoint]
[pid=19056] - [2026-08-13 19:56:55,694] - [core.controllers.wms_controller] - [INFO] - [Executing ApiKeyController.create_key]
[pid=19056] - [2026-08-13 19:56:55,694] - [core.controllers.wms_controller] - [INFO] - [API key created successfully! Name: Morning Check Script | Prefix: wms_live_163]
[pid=19056] - [2026-08-13 19:56:55,697] - [commons.auth] - [INFO] - [Executing get_current_user dependency]
[pid=19056] - [2026-08-13 19:56:55,697] - [commons.auth] - [INFO] - [Executing require_roles dependency check]
[pid=19056] - [2026-08-13 19:56:55,697] - [core.apis.routes.wms_router] - [INFO] - [Calling GET /api-keys endpoint]
[pid=19056] - [2026-08-13 19:56:55,697] - [core.apis.routes.wms_router] - [INFO] - [Calling GET /api-keys endpoint]
[pid=19056] - [2026-08-13 19:56:55,697] - [core.apis.routes.wms_router] - [INFO] - [Calling GET /api-keys endpoint]
[pid=19056] - [2026-08-13 19:56:55,697] - [core.apis.routes.wms_router] - [INFO] - [Calling GET /api-keys endpoint]
[pid=19056] - [2026-08-13 19:56:55,697] - [core.apis.routes.wms_router] - [INFO] - [Calling GET /api-keys endpoint]
[pid=19056] - [2026-08-13 19:56:55,697] - [core.apis.routes.wms_router] - [INFO] - [Calling GET /api-keys endpoint]
[pid=19056] - [2026-08-13 19:56:55,697] - [core.apis.routes.wms_router] - [INFO] - [Calling GET /api-keys endpoint]
[pid=19056] - [2026-08-13 19:56:55,697] - [core.apis.routes.wms_router] - [INFO] - [Calling GET /api-keys endpoint]
[pid=19056] - [2026-08-13 19:56:55,697] - [core.apis.routes.wms_router] - [INFO] - [Calling GET /api-keys endpoint]
[pid=19056] - [2026-08-13 19:56:55,697] - [core.apis.routes.wms_router] - [INFO] - [Calling GET /api-keys endpoint]
[pid=19056] - [2026-08-13 19:56:55,697] - [core.apis.routes.wms_router] - [INFO] - [Calling GET /api-keys endpoint]
[pid=19056] - [2026-08-13 19:56:55,697] - [core.apis.routes.wms_router] - [INFO] - [Calling GET /api-keys endpoint]
[pid=19056] - [2026-08-13 19:56:55,697] - [core.apis.routes.wms_router] - [INFO] - [Calling GET /api-keys endpoint]
[pid=19056] - [2026-08-13 19:56:55,697] - [core.apis.routes.wms_router] - [INFO] - [Calling GET /api-keys endpoint]
[pid=19056] - [2026-08-13 19:56:55,698] - [core.controllers.wms_controller] - [INFO] - [Executing ApiKeyController.list_keys]
[pid=19056] - [2026-08-13 19:56:55,701] - [commons.auth] - [INFO] - [Executing get_current_user dependency]
[pid=19056] - [2026-08-13 19:56:55,701] - [commons.auth] - [INFO] - [Executing require_roles dependency check]
[pid=19056] - [2026-08-13 19:56:55,701] - [core.apis.routes.wms_router] - [INFO] - [Calling DELETE /api-keys/key123 endpoint]
[pid=19056] - [2026-08-13 19:56:55,701] - [core.apis.routes.wms_router] - [INFO] - [Calling DELETE /api-keys/key123 endpoint]
[pid=19056] - [2026-08-13 19:56:55,701] - [core.apis.routes.wms_router] - [INFO] - [Calling DELETE /api-keys/key123 endpoint]
[pid=19056] - [2026-08-13 19:56:55,701] - [core.apis.routes.wms_router] - [INFO] - [Calling DELETE /api-keys/key123 endpoint]
[pid=19056] - [2026-08-13 19:56:55,701] - [core.apis.routes.wms_router] - [INFO] - [Calling DELETE /api-keys/key123 endpoint]
[pid=19056] - [2026-08-13 19:56:55,701] - [core.apis.routes.wms_router] - [INFO] - [Calling DELETE /api-keys/key123 endpoint]
[pid=19056] - [2026-08-13 19:56:55,701] - [core.apis.routes.wms_router] - [INFO] - [Calling DELETE /api-keys/key123 endpoint]
[pid=19056] - [2026-08-13 19:56:55,701] - [core.apis.routes.wms_router] - [INFO] - [Calling DELETE /api-keys/key123 endpoint]
[pid=19056] - [2026-08-13 19:56:55,701] - [core.apis.routes.wms_router] - [INFO] - [Calling DELETE /api-keys/key123 endpoint]
[pid=19056] - [2026-08-13 19:56:55,701] - [core.apis.routes.wms_router] - [INFO] - [Calling DELETE /api-keys/key123 endpoint]
[pid=19056] - [2026-08-13 19:56:55,701] - [core.apis.routes.wms_router] - [INFO] - [Calling DELETE /api-keys/key123 endpoint]
[pid=19056] - [2026-08-13 19:56:55,701] - [core.apis.routes.wms_router] - [INFO] - [Calling DELETE /api-keys/key123 endpoint]
[pid=19056] - [2026-08-13 19:56:55,701] - [core.apis.routes.wms_router] - [INFO] - [Calling DELETE /api-keys/key123 endpoint]
[pid=19056] - [2026-08-13 19:56:55,701] - [core.apis.routes.wms_router] - [INFO] - [Calling DELETE /api-keys/key123 endpoint]
[pid=19056] - [2026-08-13 19:56:55,702] - [core.controllers.wms_controller] - [INFO] - [Executing ApiKeyController.revoke_key: key123]
[pid=19056] - [2026-08-13 19:56:55,702] - [core.controllers.wms_controller] - [INFO] - [API key revoked successfully: key123]
[pid=19056] - [2026-08-13 19:56:55,712] - [commons.auth] - [INFO] - [Executing get_current_user dependency]
[pid=19056] - [2026-08-13 19:56:55,713] - [core.apis.routes.wms_router] - [INFO] - [Calling POST /query endpoint]
[pid=19056] - [2026-08-13 19:56:55,713] - [core.apis.routes.wms_router] - [INFO] - [Calling POST /query endpoint]
[pid=19056] - [2026-08-13 19:56:55,713] - [core.apis.routes.wms_router] - [INFO] - [Calling POST /query endpoint]
[pid=19056] - [2026-08-13 19:56:55,713] - [core.apis.routes.wms_router] - [INFO] - [Calling POST /query endpoint]
[pid=19056] - [2026-08-13 19:56:55,713] - [core.apis.routes.wms_router] - [INFO] - [Calling POST /query endpoint]
[pid=19056] - [2026-08-13 19:56:55,713] - [core.apis.routes.wms_router] - [INFO] - [Calling POST /query endpoint]
[pid=19056] - [2026-08-13 19:56:55,713] - [core.apis.routes.wms_router] - [INFO] - [Calling POST /query endpoint]
[pid=19056] - [2026-08-13 19:56:55,713] - [core.apis.routes.wms_router] - [INFO] - [Calling POST /query endpoint]
[pid=19056] - [2026-08-13 19:56:55,713] - [core.apis.routes.wms_router] - [INFO] - [Calling POST /query endpoint]
[pid=19056] - [2026-08-13 19:56:55,713] - [core.apis.routes.wms_router] - [INFO] - [Calling POST /query endpoint]
[pid=19056] - [2026-08-13 19:56:55,713] - [core.apis.routes.wms_router] - [INFO] - [Calling POST /query endpoint]
[pid=19056] - [2026-08-13 19:56:55,713] - [core.apis.routes.wms_router] - [INFO] - [Calling POST /query endpoint]
[pid=19056] - [2026-08-13 19:56:55,713] - [core.apis.routes.wms_router] - [INFO] - [Calling POST /query endpoint]
[pid=19056] - [2026-08-13 19:56:55,713] - [core.apis.routes.wms_router] - [INFO] - [Calling POST /query endpoint]
[pid=19056] - [2026-08-13 19:56:55,714] - [core.controllers.wms_controller] - [INFO] - [Executing NLQueryController.execute_query]
[pid=19056] - [2026-08-13 19:56:55,714] - [core.controllers.wms_controller] - [WARNING] - [NL query rejected outside allow-list: Query does not match any allow-listed template]
[pid=19056] - [2026-08-13 19:56:55,714] - [core.apis.routes.wms_router] - [ERROR] - [Error in POST /query endpoint: 400: Query does not match any allow-listed template]
[pid=19056] - [2026-08-13 19:56:55,714] - [core.apis.routes.wms_router] - [ERROR] - [Error in POST /query endpoint: 400: Query does not match any allow-listed template]
[pid=19056] - [2026-08-13 19:56:55,714] - [core.apis.routes.wms_router] - [ERROR] - [Error in POST /query endpoint: 400: Query does not match any allow-listed template]
[pid=19056] - [2026-08-13 19:56:55,714] - [core.apis.routes.wms_router] - [ERROR] - [Error in POST /query endpoint: 400: Query does not match any allow-listed template]
[pid=19056] - [2026-08-13 19:56:55,714] - [core.apis.routes.wms_router] - [ERROR] - [Error in POST /query endpoint: 400: Query does not match any allow-listed template]
[pid=19056] - [2026-08-13 19:56:55,714] - [core.apis.routes.wms_router] - [ERROR] - [Error in POST /query endpoint: 400: Query does not match any allow-listed template]
[pid=19056] - [2026-08-13 19:56:55,714] - [core.apis.routes.wms_router] - [ERROR] - [Error in POST /query endpoint: 400: Query does not match any allow-listed template]
[pid=19056] - [2026-08-13 19:56:55,714] - [core.apis.routes.wms_router] - [ERROR] - [Error in POST /query endpoint: 400: Query does not match any allow-listed template]
[pid=19056] - [2026-08-13 19:56:55,714] - [core.apis.routes.wms_router] - [ERROR] - [Error in POST /query endpoint: 400: Query does not match any allow-listed template]
[pid=19056] - [2026-08-13 19:56:55,714] - [core.apis.routes.wms_router] - [ERROR] - [Error in POST /query endpoint: 400: Query does not match any allow-listed template]
[pid=19056] - [2026-08-13 19:56:55,714] - [core.apis.routes.wms_router] - [ERROR] - [Error in POST /query endpoint: 400: Query does not match any allow-listed template]
[pid=19056] - [2026-08-13 19:56:55,714] - [core.apis.routes.wms_router] - [ERROR] - [Error in POST /query endpoint: 400: Query does not match any allow-listed template]
[pid=19056] - [2026-08-13 19:56:55,714] - [core.apis.routes.wms_router] - [ERROR] - [Error in POST /query endpoint: 400: Query does not match any allow-listed template]
[pid=19056] - [2026-08-13 19:56:55,714] - [core.apis.routes.wms_router] - [ERROR] - [Error in POST /query endpoint: 400: Query does not match any allow-listed template]
[pid=19056] - [2026-08-13 19:56:55,721] - [commons.auth] - [INFO] - [Executing get_current_user dependency]
[pid=19056] - [2026-08-13 19:56:55,722] - [commons.auth] - [WARNING] - [Missing authentication token in request]
[pid=19056] - [2026-08-13 19:56:55,737] - [commons.auth] - [INFO] - [Executing get_current_user dependency]
[pid=19056] - [2026-08-13 19:56:55,740] - [core.apis.routes.wms_router] - [INFO] - [Calling POST /arrivals endpoint]
[pid=19056] - [2026-08-13 19:56:55,740] - [core.apis.routes.wms_router] - [INFO] - [Calling POST /arrivals endpoint]
[pid=19056] - [2026-08-13 19:56:55,740] - [core.apis.routes.wms_router] - [INFO] - [Calling POST /arrivals endpoint]
[pid=19056] - [2026-08-13 19:56:55,740] - [core.apis.routes.wms_router] - [INFO] - [Calling POST /arrivals endpoint]
[pid=19056] - [2026-08-13 19:56:55,740] - [core.apis.routes.wms_router] - [INFO] - [Calling POST /arrivals endpoint]
[pid=19056] - [2026-08-13 19:56:55,740] - [core.apis.routes.wms_router] - [INFO] - [Calling POST /arrivals endpoint]
[pid=19056] - [2026-08-13 19:56:55,740] - [core.apis.routes.wms_router] - [INFO] - [Calling POST /arrivals endpoint]
[pid=19056] - [2026-08-13 19:56:55,740] - [core.apis.routes.wms_router] - [INFO] - [Calling POST /arrivals endpoint]
[pid=19056] - [2026-08-13 19:56:55,740] - [core.apis.routes.wms_router] - [INFO] - [Calling POST /arrivals endpoint]
[pid=19056] - [2026-08-13 19:56:55,740] - [core.apis.routes.wms_router] - [INFO] - [Calling POST /arrivals endpoint]
[pid=19056] - [2026-08-13 19:56:55,740] - [core.apis.routes.wms_router] - [INFO] - [Calling POST /arrivals endpoint]
[pid=19056] - [2026-08-13 19:56:55,740] - [core.apis.routes.wms_router] - [INFO] - [Calling POST /arrivals endpoint]
[pid=19056] - [2026-08-13 19:56:55,740] - [core.apis.routes.wms_router] - [INFO] - [Calling POST /arrivals endpoint]
[pid=19056] - [2026-08-13 19:56:55,740] - [core.apis.routes.wms_router] - [INFO] - [Calling POST /arrivals endpoint]
[pid=19056] - [2026-08-13 19:56:55,740] - [core.controllers.wms_controller] - [INFO] - [Executing ArrivalController.process_arrival]
[pid=19056] - [2026-08-13 19:56:55,741] - [core.services.wms_service] - [INFO] - [Executing AuditService.log_mutation | Action: ARRIVE | Collection: tickets]
[pid=19056] - [2026-08-13 19:56:55,741] - [core.controllers.wms_controller] - [INFO] - [Arrival processed successfully! Generated Ticket ID: RNO-20260813-001]
[pid=19056] - [2026-08-13 19:56:55,743] - [commons.auth] - [INFO] - [Executing get_current_user dependency]
[pid=19056] - [2026-08-13 19:56:55,747] - [core.apis.routes.wms_router] - [INFO] - [Calling POST /tickets/RNO-20260813-001/items endpoint]
[pid=19056] - [2026-08-13 19:56:55,747] - [core.apis.routes.wms_router] - [INFO] - [Calling POST /tickets/RNO-20260813-001/items endpoint]
[pid=19056] - [2026-08-13 19:56:55,747] - [core.apis.routes.wms_router] - [INFO] - [Calling POST /tickets/RNO-20260813-001/items endpoint]
[pid=19056] - [2026-08-13 19:56:55,747] - [core.apis.routes.wms_router] - [INFO] - [Calling POST /tickets/RNO-20260813-001/items endpoint]
[pid=19056] - [2026-08-13 19:56:55,747] - [core.apis.routes.wms_router] - [INFO] - [Calling POST /tickets/RNO-20260813-001/items endpoint]
[pid=19056] - [2026-08-13 19:56:55,747] - [core.apis.routes.wms_router] - [INFO] - [Calling POST /tickets/RNO-20260813-001/items endpoint]
[pid=19056] - [2026-08-13 19:56:55,747] - [core.apis.routes.wms_router] - [INFO] - [Calling POST /tickets/RNO-20260813-001/items endpoint]
[pid=19056] - [2026-08-13 19:56:55,747] - [core.apis.routes.wms_router] - [INFO] - [Calling POST /tickets/RNO-20260813-001/items endpoint]
[pid=19056] - [2026-08-13 19:56:55,747] - [core.apis.routes.wms_router] - [INFO] - [Calling POST /tickets/RNO-20260813-001/items endpoint]
[pid=19056] - [2026-08-13 19:56:55,747] - [core.apis.routes.wms_router] - [INFO] - [Calling POST /tickets/RNO-20260813-001/items endpoint]
[pid=19056] - [2026-08-13 19:56:55,747] - [core.apis.routes.wms_router] - [INFO] - [Calling POST /tickets/RNO-20260813-001/items endpoint]
[pid=19056] - [2026-08-13 19:56:55,747] - [core.apis.routes.wms_router] - [INFO] - [Calling POST /tickets/RNO-20260813-001/items endpoint]
[pid=19056] - [2026-08-13 19:56:55,747] - [core.apis.routes.wms_router] - [INFO] - [Calling POST /tickets/RNO-20260813-001/items endpoint]
[pid=19056] - [2026-08-13 19:56:55,747] - [core.apis.routes.wms_router] - [INFO] - [Calling POST /tickets/RNO-20260813-001/items endpoint]
[pid=19056] - [2026-08-13 19:56:55,748] - [core.controllers.wms_controller] - [INFO] - [Executing TicketController.log_item_scan for ticket: RNO-20260813-001]
[pid=19056] - [2026-08-13 19:56:55,749] - [core.services.wms_service] - [INFO] - [Executing AuditService.log_mutation | Action: SCAN_ITEM | Collection: items]
[pid=19056] - [2026-08-13 19:56:55,749] - [core.controllers.wms_controller] - [INFO] - [Item scanned and logged successfully! Unit Seq: 1 under Ticket: RNO-20260813-001]
[pid=19056] - [2026-08-13 19:56:55,751] - [commons.auth] - [INFO] - [Executing get_current_user dependency]
[pid=19056] - [2026-08-13 19:56:55,751] - [core.apis.routes.wms_router] - [INFO] - [Calling PUT /tickets/ticket123/submit-inspection endpoint]
[pid=19056] - [2026-08-13 19:56:55,751] - [core.apis.routes.wms_router] - [INFO] - [Calling PUT /tickets/ticket123/submit-inspection endpoint]
[pid=19056] - [2026-08-13 19:56:55,751] - [core.apis.routes.wms_router] - [INFO] - [Calling PUT /tickets/ticket123/submit-inspection endpoint]
[pid=19056] - [2026-08-13 19:56:55,751] - [core.apis.routes.wms_router] - [INFO] - [Calling PUT /tickets/ticket123/submit-inspection endpoint]
[pid=19056] - [2026-08-13 19:56:55,751] - [core.apis.routes.wms_router] - [INFO] - [Calling PUT /tickets/ticket123/submit-inspection endpoint]
[pid=19056] - [2026-08-13 19:56:55,751] - [core.apis.routes.wms_router] - [INFO] - [Calling PUT /tickets/ticket123/submit-inspection endpoint]
[pid=19056] - [2026-08-13 19:56:55,751] - [core.apis.routes.wms_router] - [INFO] - [Calling PUT /tickets/ticket123/submit-inspection endpoint]
[pid=19056] - [2026-08-13 19:56:55,751] - [core.apis.routes.wms_router] - [INFO] - [Calling PUT /tickets/ticket123/submit-inspection endpoint]
[pid=19056] - [2026-08-13 19:56:55,751] - [core.apis.routes.wms_router] - [INFO] - [Calling PUT /tickets/ticket123/submit-inspection endpoint]
[pid=19056] - [2026-08-13 19:56:55,751] - [core.apis.routes.wms_router] - [INFO] - [Calling PUT /tickets/ticket123/submit-inspection endpoint]
[pid=19056] - [2026-08-13 19:56:55,751] - [core.apis.routes.wms_router] - [INFO] - [Calling PUT /tickets/ticket123/submit-inspection endpoint]
[pid=19056] - [2026-08-13 19:56:55,751] - [core.apis.routes.wms_router] - [INFO] - [Calling PUT /tickets/ticket123/submit-inspection endpoint]
[pid=19056] - [2026-08-13 19:56:55,751] - [core.apis.routes.wms_router] - [INFO] - [Calling PUT /tickets/ticket123/submit-inspection endpoint]
[pid=19056] - [2026-08-13 19:56:55,751] - [core.apis.routes.wms_router] - [INFO] - [Calling PUT /tickets/ticket123/submit-inspection endpoint]
[pid=19056] - [2026-08-13 19:56:55,752] - [core.controllers.wms_controller] - [INFO] - [Executing TicketController.submit_inspection for: ticket123]
[pid=19056] - [2026-08-13 19:56:55,752] - [core.services.wms_service] - [INFO] - [Executing AuditService.log_mutation | Action: SUBMIT_INSPECTION | Collection: tickets]
[pid=19056] - [2026-08-13 19:56:55,752] - [core.controllers.wms_controller] - [INFO] - [Ticket submitted for inspection approval: RNO-20260813-001]
[pid=19056] - [2026-08-13 19:56:55,754] - [commons.auth] - [INFO] - [Executing get_current_user dependency]
[pid=19056] - [2026-08-13 19:56:55,754] - [commons.auth] - [INFO] - [Executing require_roles dependency check]
[pid=19056] - [2026-08-13 19:56:55,754] - [core.apis.routes.wms_router] - [INFO] - [Calling POST /tickets/ticket123/approve endpoint]
[pid=19056] - [2026-08-13 19:56:55,754] - [core.apis.routes.wms_router] - [INFO] - [Calling POST /tickets/ticket123/approve endpoint]
[pid=19056] - [2026-08-13 19:56:55,754] - [core.apis.routes.wms_router] - [INFO] - [Calling POST /tickets/ticket123/approve endpoint]
[pid=19056] - [2026-08-13 19:56:55,754] - [core.apis.routes.wms_router] - [INFO] - [Calling POST /tickets/ticket123/approve endpoint]
[pid=19056] - [2026-08-13 19:56:55,754] - [core.apis.routes.wms_router] - [INFO] - [Calling POST /tickets/ticket123/approve endpoint]
[pid=19056] - [2026-08-13 19:56:55,754] - [core.apis.routes.wms_router] - [INFO] - [Calling POST /tickets/ticket123/approve endpoint]
[pid=19056] - [2026-08-13 19:56:55,754] - [core.apis.routes.wms_router] - [INFO] - [Calling POST /tickets/ticket123/approve endpoint]
[pid=19056] - [2026-08-13 19:56:55,754] - [core.apis.routes.wms_router] - [INFO] - [Calling POST /tickets/ticket123/approve endpoint]
[pid=19056] - [2026-08-13 19:56:55,754] - [core.apis.routes.wms_router] - [INFO] - [Calling POST /tickets/ticket123/approve endpoint]
[pid=19056] - [2026-08-13 19:56:55,754] - [core.apis.routes.wms_router] - [INFO] - [Calling POST /tickets/ticket123/approve endpoint]
[pid=19056] - [2026-08-13 19:56:55,754] - [core.apis.routes.wms_router] - [INFO] - [Calling POST /tickets/ticket123/approve endpoint]
[pid=19056] - [2026-08-13 19:56:55,754] - [core.apis.routes.wms_router] - [INFO] - [Calling POST /tickets/ticket123/approve endpoint]
[pid=19056] - [2026-08-13 19:56:55,754] - [core.apis.routes.wms_router] - [INFO] - [Calling POST /tickets/ticket123/approve endpoint]
[pid=19056] - [2026-08-13 19:56:55,754] - [core.apis.routes.wms_router] - [INFO] - [Calling POST /tickets/ticket123/approve endpoint]
[pid=19056] - [2026-08-13 19:56:55,755] - [core.controllers.wms_controller] - [INFO] - [Executing TicketController.approve_ticket for: ticket123]
[pid=19056] - [2026-08-13 19:56:55,755] - [core.services.wms_service] - [INFO] - [Executing AuditService.log_mutation | Action: APPROVE | Collection: tickets]
[pid=19056] - [2026-08-13 19:56:55,756] - [core.controllers.wms_controller] - [INFO] - [Ticket APPROVED: ticket123]
[pid=19056] - [2026-08-13 19:56:55,758] - [commons.auth] - [INFO] - [Executing get_current_user dependency]
[pid=19056] - [2026-08-13 19:56:55,758] - [core.apis.routes.wms_router] - [INFO] - [Calling POST /tickets/ticket123/store endpoint]
[pid=19056] - [2026-08-13 19:56:55,758] - [core.apis.routes.wms_router] - [INFO] - [Calling POST /tickets/ticket123/store endpoint]
[pid=19056] - [2026-08-13 19:56:55,758] - [core.apis.routes.wms_router] - [INFO] - [Calling POST /tickets/ticket123/store endpoint]
[pid=19056] - [2026-08-13 19:56:55,758] - [core.apis.routes.wms_router] - [INFO] - [Calling POST /tickets/ticket123/store endpoint]
[pid=19056] - [2026-08-13 19:56:55,758] - [core.apis.routes.wms_router] - [INFO] - [Calling POST /tickets/ticket123/store endpoint]
[pid=19056] - [2026-08-13 19:56:55,758] - [core.apis.routes.wms_router] - [INFO] - [Calling POST /tickets/ticket123/store endpoint]
[pid=19056] - [2026-08-13 19:56:55,758] - [core.apis.routes.wms_router] - [INFO] - [Calling POST /tickets/ticket123/store endpoint]
[pid=19056] - [2026-08-13 19:56:55,758] - [core.apis.routes.wms_router] - [INFO] - [Calling POST /tickets/ticket123/store endpoint]
[pid=19056] - [2026-08-13 19:56:55,758] - [core.apis.routes.wms_router] - [INFO] - [Calling POST /tickets/ticket123/store endpoint]
[pid=19056] - [2026-08-13 19:56:55,758] - [core.apis.routes.wms_router] - [INFO] - [Calling POST /tickets/ticket123/store endpoint]
[pid=19056] - [2026-08-13 19:56:55,758] - [core.apis.routes.wms_router] - [INFO] - [Calling POST /tickets/ticket123/store endpoint]
[pid=19056] - [2026-08-13 19:56:55,758] - [core.apis.routes.wms_router] - [INFO] - [Calling POST /tickets/ticket123/store endpoint]
[pid=19056] - [2026-08-13 19:56:55,758] - [core.apis.routes.wms_router] - [INFO] - [Calling POST /tickets/ticket123/store endpoint]
[pid=19056] - [2026-08-13 19:56:55,758] - [core.apis.routes.wms_router] - [INFO] - [Calling POST /tickets/ticket123/store endpoint]
[pid=19056] - [2026-08-13 19:56:55,760] - [core.controllers.wms_controller] - [INFO] - [Executing TicketController.store_ticket for: ticket123]
[pid=19056] - [2026-08-13 19:56:55,760] - [core.services.wms_service] - [INFO] - [Executing AuditService.log_mutation | Action: STORE | Collection: tickets]
[pid=19056] - [2026-08-13 19:56:55,760] - [core.controllers.wms_controller] - [INFO] - [Ticket STORED at location: A-04-12]
[pid=19056] - [2026-08-13 19:56:55,769] - [commons.auth] - [INFO] - [Executing get_current_user dependency]
[pid=19056] - [2026-08-13 19:56:55,770] - [core.apis.routes.wms_router] - [INFO] - [Calling POST /arrivals endpoint]
[pid=19056] - [2026-08-13 19:56:55,770] - [core.apis.routes.wms_router] - [INFO] - [Calling POST /arrivals endpoint]
[pid=19056] - [2026-08-13 19:56:55,770] - [core.apis.routes.wms_router] - [INFO] - [Calling POST /arrivals endpoint]
[pid=19056] - [2026-08-13 19:56:55,770] - [core.apis.routes.wms_router] - [INFO] - [Calling POST /arrivals endpoint]
[pid=19056] - [2026-08-13 19:56:55,770] - [core.apis.routes.wms_router] - [INFO] - [Calling POST /arrivals endpoint]
[pid=19056] - [2026-08-13 19:56:55,770] - [core.apis.routes.wms_router] - [INFO] - [Calling POST /arrivals endpoint]
[pid=19056] - [2026-08-13 19:56:55,770] - [core.apis.routes.wms_router] - [INFO] - [Calling POST /arrivals endpoint]
[pid=19056] - [2026-08-13 19:56:55,770] - [core.apis.routes.wms_router] - [INFO] - [Calling POST /arrivals endpoint]
[pid=19056] - [2026-08-13 19:56:55,770] - [core.apis.routes.wms_router] - [INFO] - [Calling POST /arrivals endpoint]
[pid=19056] - [2026-08-13 19:56:55,770] - [core.apis.routes.wms_router] - [INFO] - [Calling POST /arrivals endpoint]
[pid=19056] - [2026-08-13 19:56:55,770] - [core.apis.routes.wms_router] - [INFO] - [Calling POST /arrivals endpoint]
[pid=19056] - [2026-08-13 19:56:55,770] - [core.apis.routes.wms_router] - [INFO] - [Calling POST /arrivals endpoint]
[pid=19056] - [2026-08-13 19:56:55,770] - [core.apis.routes.wms_router] - [INFO] - [Calling POST /arrivals endpoint]
[pid=19056] - [2026-08-13 19:56:55,770] - [core.apis.routes.wms_router] - [INFO] - [Calling POST /arrivals endpoint]
[pid=19056] - [2026-08-13 19:56:55,770] - [core.controllers.wms_controller] - [INFO] - [Executing ArrivalController.process_arrival]
[pid=19056] - [2026-08-13 19:56:55,770] - [core.services.wms_service] - [INFO] - [Executing AuditService.log_mutation | Action: ARRIVE | Collection: tickets]
[pid=19056] - [2026-08-13 19:56:55,771] - [core.controllers.wms_controller] - [INFO] - [Arrival processed successfully! Generated Ticket ID: LAX-20260813-001]
[pid=19056] - [2026-08-13 19:56:55,777] - [commons.auth] - [INFO] - [Executing get_current_user dependency]
[pid=19056] - [2026-08-13 19:56:55,777] - [core.apis.routes.wms_router] - [INFO] - [Calling POST /tickets/RNO-20260813-001/items endpoint]
[pid=19056] - [2026-08-13 19:56:55,777] - [core.apis.routes.wms_router] - [INFO] - [Calling POST /tickets/RNO-20260813-001/items endpoint]
[pid=19056] - [2026-08-13 19:56:55,777] - [core.apis.routes.wms_router] - [INFO] - [Calling POST /tickets/RNO-20260813-001/items endpoint]
[pid=19056] - [2026-08-13 19:56:55,777] - [core.apis.routes.wms_router] - [INFO] - [Calling POST /tickets/RNO-20260813-001/items endpoint]
[pid=19056] - [2026-08-13 19:56:55,777] - [core.apis.routes.wms_router] - [INFO] - [Calling POST /tickets/RNO-20260813-001/items endpoint]
[pid=19056] - [2026-08-13 19:56:55,777] - [core.apis.routes.wms_router] - [INFO] - [Calling POST /tickets/RNO-20260813-001/items endpoint]
[pid=19056] - [2026-08-13 19:56:55,777] - [core.apis.routes.wms_router] - [INFO] - [Calling POST /tickets/RNO-20260813-001/items endpoint]
[pid=19056] - [2026-08-13 19:56:55,777] - [core.apis.routes.wms_router] - [INFO] - [Calling POST /tickets/RNO-20260813-001/items endpoint]
[pid=19056] - [2026-08-13 19:56:55,777] - [core.apis.routes.wms_router] - [INFO] - [Calling POST /tickets/RNO-20260813-001/items endpoint]
[pid=19056] - [2026-08-13 19:56:55,777] - [core.apis.routes.wms_router] - [INFO] - [Calling POST /tickets/RNO-20260813-001/items endpoint]
[pid=19056] - [2026-08-13 19:56:55,777] - [core.apis.routes.wms_router] - [INFO] - [Calling POST /tickets/RNO-20260813-001/items endpoint]
[pid=19056] - [2026-08-13 19:56:55,777] - [core.apis.routes.wms_router] - [INFO] - [Calling POST /tickets/RNO-20260813-001/items endpoint]
[pid=19056] - [2026-08-13 19:56:55,777] - [core.apis.routes.wms_router] - [INFO] - [Calling POST /tickets/RNO-20260813-001/items endpoint]
[pid=19056] - [2026-08-13 19:56:55,777] - [core.apis.routes.wms_router] - [INFO] - [Calling POST /tickets/RNO-20260813-001/items endpoint]
[pid=19056] - [2026-08-13 19:56:55,778] - [core.controllers.wms_controller] - [INFO] - [Executing TicketController.log_item_scan for ticket: RNO-20260813-001]
[pid=19056] - [2026-08-13 19:56:55,778] - [core.apis.routes.wms_router] - [ERROR] - [Error in POST /tickets/RNO-20260813-001/items endpoint: 409: Duplicate submission]
[pid=19056] - [2026-08-13 19:56:55,778] - [core.apis.routes.wms_router] - [ERROR] - [Error in POST /tickets/RNO-20260813-001/items endpoint: 409: Duplicate submission]
[pid=19056] - [2026-08-13 19:56:55,778] - [core.apis.routes.wms_router] - [ERROR] - [Error in POST /tickets/RNO-20260813-001/items endpoint: 409: Duplicate submission]
[pid=19056] - [2026-08-13 19:56:55,778] - [core.apis.routes.wms_router] - [ERROR] - [Error in POST /tickets/RNO-20260813-001/items endpoint: 409: Duplicate submission]
[pid=19056] - [2026-08-13 19:56:55,778] - [core.apis.routes.wms_router] - [ERROR] - [Error in POST /tickets/RNO-20260813-001/items endpoint: 409: Duplicate submission]
[pid=19056] - [2026-08-13 19:56:55,778] - [core.apis.routes.wms_router] - [ERROR] - [Error in POST /tickets/RNO-20260813-001/items endpoint: 409: Duplicate submission]
[pid=19056] - [2026-08-13 19:56:55,778] - [core.apis.routes.wms_router] - [ERROR] - [Error in POST /tickets/RNO-20260813-001/items endpoint: 409: Duplicate submission]
[pid=19056] - [2026-08-13 19:56:55,778] - [core.apis.routes.wms_router] - [ERROR] - [Error in POST /tickets/RNO-20260813-001/items endpoint: 409: Duplicate submission]
[pid=19056] - [2026-08-13 19:56:55,778] - [core.apis.routes.wms_router] - [ERROR] - [Error in POST /tickets/RNO-20260813-001/items endpoint: 409: Duplicate submission]
[pid=19056] - [2026-08-13 19:56:55,778] - [core.apis.routes.wms_router] - [ERROR] - [Error in POST /tickets/RNO-20260813-001/items endpoint: 409: Duplicate submission]
[pid=19056] - [2026-08-13 19:56:55,778] - [core.apis.routes.wms_router] - [ERROR] - [Error in POST /tickets/RNO-20260813-001/items endpoint: 409: Duplicate submission]
[pid=19056] - [2026-08-13 19:56:55,778] - [core.apis.routes.wms_router] - [ERROR] - [Error in POST /tickets/RNO-20260813-001/items endpoint: 409: Duplicate submission]
[pid=19056] - [2026-08-13 19:56:55,778] - [core.apis.routes.wms_router] - [ERROR] - [Error in POST /tickets/RNO-20260813-001/items endpoint: 409: Duplicate submission]
[pid=19056] - [2026-08-13 19:56:55,778] - [core.apis.routes.wms_router] - [ERROR] - [Error in POST /tickets/RNO-20260813-001/items endpoint: 409: Duplicate submission]
[pid=19056] - [2026-08-13 19:56:55,785] - [commons.auth] - [INFO] - [Executing get_current_user dependency]
[pid=19056] - [2026-08-13 19:56:55,786] - [core.apis.routes.wms_router] - [INFO] - [Calling POST /orders endpoint]
[pid=19056] - [2026-08-13 19:56:55,786] - [core.apis.routes.wms_router] - [INFO] - [Calling POST /orders endpoint]
[pid=19056] - [2026-08-13 19:56:55,786] - [core.apis.routes.wms_router] - [INFO] - [Calling POST /orders endpoint]
[pid=19056] - [2026-08-13 19:56:55,786] - [core.apis.routes.wms_router] - [INFO] - [Calling POST /orders endpoint]
[pid=19056] - [2026-08-13 19:56:55,786] - [core.apis.routes.wms_router] - [INFO] - [Calling POST /orders endpoint]
[pid=19056] - [2026-08-13 19:56:55,786] - [core.apis.routes.wms_router] - [INFO] - [Calling POST /orders endpoint]
[pid=19056] - [2026-08-13 19:56:55,786] - [core.apis.routes.wms_router] - [INFO] - [Calling POST /orders endpoint]
[pid=19056] - [2026-08-13 19:56:55,786] - [core.apis.routes.wms_router] - [INFO] - [Calling POST /orders endpoint]
[pid=19056] - [2026-08-13 19:56:55,786] - [core.apis.routes.wms_router] - [INFO] - [Calling POST /orders endpoint]
[pid=19056] - [2026-08-13 19:56:55,786] - [core.apis.routes.wms_router] - [INFO] - [Calling POST /orders endpoint]
[pid=19056] - [2026-08-13 19:56:55,786] - [core.apis.routes.wms_router] - [INFO] - [Calling POST /orders endpoint]
[pid=19056] - [2026-08-13 19:56:55,786] - [core.apis.routes.wms_router] - [INFO] - [Calling POST /orders endpoint]
[pid=19056] - [2026-08-13 19:56:55,786] - [core.apis.routes.wms_router] - [INFO] - [Calling POST /orders endpoint]
[pid=19056] - [2026-08-13 19:56:55,786] - [core.apis.routes.wms_router] - [INFO] - [Calling POST /orders endpoint]
[pid=19056] - [2026-08-13 19:56:55,786] - [core.controllers.wms_controller] - [INFO] - [Executing OrderController.create_order]
[pid=19056] - [2026-08-13 19:56:55,787] - [core.services.wms_service] - [INFO] - [Executing AuditService.log_mutation | Action: CREATE | Collection: orders]
[pid=19056] - [2026-08-13 19:56:55,788] - [core.controllers.wms_controller] - [INFO] - [Customer order created successfully: ORD-1001]
[pid=19056] - [2026-08-13 19:56:55,792] - [commons.auth] - [INFO] - [Executing get_current_user dependency]
[pid=19056] - [2026-08-13 19:56:55,792] - [core.apis.routes.wms_router] - [INFO] - [Calling POST /orders/ORD-1001/reserve endpoint]
[pid=19056] - [2026-08-13 19:56:55,792] - [core.apis.routes.wms_router] - [INFO] - [Calling POST /orders/ORD-1001/reserve endpoint]
[pid=19056] - [2026-08-13 19:56:55,792] - [core.apis.routes.wms_router] - [INFO] - [Calling POST /orders/ORD-1001/reserve endpoint]
[pid=19056] - [2026-08-13 19:56:55,792] - [core.apis.routes.wms_router] - [INFO] - [Calling POST /orders/ORD-1001/reserve endpoint]
[pid=19056] - [2026-08-13 19:56:55,792] - [core.apis.routes.wms_router] - [INFO] - [Calling POST /orders/ORD-1001/reserve endpoint]
[pid=19056] - [2026-08-13 19:56:55,792] - [core.apis.routes.wms_router] - [INFO] - [Calling POST /orders/ORD-1001/reserve endpoint]
[pid=19056] - [2026-08-13 19:56:55,792] - [core.apis.routes.wms_router] - [INFO] - [Calling POST /orders/ORD-1001/reserve endpoint]
[pid=19056] - [2026-08-13 19:56:55,792] - [core.apis.routes.wms_router] - [INFO] - [Calling POST /orders/ORD-1001/reserve endpoint]
[pid=19056] - [2026-08-13 19:56:55,792] - [core.apis.routes.wms_router] - [INFO] - [Calling POST /orders/ORD-1001/reserve endpoint]
[pid=19056] - [2026-08-13 19:56:55,792] - [core.apis.routes.wms_router] - [INFO] - [Calling POST /orders/ORD-1001/reserve endpoint]
[pid=19056] - [2026-08-13 19:56:55,792] - [core.apis.routes.wms_router] - [INFO] - [Calling POST /orders/ORD-1001/reserve endpoint]
[pid=19056] - [2026-08-13 19:56:55,792] - [core.apis.routes.wms_router] - [INFO] - [Calling POST /orders/ORD-1001/reserve endpoint]
[pid=19056] - [2026-08-13 19:56:55,792] - [core.apis.routes.wms_router] - [INFO] - [Calling POST /orders/ORD-1001/reserve endpoint]
[pid=19056] - [2026-08-13 19:56:55,792] - [core.apis.routes.wms_router] - [INFO] - [Calling POST /orders/ORD-1001/reserve endpoint]
[pid=19056] - [2026-08-13 19:56:55,793] - [core.controllers.wms_controller] - [INFO] - [Executing OrderController.reserve_order for: ORD-1001]
[pid=19056] - [2026-08-13 19:56:55,796] - [core.services.wms_service] - [INFO] - [Executing AuditService.log_mutation | Action: RESERVE | Collection: orders]
[pid=19056] - [2026-08-13 19:56:55,796] - [core.controllers.wms_controller] - [INFO] - [Order reserved successfully! Reserved items: 1]
[pid=19056] - [2026-08-13 19:56:55,800] - [commons.auth] - [INFO] - [Executing get_current_user dependency]
[pid=19056] - [2026-08-13 19:56:55,800] - [core.apis.routes.wms_router] - [INFO] - [Calling GET /orders/ORD-1001/picklist endpoint]
[pid=19056] - [2026-08-13 19:56:55,800] - [core.apis.routes.wms_router] - [INFO] - [Calling GET /orders/ORD-1001/picklist endpoint]
[pid=19056] - [2026-08-13 19:56:55,800] - [core.apis.routes.wms_router] - [INFO] - [Calling GET /orders/ORD-1001/picklist endpoint]
[pid=19056] - [2026-08-13 19:56:55,800] - [core.apis.routes.wms_router] - [INFO] - [Calling GET /orders/ORD-1001/picklist endpoint]
[pid=19056] - [2026-08-13 19:56:55,800] - [core.apis.routes.wms_router] - [INFO] - [Calling GET /orders/ORD-1001/picklist endpoint]
[pid=19056] - [2026-08-13 19:56:55,800] - [core.apis.routes.wms_router] - [INFO] - [Calling GET /orders/ORD-1001/picklist endpoint]
[pid=19056] - [2026-08-13 19:56:55,800] - [core.apis.routes.wms_router] - [INFO] - [Calling GET /orders/ORD-1001/picklist endpoint]
[pid=19056] - [2026-08-13 19:56:55,800] - [core.apis.routes.wms_router] - [INFO] - [Calling GET /orders/ORD-1001/picklist endpoint]
[pid=19056] - [2026-08-13 19:56:55,800] - [core.apis.routes.wms_router] - [INFO] - [Calling GET /orders/ORD-1001/picklist endpoint]
[pid=19056] - [2026-08-13 19:56:55,800] - [core.apis.routes.wms_router] - [INFO] - [Calling GET /orders/ORD-1001/picklist endpoint]
[pid=19056] - [2026-08-13 19:56:55,800] - [core.apis.routes.wms_router] - [INFO] - [Calling GET /orders/ORD-1001/picklist endpoint]
[pid=19056] - [2026-08-13 19:56:55,800] - [core.apis.routes.wms_router] - [INFO] - [Calling GET /orders/ORD-1001/picklist endpoint]
[pid=19056] - [2026-08-13 19:56:55,800] - [core.apis.routes.wms_router] - [INFO] - [Calling GET /orders/ORD-1001/picklist endpoint]
[pid=19056] - [2026-08-13 19:56:55,800] - [core.apis.routes.wms_router] - [INFO] - [Calling GET /orders/ORD-1001/picklist endpoint]
[pid=19056] - [2026-08-13 19:56:55,801] - [core.apis.routes.wms_router] - [ERROR] - [Error in GET /orders/ORD-1001/picklist endpoint: 'OrderController' object has no attribute 'get_picklist']
[pid=19056] - [2026-08-13 19:56:55,801] - [core.apis.routes.wms_router] - [ERROR] - [Error in GET /orders/ORD-1001/picklist endpoint: 'OrderController' object has no attribute 'get_picklist']
[pid=19056] - [2026-08-13 19:56:55,801] - [core.apis.routes.wms_router] - [ERROR] - [Error in GET /orders/ORD-1001/picklist endpoint: 'OrderController' object has no attribute 'get_picklist']
[pid=19056] - [2026-08-13 19:56:55,801] - [core.apis.routes.wms_router] - [ERROR] - [Error in GET /orders/ORD-1001/picklist endpoint: 'OrderController' object has no attribute 'get_picklist']
[pid=19056] - [2026-08-13 19:56:55,801] - [core.apis.routes.wms_router] - [ERROR] - [Error in GET /orders/ORD-1001/picklist endpoint: 'OrderController' object has no attribute 'get_picklist']
[pid=19056] - [2026-08-13 19:56:55,801] - [core.apis.routes.wms_router] - [ERROR] - [Error in GET /orders/ORD-1001/picklist endpoint: 'OrderController' object has no attribute 'get_picklist']
[pid=19056] - [2026-08-13 19:56:55,801] - [core.apis.routes.wms_router] - [ERROR] - [Error in GET /orders/ORD-1001/picklist endpoint: 'OrderController' object has no attribute 'get_picklist']
[pid=19056] - [2026-08-13 19:56:55,801] - [core.apis.routes.wms_router] - [ERROR] - [Error in GET /orders/ORD-1001/picklist endpoint: 'OrderController' object has no attribute 'get_picklist']
[pid=19056] - [2026-08-13 19:56:55,801] - [core.apis.routes.wms_router] - [ERROR] - [Error in GET /orders/ORD-1001/picklist endpoint: 'OrderController' object has no attribute 'get_picklist']
[pid=19056] - [2026-08-13 19:56:55,801] - [core.apis.routes.wms_router] - [ERROR] - [Error in GET /orders/ORD-1001/picklist endpoint: 'OrderController' object has no attribute 'get_picklist']
[pid=19056] - [2026-08-13 19:56:55,801] - [core.apis.routes.wms_router] - [ERROR] - [Error in GET /orders/ORD-1001/picklist endpoint: 'OrderController' object has no attribute 'get_picklist']
[pid=19056] - [2026-08-13 19:56:55,801] - [core.apis.routes.wms_router] - [ERROR] - [Error in GET /orders/ORD-1001/picklist endpoint: 'OrderController' object has no attribute 'get_picklist']
[pid=19056] - [2026-08-13 19:56:55,801] - [core.apis.routes.wms_router] - [ERROR] - [Error in GET /orders/ORD-1001/picklist endpoint: 'OrderController' object has no attribute 'get_picklist']
[pid=19056] - [2026-08-13 19:56:55,801] - [core.apis.routes.wms_router] - [ERROR] - [Error in GET /orders/ORD-1001/picklist endpoint: 'OrderController' object has no attribute 'get_picklist']
[pid=19056] - [2026-08-13 19:56:56,012] - [commons.auth] - [INFO] - [Executing get_current_user dependency]
[pid=19056] - [2026-08-13 19:56:56,013] - [core.apis.routes.wms_router] - [INFO] - [Calling POST /orders/ORD-PARALLEL/reserve endpoint]
[pid=19056] - [2026-08-13 19:56:56,013] - [core.apis.routes.wms_router] - [INFO] - [Calling POST /orders/ORD-PARALLEL/reserve endpoint]
[pid=19056] - [2026-08-13 19:56:56,013] - [core.apis.routes.wms_router] - [INFO] - [Calling POST /orders/ORD-PARALLEL/reserve endpoint]
[pid=19056] - [2026-08-13 19:56:56,013] - [core.apis.routes.wms_router] - [INFO] - [Calling POST /orders/ORD-PARALLEL/reserve endpoint]
[pid=19056] - [2026-08-13 19:56:56,013] - [core.apis.routes.wms_router] - [INFO] - [Calling POST /orders/ORD-PARALLEL/reserve endpoint]
[pid=19056] - [2026-08-13 19:56:56,013] - [core.apis.routes.wms_router] - [INFO] - [Calling POST /orders/ORD-PARALLEL/reserve endpoint]
[pid=19056] - [2026-08-13 19:56:56,013] - [core.apis.routes.wms_router] - [INFO] - [Calling POST /orders/ORD-PARALLEL/reserve endpoint]
[pid=19056] - [2026-08-13 19:56:56,013] - [core.apis.routes.wms_router] - [INFO] - [Calling POST /orders/ORD-PARALLEL/reserve endpoint]
[pid=19056] - [2026-08-13 19:56:56,013] - [core.apis.routes.wms_router] - [INFO] - [Calling POST /orders/ORD-PARALLEL/reserve endpoint]
[pid=19056] - [2026-08-13 19:56:56,013] - [core.apis.routes.wms_router] - [INFO] - [Calling POST /orders/ORD-PARALLEL/reserve endpoint]
[pid=19056] - [2026-08-13 19:56:56,013] - [core.apis.routes.wms_router] - [INFO] - [Calling POST /orders/ORD-PARALLEL/reserve endpoint]
[pid=19056] - [2026-08-13 19:56:56,013] - [core.apis.routes.wms_router] - [INFO] - [Calling POST /orders/ORD-PARALLEL/reserve endpoint]
[pid=19056] - [2026-08-13 19:56:56,013] - [core.apis.routes.wms_router] - [INFO] - [Calling POST /orders/ORD-PARALLEL/reserve endpoint]
[pid=19056] - [2026-08-13 19:56:56,013] - [core.apis.routes.wms_router] - [INFO] - [Calling POST /orders/ORD-PARALLEL/reserve endpoint]
[pid=19056] - [2026-08-13 19:56:56,013] - [core.controllers.wms_controller] - [INFO] - [Executing OrderController.reserve_order for: ORD-PARALLEL]
[pid=19056] - [2026-08-13 19:56:56,015] - [core.controllers.wms_controller] - [INFO] - [Order reserved successfully! Reserved items: 1]
[pid=19056] - [2026-08-13 19:56:56,019] - [commons.auth] - [INFO] - [Executing get_current_user dependency]
[pid=19056] - [2026-08-13 19:56:56,019] - [core.apis.routes.wms_router] - [INFO] - [Calling POST /orders/ORD-PARALLEL/reserve endpoint]
[pid=19056] - [2026-08-13 19:56:56,019] - [core.apis.routes.wms_router] - [INFO] - [Calling POST /orders/ORD-PARALLEL/reserve endpoint]
[pid=19056] - [2026-08-13 19:56:56,019] - [core.apis.routes.wms_router] - [INFO] - [Calling POST /orders/ORD-PARALLEL/reserve endpoint]
[pid=19056] - [2026-08-13 19:56:56,019] - [core.apis.routes.wms_router] - [INFO] - [Calling POST /orders/ORD-PARALLEL/reserve endpoint]
[pid=19056] - [2026-08-13 19:56:56,019] - [core.apis.routes.wms_router] - [INFO] - [Calling POST /orders/ORD-PARALLEL/reserve endpoint]
[pid=19056] - [2026-08-13 19:56:56,019] - [core.apis.routes.wms_router] - [INFO] - [Calling POST /orders/ORD-PARALLEL/reserve endpoint]
[pid=19056] - [2026-08-13 19:56:56,019] - [core.apis.routes.wms_router] - [INFO] - [Calling POST /orders/ORD-PARALLEL/reserve endpoint]
[pid=19056] - [2026-08-13 19:56:56,019] - [core.apis.routes.wms_router] - [INFO] - [Calling POST /orders/ORD-PARALLEL/reserve endpoint]
[pid=19056] - [2026-08-13 19:56:56,019] - [core.apis.routes.wms_router] - [INFO] - [Calling POST /orders/ORD-PARALLEL/reserve endpoint]
[pid=19056] - [2026-08-13 19:56:56,019] - [core.apis.routes.wms_router] - [INFO] - [Calling POST /orders/ORD-PARALLEL/reserve endpoint]
[pid=19056] - [2026-08-13 19:56:56,019] - [core.apis.routes.wms_router] - [INFO] - [Calling POST /orders/ORD-PARALLEL/reserve endpoint]
[pid=19056] - [2026-08-13 19:56:56,019] - [core.apis.routes.wms_router] - [INFO] - [Calling POST /orders/ORD-PARALLEL/reserve endpoint]
[pid=19056] - [2026-08-13 19:56:56,019] - [core.apis.routes.wms_router] - [INFO] - [Calling POST /orders/ORD-PARALLEL/reserve endpoint]
[pid=19056] - [2026-08-13 19:56:56,019] - [core.apis.routes.wms_router] - [INFO] - [Calling POST /orders/ORD-PARALLEL/reserve endpoint]
[pid=19056] - [2026-08-13 19:56:56,020] - [core.controllers.wms_controller] - [INFO] - [Executing OrderController.reserve_order for: ORD-PARALLEL]
[pid=19056] - [2026-08-13 19:56:56,073] - [core.controllers.wms_controller] - [WARNING] - [Stock reservation failed: barcode 012345678905 needs 1, available 0]
[pid=19056] - [2026-08-13 19:56:56,074] - [core.apis.routes.wms_router] - [ERROR] - [Error in POST /orders/ORD-PARALLEL/reserve endpoint: 409: Insufficient stock for barcode '012345678905'. Required: 1, Available: 0]
[pid=19056] - [2026-08-13 19:56:56,074] - [core.apis.routes.wms_router] - [ERROR] - [Error in POST /orders/ORD-PARALLEL/reserve endpoint: 409: Insufficient stock for barcode '012345678905'. Required: 1, Available: 0]
[pid=19056] - [2026-08-13 19:56:56,074] - [core.apis.routes.wms_router] - [ERROR] - [Error in POST /orders/ORD-PARALLEL/reserve endpoint: 409: Insufficient stock for barcode '012345678905'. Required: 1, Available: 0]
[pid=19056] - [2026-08-13 19:56:56,074] - [core.apis.routes.wms_router] - [ERROR] - [Error in POST /orders/ORD-PARALLEL/reserve endpoint: 409: Insufficient stock for barcode '012345678905'. Required: 1, Available: 0]
[pid=19056] - [2026-08-13 19:56:56,074] - [core.apis.routes.wms_router] - [ERROR] - [Error in POST /orders/ORD-PARALLEL/reserve endpoint: 409: Insufficient stock for barcode '012345678905'. Required: 1, Available: 0]
[pid=19056] - [2026-08-13 19:56:56,074] - [core.apis.routes.wms_router] - [ERROR] - [Error in POST /orders/ORD-PARALLEL/reserve endpoint: 409: Insufficient stock for barcode '012345678905'. Required: 1, Available: 0]
[pid=19056] - [2026-08-13 19:56:56,074] - [core.apis.routes.wms_router] - [ERROR] - [Error in POST /orders/ORD-PARALLEL/reserve endpoint: 409: Insufficient stock for barcode '012345678905'. Required: 1, Available: 0]
[pid=19056] - [2026-08-13 19:56:56,074] - [core.apis.routes.wms_router] - [ERROR] - [Error in POST /orders/ORD-PARALLEL/reserve endpoint: 409: Insufficient stock for barcode '012345678905'. Required: 1, Available: 0]
[pid=19056] - [2026-08-13 19:56:56,074] - [core.apis.routes.wms_router] - [ERROR] - [Error in POST /orders/ORD-PARALLEL/reserve endpoint: 409: Insufficient stock for barcode '012345678905'. Required: 1, Available: 0]
[pid=19056] - [2026-08-13 19:56:56,074] - [core.apis.routes.wms_router] - [ERROR] - [Error in POST /orders/ORD-PARALLEL/reserve endpoint: 409: Insufficient stock for barcode '012345678905'. Required: 1, Available: 0]
[pid=19056] - [2026-08-13 19:56:56,074] - [core.apis.routes.wms_router] - [ERROR] - [Error in POST /orders/ORD-PARALLEL/reserve endpoint: 409: Insufficient stock for barcode '012345678905'. Required: 1, Available: 0]
[pid=19056] - [2026-08-13 19:56:56,074] - [core.apis.routes.wms_router] - [ERROR] - [Error in POST /orders/ORD-PARALLEL/reserve endpoint: 409: Insufficient stock for barcode '012345678905'. Required: 1, Available: 0]
[pid=19056] - [2026-08-13 19:56:56,074] - [core.apis.routes.wms_router] - [ERROR] - [Error in POST /orders/ORD-PARALLEL/reserve endpoint: 409: Insufficient stock for barcode '012345678905'. Required: 1, Available: 0]
[pid=19056] - [2026-08-13 19:56:56,074] - [core.apis.routes.wms_router] - [ERROR] - [Error in POST /orders/ORD-PARALLEL/reserve endpoint: 409: Insufficient stock for barcode '012345678905'. Required: 1, Available: 0]
[pid=19056] - [2026-08-13 19:56:56,080] - [commons.auth] - [INFO] - [Executing get_current_user dependency]
[pid=19056] - [2026-08-13 19:56:56,080] - [commons.auth] - [INFO] - [Executing require_roles dependency check]
[pid=19056] - [2026-08-13 19:56:56,081] - [core.apis.routes.wms_router] - [INFO] - [Calling GET /reports/summary endpoint]
[pid=19056] - [2026-08-13 19:56:56,081] - [core.apis.routes.wms_router] - [INFO] - [Calling GET /reports/summary endpoint]
[pid=19056] - [2026-08-13 19:56:56,081] - [core.apis.routes.wms_router] - [INFO] - [Calling GET /reports/summary endpoint]
[pid=19056] - [2026-08-13 19:56:56,081] - [core.apis.routes.wms_router] - [INFO] - [Calling GET /reports/summary endpoint]
[pid=19056] - [2026-08-13 19:56:56,081] - [core.apis.routes.wms_router] - [INFO] - [Calling GET /reports/summary endpoint]
[pid=19056] - [2026-08-13 19:56:56,081] - [core.apis.routes.wms_router] - [INFO] - [Calling GET /reports/summary endpoint]
[pid=19056] - [2026-08-13 19:56:56,081] - [core.apis.routes.wms_router] - [INFO] - [Calling GET /reports/summary endpoint]
[pid=19056] - [2026-08-13 19:56:56,081] - [core.apis.routes.wms_router] - [INFO] - [Calling GET /reports/summary endpoint]
[pid=19056] - [2026-08-13 19:56:56,081] - [core.apis.routes.wms_router] - [INFO] - [Calling GET /reports/summary endpoint]
[pid=19056] - [2026-08-13 19:56:56,081] - [core.apis.routes.wms_router] - [INFO] - [Calling GET /reports/summary endpoint]
[pid=19056] - [2026-08-13 19:56:56,081] - [core.apis.routes.wms_router] - [INFO] - [Calling GET /reports/summary endpoint]
[pid=19056] - [2026-08-13 19:56:56,081] - [core.apis.routes.wms_router] - [INFO] - [Calling GET /reports/summary endpoint]
[pid=19056] - [2026-08-13 19:56:56,081] - [core.apis.routes.wms_router] - [INFO] - [Calling GET /reports/summary endpoint]
[pid=19056] - [2026-08-13 19:56:56,081] - [core.apis.routes.wms_router] - [INFO] - [Calling GET /reports/summary endpoint]
[pid=19056] - [2026-08-13 19:56:56,244] - [core.services.integration_service] - [INFO] - [Executing ExportService.generate_csv]
[pid=19056] - [2026-08-13 19:56:56,245] - [core.services.integration_service] - [INFO] - [Executing ExportService.generate_csv]
[pid=19056] - [2026-08-13 19:56:56,246] - [core.services.integration_service] - [INFO] - [Executing ExportService.generate_xlsx]
[pid=19056] - [2026-08-13 19:56:56,259] - [core.services.integration_service] - [INFO] - [Executing ExportService.generate_xlsx]
[pid=19056] - [2026-08-13 19:56:56,270] - [core.services.integration_service] - [INFO] - [LocalStorageService initialized | Upload Dir: C:\Users\aayus\WMS\uploads]
[pid=19056] - [2026-08-13 19:56:56,270] - [core.services.integration_service] - [INFO] - [Executing LocalStorageService.save_image]
[pid=19056] - [2026-08-13 19:56:56,270] - [core.services.integration_service] - [WARNING] - [Image upload rejected: invalid extension .pdf]
[pid=19056] - [2026-08-13 19:56:56,271] - [core.services.integration_service] - [INFO] - [Executing LocalStorageService.save_image]
[pid=19056] - [2026-08-13 19:56:56,275] - [core.services.integration_service] - [INFO] - [Image saved successfully: /uploads/f0bc0acadc4e4dea861ddc7b2e95aa8d.png]
[pid=19056] - [2026-08-13 19:56:56,276] - [core.services.integration_service] - [INFO] - [LocalStorageService initialized | Upload Dir: C:\Users\aayus\WMS\uploads]
[pid=19056] - [2026-08-13 19:56:56,280] - [core.services.ai_service] - [INFO] - [Executing VisionService.measure_package]
[pid=19056] - [2026-08-13 19:56:56,280] - [core.services.ai_service] - [WARNING] - [Vision measurement failed: invalid image payload]
[pid=19056] - [2026-08-13 19:56:56,284] - [core.services.ai_service] - [INFO] - [Executing NLQueryService.execute_query: 'How many items available?']
[pid=19056] - [2026-08-13 19:56:56,285] - [core.services.ai_service] - [INFO] - [NL Query executed using template 'STOCK_AVAILABLE'. Returned 1 rows.]
[pid=19056] - [2026-08-13 19:56:56,285] - [core.services.ai_service] - [INFO] - [Executing NLQueryService.execute_query: 'Show broken stock']
[pid=19056] - [2026-08-13 19:56:56,285] - [core.services.ai_service] - [INFO] - [NL Query executed using template 'STOCK_DAMAGED'. Returned 1 rows.]
[pid=19056] - [2026-08-13 19:56:56,285] - [core.services.ai_service] - [INFO] - [Executing NLQueryService.execute_query: 'Show held stock']
[pid=19056] - [2026-08-13 19:56:56,285] - [core.services.ai_service] - [INFO] - [NL Query executed using template 'STOCK_RESERVED'. Returned 1 rows.]
[pid=19056] - [2026-08-13 19:56:56,288] - [core.services.wms_service] - [INFO] - [Executing IdempotencyService.lock_key for key: key1]
[pid=19056] - [2026-08-13 19:56:56,288] - [core.services.wms_service] - [INFO] - [Idempotency key locked successfully: key1]
[pid=19056] - [2026-08-13 19:56:56,289] - [core.services.wms_service] - [INFO] - [Executing IdempotencyService.lock_key for key: key1]
[pid=19056] - [2026-08-13 19:56:56,289] - [core.services.wms_service] - [WARNING] - [Idempotency conflict: key key1 already processed]
[pid=19056] - [2026-08-13 19:56:56,291] - [core.services.wms_service] - [INFO] - [Executing AuditService.__init__]
[pid=19056] - [2026-08-13 19:56:56,292] - [core.services.wms_service] - [INFO] - [Executing AuditService.log_mutation | Action: TEST | Collection: test]
[pid=19056] - [2026-08-13 19:56:56,294] - [core.services.ai_service] - [INFO] - [Executing VoiceService.transcribe_audio]
[pid=19056] - [2026-08-13 19:56:56,294] - [core.services.ai_service] - [INFO] - [Executing VoiceService.parse_transcript]
[pid=19056] - [2026-08-13 19:56:56,302] - [core.apis.routes.wms_router] - [INFO] - [Calling GET /health endpoint]
[pid=19056] - [2026-08-13 19:56:56,302] - [core.apis.routes.wms_router] - [INFO] - [Calling GET /health endpoint]
[pid=19056] - [2026-08-13 19:56:56,302] - [core.apis.routes.wms_router] - [INFO] - [Calling GET /health endpoint]
[pid=19056] - [2026-08-13 19:56:56,302] - [core.apis.routes.wms_router] - [INFO] - [Calling GET /health endpoint]
[pid=19056] - [2026-08-13 19:56:56,302] - [core.apis.routes.wms_router] - [INFO] - [Calling GET /health endpoint]
[pid=19056] - [2026-08-13 19:56:56,302] - [core.apis.routes.wms_router] - [INFO] - [Calling GET /health endpoint]
[pid=19056] - [2026-08-13 19:56:56,302] - [core.apis.routes.wms_router] - [INFO] - [Calling GET /health endpoint]
[pid=19056] - [2026-08-13 19:56:56,302] - [core.apis.routes.wms_router] - [INFO] - [Calling GET /health endpoint]
[pid=19056] - [2026-08-13 19:56:56,302] - [core.apis.routes.wms_router] - [INFO] - [Calling GET /health endpoint]
[pid=19056] - [2026-08-13 19:56:56,302] - [core.apis.routes.wms_router] - [INFO] - [Calling GET /health endpoint]
[pid=19056] - [2026-08-13 19:56:56,302] - [core.apis.routes.wms_router] - [INFO] - [Calling GET /health endpoint]
[pid=19056] - [2026-08-13 19:56:56,302] - [core.apis.routes.wms_router] - [INFO] - [Calling GET /health endpoint]
[pid=19056] - [2026-08-13 19:56:56,302] - [core.apis.routes.wms_router] - [INFO] - [Calling GET /health endpoint]
[pid=19056] - [2026-08-13 19:56:56,302] - [core.apis.routes.wms_router] - [INFO] - [Calling GET /health endpoint]
[pid=19056] - [2026-08-13 19:56:56,302] - [core.controllers.wms_controller] - [INFO] - [Executing HealthController.get_health]
[pid=19056] - [2026-08-13 19:56:56,303] - [core.database.database] - [INFO] - [Executing ping function]
[pid=19056] - [2026-08-13 19:56:56,303] - [core.database.database] - [INFO] - [Executing MongoDatabase function]
[pid=19056] - [2026-08-13 19:56:56,303] - [core.database.database] - [INFO] - [Executing _MongoClientSingleton.__new__ | DB: wms]
[pid=19056] - [2026-08-13 19:56:56,310] - [core.database.database] - [INFO] - [MongoDB singleton initialized successfully | URI: mongodb://localhost:27017/?replicaSet=rs0&directConnection=true]
[pid=19056] - [2026-08-13 19:56:56,337] - [core.database.database] - [INFO] - [MongoDB ping successful]
[pid=7880] - [2026-08-13 19:58:14,525] - [core.config.settings] - [INFO] - [Executing get_settings function]
[pid=7880] - [2026-08-13 19:58:15,479] - [commons.auth] - [INFO] - [Executing get_current_user dependency]
[pid=7880] - [2026-08-13 19:58:15,481] - [core.apis.routes.wms_router] - [INFO] - [Calling POST /orders endpoint]
[pid=7880] - [2026-08-13 19:58:15,481] - [core.apis.routes.wms_router] - [INFO] - [Calling POST /orders endpoint]
[pid=7880] - [2026-08-13 19:58:15,481] - [core.apis.routes.wms_router] - [INFO] - [Calling POST /orders endpoint]
[pid=7880] - [2026-08-13 19:58:15,481] - [core.apis.routes.wms_router] - [INFO] - [Calling POST /orders endpoint]
[pid=7880] - [2026-08-13 19:58:15,481] - [core.apis.routes.wms_router] - [INFO] - [Calling POST /orders endpoint]
[pid=7880] - [2026-08-13 19:58:15,481] - [core.apis.routes.wms_router] - [INFO] - [Calling POST /orders endpoint]
[pid=7880] - [2026-08-13 19:58:15,481] - [core.apis.routes.wms_router] - [INFO] - [Calling POST /orders endpoint]
[pid=7880] - [2026-08-13 19:58:15,481] - [core.apis.routes.wms_router] - [INFO] - [Calling POST /orders endpoint]
[pid=7880] - [2026-08-13 19:58:15,481] - [core.apis.routes.wms_router] - [INFO] - [Calling POST /orders endpoint]
[pid=7880] - [2026-08-13 19:58:15,481] - [core.apis.routes.wms_router] - [INFO] - [Calling POST /orders endpoint]
[pid=7880] - [2026-08-13 19:58:15,481] - [core.apis.routes.wms_router] - [INFO] - [Calling POST /orders endpoint]
[pid=7880] - [2026-08-13 19:58:15,481] - [core.apis.routes.wms_router] - [INFO] - [Calling POST /orders endpoint]
[pid=7880] - [2026-08-13 19:58:15,481] - [core.apis.routes.wms_router] - [INFO] - [Calling POST /orders endpoint]
[pid=7880] - [2026-08-13 19:58:15,481] - [core.apis.routes.wms_router] - [INFO] - [Calling POST /orders endpoint]
[pid=7880] - [2026-08-13 19:58:15,485] - [core.services.wms_service] - [INFO] - [Executing AuditService.__init__]
[pid=7880] - [2026-08-13 19:58:15,486] - [core.controllers.wms_controller] - [INFO] - [Executing OrderController.create_order]
[pid=7880] - [2026-08-13 19:58:15,486] - [core.services.wms_service] - [INFO] - [Executing AuditService.log_mutation | Action: CREATE | Collection: orders]
[pid=7880] - [2026-08-13 19:58:15,486] - [core.controllers.wms_controller] - [INFO] - [Customer order created successfully: ORD-1001]
[pid=7880] - [2026-08-13 19:58:15,492] - [commons.auth] - [INFO] - [Executing get_current_user dependency]
[pid=7880] - [2026-08-13 19:58:15,492] - [core.apis.routes.wms_router] - [INFO] - [Calling POST /orders/ORD-1001/reserve endpoint]
[pid=7880] - [2026-08-13 19:58:15,492] - [core.apis.routes.wms_router] - [INFO] - [Calling POST /orders/ORD-1001/reserve endpoint]
[pid=7880] - [2026-08-13 19:58:15,492] - [core.apis.routes.wms_router] - [INFO] - [Calling POST /orders/ORD-1001/reserve endpoint]
[pid=7880] - [2026-08-13 19:58:15,492] - [core.apis.routes.wms_router] - [INFO] - [Calling POST /orders/ORD-1001/reserve endpoint]
[pid=7880] - [2026-08-13 19:58:15,492] - [core.apis.routes.wms_router] - [INFO] - [Calling POST /orders/ORD-1001/reserve endpoint]
[pid=7880] - [2026-08-13 19:58:15,492] - [core.apis.routes.wms_router] - [INFO] - [Calling POST /orders/ORD-1001/reserve endpoint]
[pid=7880] - [2026-08-13 19:58:15,492] - [core.apis.routes.wms_router] - [INFO] - [Calling POST /orders/ORD-1001/reserve endpoint]
[pid=7880] - [2026-08-13 19:58:15,492] - [core.apis.routes.wms_router] - [INFO] - [Calling POST /orders/ORD-1001/reserve endpoint]
[pid=7880] - [2026-08-13 19:58:15,492] - [core.apis.routes.wms_router] - [INFO] - [Calling POST /orders/ORD-1001/reserve endpoint]
[pid=7880] - [2026-08-13 19:58:15,492] - [core.apis.routes.wms_router] - [INFO] - [Calling POST /orders/ORD-1001/reserve endpoint]
[pid=7880] - [2026-08-13 19:58:15,492] - [core.apis.routes.wms_router] - [INFO] - [Calling POST /orders/ORD-1001/reserve endpoint]
[pid=7880] - [2026-08-13 19:58:15,492] - [core.apis.routes.wms_router] - [INFO] - [Calling POST /orders/ORD-1001/reserve endpoint]
[pid=7880] - [2026-08-13 19:58:15,492] - [core.apis.routes.wms_router] - [INFO] - [Calling POST /orders/ORD-1001/reserve endpoint]
[pid=7880] - [2026-08-13 19:58:15,492] - [core.apis.routes.wms_router] - [INFO] - [Calling POST /orders/ORD-1001/reserve endpoint]
[pid=7880] - [2026-08-13 19:58:15,493] - [core.controllers.wms_controller] - [INFO] - [Executing OrderController.reserve_order for: ORD-1001]
[pid=7880] - [2026-08-13 19:58:15,494] - [core.services.wms_service] - [INFO] - [Executing AuditService.log_mutation | Action: RESERVE | Collection: orders]
[pid=7880] - [2026-08-13 19:58:15,494] - [core.controllers.wms_controller] - [INFO] - [Order reserved successfully! Reserved items: 1]
[pid=7880] - [2026-08-13 19:58:15,496] - [commons.auth] - [INFO] - [Executing get_current_user dependency]
[pid=7880] - [2026-08-13 19:58:15,496] - [core.apis.routes.wms_router] - [INFO] - [Calling GET /orders/ORD-1001/picklist endpoint]
[pid=7880] - [2026-08-13 19:58:15,496] - [core.apis.routes.wms_router] - [INFO] - [Calling GET /orders/ORD-1001/picklist endpoint]
[pid=7880] - [2026-08-13 19:58:15,496] - [core.apis.routes.wms_router] - [INFO] - [Calling GET /orders/ORD-1001/picklist endpoint]
[pid=7880] - [2026-08-13 19:58:15,496] - [core.apis.routes.wms_router] - [INFO] - [Calling GET /orders/ORD-1001/picklist endpoint]
[pid=7880] - [2026-08-13 19:58:15,496] - [core.apis.routes.wms_router] - [INFO] - [Calling GET /orders/ORD-1001/picklist endpoint]
[pid=7880] - [2026-08-13 19:58:15,496] - [core.apis.routes.wms_router] - [INFO] - [Calling GET /orders/ORD-1001/picklist endpoint]
[pid=7880] - [2026-08-13 19:58:15,496] - [core.apis.routes.wms_router] - [INFO] - [Calling GET /orders/ORD-1001/picklist endpoint]
[pid=7880] - [2026-08-13 19:58:15,496] - [core.apis.routes.wms_router] - [INFO] - [Calling GET /orders/ORD-1001/picklist endpoint]
[pid=7880] - [2026-08-13 19:58:15,496] - [core.apis.routes.wms_router] - [INFO] - [Calling GET /orders/ORD-1001/picklist endpoint]
[pid=7880] - [2026-08-13 19:58:15,496] - [core.apis.routes.wms_router] - [INFO] - [Calling GET /orders/ORD-1001/picklist endpoint]
[pid=7880] - [2026-08-13 19:58:15,496] - [core.apis.routes.wms_router] - [INFO] - [Calling GET /orders/ORD-1001/picklist endpoint]
[pid=7880] - [2026-08-13 19:58:15,496] - [core.apis.routes.wms_router] - [INFO] - [Calling GET /orders/ORD-1001/picklist endpoint]
[pid=7880] - [2026-08-13 19:58:15,496] - [core.apis.routes.wms_router] - [INFO] - [Calling GET /orders/ORD-1001/picklist endpoint]
[pid=7880] - [2026-08-13 19:58:15,496] - [core.apis.routes.wms_router] - [INFO] - [Calling GET /orders/ORD-1001/picklist endpoint]
[pid=7880] - [2026-08-13 19:58:15,496] - [core.apis.routes.wms_router] - [ERROR] - [Error in GET /orders/ORD-1001/picklist endpoint: 'OrderController' object has no attribute 'get_picklist']
[pid=7880] - [2026-08-13 19:58:15,496] - [core.apis.routes.wms_router] - [ERROR] - [Error in GET /orders/ORD-1001/picklist endpoint: 'OrderController' object has no attribute 'get_picklist']
[pid=7880] - [2026-08-13 19:58:15,496] - [core.apis.routes.wms_router] - [ERROR] - [Error in GET /orders/ORD-1001/picklist endpoint: 'OrderController' object has no attribute 'get_picklist']
[pid=7880] - [2026-08-13 19:58:15,496] - [core.apis.routes.wms_router] - [ERROR] - [Error in GET /orders/ORD-1001/picklist endpoint: 'OrderController' object has no attribute 'get_picklist']
[pid=7880] - [2026-08-13 19:58:15,496] - [core.apis.routes.wms_router] - [ERROR] - [Error in GET /orders/ORD-1001/picklist endpoint: 'OrderController' object has no attribute 'get_picklist']
[pid=7880] - [2026-08-13 19:58:15,496] - [core.apis.routes.wms_router] - [ERROR] - [Error in GET /orders/ORD-1001/picklist endpoint: 'OrderController' object has no attribute 'get_picklist']
[pid=7880] - [2026-08-13 19:58:15,496] - [core.apis.routes.wms_router] - [ERROR] - [Error in GET /orders/ORD-1001/picklist endpoint: 'OrderController' object has no attribute 'get_picklist']
[pid=7880] - [2026-08-13 19:58:15,496] - [core.apis.routes.wms_router] - [ERROR] - [Error in GET /orders/ORD-1001/picklist endpoint: 'OrderController' object has no attribute 'get_picklist']
[pid=7880] - [2026-08-13 19:58:15,496] - [core.apis.routes.wms_router] - [ERROR] - [Error in GET /orders/ORD-1001/picklist endpoint: 'OrderController' object has no attribute 'get_picklist']
[pid=7880] - [2026-08-13 19:58:15,496] - [core.apis.routes.wms_router] - [ERROR] - [Error in GET /orders/ORD-1001/picklist endpoint: 'OrderController' object has no attribute 'get_picklist']
[pid=7880] - [2026-08-13 19:58:15,496] - [core.apis.routes.wms_router] - [ERROR] - [Error in GET /orders/ORD-1001/picklist endpoint: 'OrderController' object has no attribute 'get_picklist']
[pid=7880] - [2026-08-13 19:58:15,496] - [core.apis.routes.wms_router] - [ERROR] - [Error in GET /orders/ORD-1001/picklist endpoint: 'OrderController' object has no attribute 'get_picklist']
[pid=7880] - [2026-08-13 19:58:15,496] - [core.apis.routes.wms_router] - [ERROR] - [Error in GET /orders/ORD-1001/picklist endpoint: 'OrderController' object has no attribute 'get_picklist']
[pid=7880] - [2026-08-13 19:58:15,496] - [core.apis.routes.wms_router] - [ERROR] - [Error in GET /orders/ORD-1001/picklist endpoint: 'OrderController' object has no attribute 'get_picklist']
[pid=25488] - [2026-08-13 19:59:56,922] - [core.config.settings] - [INFO] - [Executing get_settings function]
[pid=19484] - [2026-08-13 20:02:26,526] - [core.config.settings] - [INFO] - [Executing get_settings function]
[pid=19484] - [2026-08-13 20:02:27,518] - [commons.auth] - [INFO] - [Executing hash_password function]
[pid=19484] - [2026-08-13 20:02:27,847] - [core.apis.routes.auth_router] - [INFO] - [Calling POST /auth/login endpoint]
[pid=19484] - [2026-08-13 20:02:27,848] - [core.controllers.auth_controller] - [INFO] - [Executing AuthController.login]
[pid=19484] - [2026-08-13 20:02:27,848] - [core.cruds.user_crud] - [INFO] - [Executing CRUDUser.get_by_email for: owner@whitfield.com]
[pid=19484] - [2026-08-13 20:02:27,848] - [commons.auth] - [INFO] - [Executing verify_password function]
[pid=19484] - [2026-08-13 20:02:28,141] - [commons.auth] - [INFO] - [Executing create_access_token function]
[pid=19484] - [2026-08-13 20:02:28,145] - [commons.auth] - [INFO] - [Executing create_refresh_token function]
[pid=19484] - [2026-08-13 20:02:28,145] - [core.controllers.auth_controller] - [INFO] - [User login successful: owner@whitfield.com (OWNER)]
[pid=19484] - [2026-08-13 20:02:28,150] - [commons.auth] - [INFO] - [Executing hash_password function]
[pid=19484] - [2026-08-13 20:02:28,536] - [core.apis.routes.auth_router] - [INFO] - [Calling POST /auth/login endpoint]
[pid=19484] - [2026-08-13 20:02:28,537] - [core.controllers.auth_controller] - [INFO] - [Executing AuthController.login]
[pid=19484] - [2026-08-13 20:02:28,537] - [core.cruds.user_crud] - [INFO] - [Executing CRUDUser.get_by_email for: owner@whitfield.com]
[pid=19484] - [2026-08-13 20:02:28,537] - [commons.auth] - [INFO] - [Executing verify_password function]
[pid=19484] - [2026-08-13 20:02:28,906] - [core.controllers.auth_controller] - [WARNING] - [Login failed: invalid password for user (owner@whitfield.com)]
[pid=19484] - [2026-08-13 20:02:28,906] - [core.apis.routes.auth_router] - [ERROR] - [Error in POST /auth/login endpoint: 401: Invalid email or password]
[pid=19484] - [2026-08-13 20:02:28,915] - [commons.auth] - [INFO] - [Executing get_current_user dependency]
[pid=19484] - [2026-08-13 20:02:28,916] - [commons.auth] - [INFO] - [Executing require_roles dependency check]
[pid=19484] - [2026-08-13 20:02:28,918] - [core.apis.routes.wms_router] - [INFO] - [Calling POST /warehouses endpoint]
[pid=19484] - [2026-08-13 20:02:28,918] - [core.apis.routes.wms_router] - [INFO] - [Calling POST /warehouses endpoint]
[pid=19484] - [2026-08-13 20:02:28,918] - [core.apis.routes.wms_router] - [INFO] - [Calling POST /warehouses endpoint]
[pid=19484] - [2026-08-13 20:02:28,918] - [core.apis.routes.wms_router] - [INFO] - [Calling POST /warehouses endpoint]
[pid=19484] - [2026-08-13 20:02:28,918] - [core.apis.routes.wms_router] - [INFO] - [Calling POST /warehouses endpoint]
[pid=19484] - [2026-08-13 20:02:28,918] - [core.apis.routes.wms_router] - [INFO] - [Calling POST /warehouses endpoint]
[pid=19484] - [2026-08-13 20:02:28,918] - [core.apis.routes.wms_router] - [INFO] - [Calling POST /warehouses endpoint]
[pid=19484] - [2026-08-13 20:02:28,918] - [core.apis.routes.wms_router] - [INFO] - [Calling POST /warehouses endpoint]
[pid=19484] - [2026-08-13 20:02:28,918] - [core.apis.routes.wms_router] - [INFO] - [Calling POST /warehouses endpoint]
[pid=19484] - [2026-08-13 20:02:28,918] - [core.apis.routes.wms_router] - [INFO] - [Calling POST /warehouses endpoint]
[pid=19484] - [2026-08-13 20:02:28,918] - [core.apis.routes.wms_router] - [INFO] - [Calling POST /warehouses endpoint]
[pid=19484] - [2026-08-13 20:02:28,918] - [core.apis.routes.wms_router] - [INFO] - [Calling POST /warehouses endpoint]
[pid=19484] - [2026-08-13 20:02:28,918] - [core.apis.routes.wms_router] - [INFO] - [Calling POST /warehouses endpoint]
[pid=19484] - [2026-08-13 20:02:28,918] - [core.apis.routes.wms_router] - [INFO] - [Calling POST /warehouses endpoint]
[pid=19484] - [2026-08-13 20:02:28,919] - [core.services.wms_service] - [INFO] - [Executing AuditService.__init__]
[pid=19484] - [2026-08-13 20:02:28,919] - [core.controllers.wms_controller] - [INFO] - [Executing WarehouseController.create_warehouse]
[pid=19484] - [2026-08-13 20:02:28,919] - [core.services.wms_service] - [INFO] - [Executing AuditService.log_mutation | Action: CREATE | Collection: warehouses]
[pid=19484] - [2026-08-13 20:02:28,920] - [core.controllers.wms_controller] - [INFO] - [Warehouse created successfully: RNO]
[pid=19484] - [2026-08-13 20:02:28,939] - [commons.auth] - [INFO] - [Executing get_current_user dependency]
[pid=19484] - [2026-08-13 20:02:28,940] - [commons.auth] - [INFO] - [Executing require_roles dependency check]
[pid=19484] - [2026-08-13 20:02:28,944] - [core.apis.routes.user_router] - [INFO] - [Calling POST /users/managers endpoint]
[pid=19484] - [2026-08-13 20:02:28,945] - [core.controllers.user_controller] - [INFO] - [Executing UserController.create_manager]
[pid=19484] - [2026-08-13 20:02:28,946] - [commons.auth] - [INFO] - [Executing hash_password function]
[pid=19484] - [2026-08-13 20:02:29,334] - [core.services.wms_service] - [INFO] - [Executing AuditService.log_mutation | Action: CREATE | Collection: users]
[pid=19484] - [2026-08-13 20:02:29,334] - [core.controllers.user_controller] - [INFO] - [Manager user created successfully: manager.rno@whitfield.com]
[pid=19484] - [2026-08-13 20:02:29,343] - [commons.auth] - [INFO] - [Executing get_current_user dependency]
[pid=19484] - [2026-08-13 20:02:29,343] - [commons.auth] - [INFO] - [Executing require_roles dependency check]
[pid=19484] - [2026-08-13 20:02:29,348] - [core.apis.routes.user_router] - [INFO] - [Calling POST /users/staff endpoint]
[pid=19484] - [2026-08-13 20:02:29,348] - [core.controllers.user_controller] - [INFO] - [Executing UserController.create_staff]
[pid=19484] - [2026-08-13 20:02:29,348] - [commons.auth] - [INFO] - [Executing hash_password function]
[pid=19484] - [2026-08-13 20:02:29,699] - [core.services.wms_service] - [INFO] - [Executing AuditService.log_mutation | Action: CREATE | Collection: users]
[pid=19484] - [2026-08-13 20:02:29,699] - [core.controllers.user_controller] - [INFO] - [Staff user created successfully: staff.rookie@whitfield.com for WH: 607f1f77bcf86cd799439022]
[pid=19484] - [2026-08-13 20:02:29,727] - [commons.auth] - [INFO] - [Executing get_current_user dependency]
[pid=19484] - [2026-08-13 20:02:29,727] - [commons.auth] - [INFO] - [Executing require_roles dependency check]
[pid=19484] - [2026-08-13 20:02:29,727] - [commons.auth] - [WARNING] - [User staff.rookie@whitfield.com with role STAFF denied access. Required: ['OWNER']]
[pid=19484] - [2026-08-13 20:02:29,732] - [commons.auth] - [INFO] - [Executing get_current_user dependency]
[pid=19484] - [2026-08-13 20:02:29,732] - [commons.auth] - [INFO] - [Executing require_roles dependency check]
[pid=19484] - [2026-08-13 20:02:29,733] - [core.apis.routes.wms_router] - [INFO] - [Calling GET /audit endpoint]
[pid=19484] - [2026-08-13 20:02:29,733] - [core.apis.routes.wms_router] - [INFO] - [Calling GET /audit endpoint]
[pid=19484] - [2026-08-13 20:02:29,733] - [core.apis.routes.wms_router] - [INFO] - [Calling GET /audit endpoint]
[pid=19484] - [2026-08-13 20:02:29,733] - [core.apis.routes.wms_router] - [INFO] - [Calling GET /audit endpoint]
[pid=19484] - [2026-08-13 20:02:29,733] - [core.apis.routes.wms_router] - [INFO] - [Calling GET /audit endpoint]
[pid=19484] - [2026-08-13 20:02:29,733] - [core.apis.routes.wms_router] - [INFO] - [Calling GET /audit endpoint]
[pid=19484] - [2026-08-13 20:02:29,733] - [core.apis.routes.wms_router] - [INFO] - [Calling GET /audit endpoint]
[pid=19484] - [2026-08-13 20:02:29,733] - [core.apis.routes.wms_router] - [INFO] - [Calling GET /audit endpoint]
[pid=19484] - [2026-08-13 20:02:29,733] - [core.apis.routes.wms_router] - [INFO] - [Calling GET /audit endpoint]
[pid=19484] - [2026-08-13 20:02:29,733] - [core.apis.routes.wms_router] - [INFO] - [Calling GET /audit endpoint]
[pid=19484] - [2026-08-13 20:02:29,733] - [core.apis.routes.wms_router] - [INFO] - [Calling GET /audit endpoint]
[pid=19484] - [2026-08-13 20:02:29,733] - [core.apis.routes.wms_router] - [INFO] - [Calling GET /audit endpoint]
[pid=19484] - [2026-08-13 20:02:29,733] - [core.apis.routes.wms_router] - [INFO] - [Calling GET /audit endpoint]
[pid=19484] - [2026-08-13 20:02:29,733] - [core.apis.routes.wms_router] - [INFO] - [Calling GET /audit endpoint]
[pid=19484] - [2026-08-13 20:02:29,733] - [core.controllers.wms_controller] - [INFO] - [Executing AuditController.get_audit_logs]
[pid=19484] - [2026-08-13 20:02:29,740] - [commons.auth] - [INFO] - [Executing get_current_user dependency]
[pid=19484] - [2026-08-13 20:02:29,740] - [commons.auth] - [INFO] - [Executing require_roles dependency check]
[pid=19484] - [2026-08-13 20:02:29,740] - [commons.auth] - [WARNING] - [User None with role STAFF denied access. Required: ['OWNER']]
[pid=19484] - [2026-08-13 20:02:29,744] - [commons.auth] - [INFO] - [Executing get_current_user dependency]
[pid=19484] - [2026-08-13 20:02:29,744] - [commons.auth] - [INFO] - [Executing require_roles dependency check]
[pid=19484] - [2026-08-13 20:02:29,745] - [commons.auth] - [WARNING] - [User None with role MANAGER denied access. Required: ['OWNER']]
[pid=19484] - [2026-08-13 20:02:29,753] - [commons.auth] - [INFO] - [Executing get_current_user dependency]
[pid=19484] - [2026-08-13 20:02:29,753] - [commons.auth] - [INFO] - [Executing require_roles dependency check]
[pid=19484] - [2026-08-13 20:02:29,753] - [core.apis.routes.wms_router] - [INFO] - [Calling POST /warehouses endpoint]
[pid=19484] - [2026-08-13 20:02:29,753] - [core.apis.routes.wms_router] - [INFO] - [Calling POST /warehouses endpoint]
[pid=19484] - [2026-08-13 20:02:29,753] - [core.apis.routes.wms_router] - [INFO] - [Calling POST /warehouses endpoint]
[pid=19484] - [2026-08-13 20:02:29,753] - [core.apis.routes.wms_router] - [INFO] - [Calling POST /warehouses endpoint]
[pid=19484] - [2026-08-13 20:02:29,753] - [core.apis.routes.wms_router] - [INFO] - [Calling POST /warehouses endpoint]
[pid=19484] - [2026-08-13 20:02:29,753] - [core.apis.routes.wms_router] - [INFO] - [Calling POST /warehouses endpoint]
[pid=19484] - [2026-08-13 20:02:29,753] - [core.apis.routes.wms_router] - [INFO] - [Calling POST /warehouses endpoint]
[pid=19484] - [2026-08-13 20:02:29,753] - [core.apis.routes.wms_router] - [INFO] - [Calling POST /warehouses endpoint]
[pid=19484] - [2026-08-13 20:02:29,753] - [core.apis.routes.wms_router] - [INFO] - [Calling POST /warehouses endpoint]
[pid=19484] - [2026-08-13 20:02:29,753] - [core.apis.routes.wms_router] - [INFO] - [Calling POST /warehouses endpoint]
[pid=19484] - [2026-08-13 20:02:29,753] - [core.apis.routes.wms_router] - [INFO] - [Calling POST /warehouses endpoint]
[pid=19484] - [2026-08-13 20:02:29,753] - [core.apis.routes.wms_router] - [INFO] - [Calling POST /warehouses endpoint]
[pid=19484] - [2026-08-13 20:02:29,753] - [core.apis.routes.wms_router] - [INFO] - [Calling POST /warehouses endpoint]
[pid=19484] - [2026-08-13 20:02:29,753] - [core.apis.routes.wms_router] - [INFO] - [Calling POST /warehouses endpoint]
[pid=19484] - [2026-08-13 20:02:29,754] - [core.controllers.wms_controller] - [INFO] - [Executing WarehouseController.create_warehouse]
[pid=19484] - [2026-08-13 20:02:29,754] - [core.controllers.wms_controller] - [INFO] - [Warehouse created successfully: RNO]
[pid=19484] - [2026-08-13 20:02:29,760] - [core.utils.ticket_generator] - [INFO] - [Executing TicketGenerator.generate_ticket_id for WH: RNO]
[pid=19484] - [2026-08-13 20:02:29,761] - [core.utils.ticket_generator] - [INFO] - [Generated ticket ID: RNO-20260813-014]
[pid=19484] - [2026-08-13 20:02:29,768] - [commons.auth] - [INFO] - [Executing get_current_user dependency]
[pid=19484] - [2026-08-13 20:02:29,769] - [core.apis.routes.wms_router] - [INFO] - [Calling POST /voice/transcribe endpoint]
[pid=19484] - [2026-08-13 20:02:29,769] - [core.apis.routes.wms_router] - [INFO] - [Calling POST /voice/transcribe endpoint]
[pid=19484] - [2026-08-13 20:02:29,769] - [core.apis.routes.wms_router] - [INFO] - [Calling POST /voice/transcribe endpoint]
[pid=19484] - [2026-08-13 20:02:29,769] - [core.apis.routes.wms_router] - [INFO] - [Calling POST /voice/transcribe endpoint]
[pid=19484] - [2026-08-13 20:02:29,769] - [core.apis.routes.wms_router] - [INFO] - [Calling POST /voice/transcribe endpoint]
[pid=19484] - [2026-08-13 20:02:29,769] - [core.apis.routes.wms_router] - [INFO] - [Calling POST /voice/transcribe endpoint]
[pid=19484] - [2026-08-13 20:02:29,769] - [core.apis.routes.wms_router] - [INFO] - [Calling POST /voice/transcribe endpoint]
[pid=19484] - [2026-08-13 20:02:29,769] - [core.apis.routes.wms_router] - [INFO] - [Calling POST /voice/transcribe endpoint]
[pid=19484] - [2026-08-13 20:02:29,769] - [core.apis.routes.wms_router] - [INFO] - [Calling POST /voice/transcribe endpoint]
[pid=19484] - [2026-08-13 20:02:29,769] - [core.apis.routes.wms_router] - [INFO] - [Calling POST /voice/transcribe endpoint]
[pid=19484] - [2026-08-13 20:02:29,769] - [core.apis.routes.wms_router] - [INFO] - [Calling POST /voice/transcribe endpoint]
[pid=19484] - [2026-08-13 20:02:29,769] - [core.apis.routes.wms_router] - [INFO] - [Calling POST /voice/transcribe endpoint]
[pid=19484] - [2026-08-13 20:02:29,769] - [core.apis.routes.wms_router] - [INFO] - [Calling POST /voice/transcribe endpoint]
[pid=19484] - [2026-08-13 20:02:29,769] - [core.apis.routes.wms_router] - [INFO] - [Calling POST /voice/transcribe endpoint]
[pid=19484] - [2026-08-13 20:02:29,769] - [core.controllers.wms_controller] - [INFO] - [Executing VoiceController.transcribe]
[pid=19484] - [2026-08-13 20:02:29,769] - [core.services.ai_service] - [INFO] - [Executing VoiceService.transcribe_audio]
[pid=19484] - [2026-08-13 20:02:29,771] - [commons.auth] - [INFO] - [Executing get_current_user dependency]
[pid=19484] - [2026-08-13 20:02:29,772] - [core.apis.routes.wms_router] - [INFO] - [Calling POST /voice/parse endpoint]
[pid=19484] - [2026-08-13 20:02:29,772] - [core.apis.routes.wms_router] - [INFO] - [Calling POST /voice/parse endpoint]
[pid=19484] - [2026-08-13 20:02:29,772] - [core.apis.routes.wms_router] - [INFO] - [Calling POST /voice/parse endpoint]
[pid=19484] - [2026-08-13 20:02:29,772] - [core.apis.routes.wms_router] - [INFO] - [Calling POST /voice/parse endpoint]
[pid=19484] - [2026-08-13 20:02:29,772] - [core.apis.routes.wms_router] - [INFO] - [Calling POST /voice/parse endpoint]
[pid=19484] - [2026-08-13 20:02:29,772] - [core.apis.routes.wms_router] - [INFO] - [Calling POST /voice/parse endpoint]
[pid=19484] - [2026-08-13 20:02:29,772] - [core.apis.routes.wms_router] - [INFO] - [Calling POST /voice/parse endpoint]
[pid=19484] - [2026-08-13 20:02:29,772] - [core.apis.routes.wms_router] - [INFO] - [Calling POST /voice/parse endpoint]
[pid=19484] - [2026-08-13 20:02:29,772] - [core.apis.routes.wms_router] - [INFO] - [Calling POST /voice/parse endpoint]
[pid=19484] - [2026-08-13 20:02:29,772] - [core.apis.routes.wms_router] - [INFO] - [Calling POST /voice/parse endpoint]
[pid=19484] - [2026-08-13 20:02:29,772] - [core.apis.routes.wms_router] - [INFO] - [Calling POST /voice/parse endpoint]
[pid=19484] - [2026-08-13 20:02:29,772] - [core.apis.routes.wms_router] - [INFO] - [Calling POST /voice/parse endpoint]
[pid=19484] - [2026-08-13 20:02:29,772] - [core.apis.routes.wms_router] - [INFO] - [Calling POST /voice/parse endpoint]
[pid=19484] - [2026-08-13 20:02:29,772] - [core.apis.routes.wms_router] - [INFO] - [Calling POST /voice/parse endpoint]
[pid=19484] - [2026-08-13 20:02:29,772] - [core.controllers.wms_controller] - [INFO] - [Executing VoiceController.parse_transcript for ticket: RNO-20260813-001]
[pid=19484] - [2026-08-13 20:02:29,772] - [core.services.ai_service] - [INFO] - [Executing VoiceService.parse_transcript]
[pid=19484] - [2026-08-13 20:02:29,773] - [core.controllers.wms_controller] - [INFO] - [Voice draft saved successfully! Draft ID: draft123]
[pid=19484] - [2026-08-13 20:02:29,775] - [commons.auth] - [INFO] - [Executing get_current_user dependency]
[pid=19484] - [2026-08-13 20:02:29,776] - [core.apis.routes.wms_router] - [INFO] - [Calling POST /voice/drafts/draft123/confirm endpoint]
[pid=19484] - [2026-08-13 20:02:29,776] - [core.apis.routes.wms_router] - [INFO] - [Calling POST /voice/drafts/draft123/confirm endpoint]
[pid=19484] - [2026-08-13 20:02:29,776] - [core.apis.routes.wms_router] - [INFO] - [Calling POST /voice/drafts/draft123/confirm endpoint]
[pid=19484] - [2026-08-13 20:02:29,776] - [core.apis.routes.wms_router] - [INFO] - [Calling POST /voice/drafts/draft123/confirm endpoint]
[pid=19484] - [2026-08-13 20:02:29,776] - [core.apis.routes.wms_router] - [INFO] - [Calling POST /voice/drafts/draft123/confirm endpoint]
[pid=19484] - [2026-08-13 20:02:29,776] - [core.apis.routes.wms_router] - [INFO] - [Calling POST /voice/drafts/draft123/confirm endpoint]
[pid=19484] - [2026-08-13 20:02:29,776] - [core.apis.routes.wms_router] - [INFO] - [Calling POST /voice/drafts/draft123/confirm endpoint]
[pid=19484] - [2026-08-13 20:02:29,776] - [core.apis.routes.wms_router] - [INFO] - [Calling POST /voice/drafts/draft123/confirm endpoint]
[pid=19484] - [2026-08-13 20:02:29,776] - [core.apis.routes.wms_router] - [INFO] - [Calling POST /voice/drafts/draft123/confirm endpoint]
[pid=19484] - [2026-08-13 20:02:29,776] - [core.apis.routes.wms_router] - [INFO] - [Calling POST /voice/drafts/draft123/confirm endpoint]
[pid=19484] - [2026-08-13 20:02:29,776] - [core.apis.routes.wms_router] - [INFO] - [Calling POST /voice/drafts/draft123/confirm endpoint]
[pid=19484] - [2026-08-13 20:02:29,776] - [core.apis.routes.wms_router] - [INFO] - [Calling POST /voice/drafts/draft123/confirm endpoint]
[pid=19484] - [2026-08-13 20:02:29,776] - [core.apis.routes.wms_router] - [INFO] - [Calling POST /voice/drafts/draft123/confirm endpoint]
[pid=19484] - [2026-08-13 20:02:29,776] - [core.apis.routes.wms_router] - [INFO] - [Calling POST /voice/drafts/draft123/confirm endpoint]
[pid=19484] - [2026-08-13 20:02:29,776] - [core.controllers.wms_controller] - [INFO] - [Executing VoiceController.confirm_draft for draft: draft123]
[pid=19484] - [2026-08-13 20:02:29,776] - [core.controllers.wms_controller] - [INFO] - [Voice draft confirmed and logged through Phase 2 pipeline! Draft ID: draft123]
[pid=19484] - [2026-08-13 20:02:29,783] - [commons.auth] - [INFO] - [Executing get_current_user dependency]
[pid=19484] - [2026-08-13 20:02:29,783] - [core.apis.routes.wms_router] - [INFO] - [Calling POST /vision/measure endpoint]
[pid=19484] - [2026-08-13 20:02:29,783] - [core.apis.routes.wms_router] - [INFO] - [Calling POST /vision/measure endpoint]
[pid=19484] - [2026-08-13 20:02:29,783] - [core.apis.routes.wms_router] - [INFO] - [Calling POST /vision/measure endpoint]
[pid=19484] - [2026-08-13 20:02:29,783] - [core.apis.routes.wms_router] - [INFO] - [Calling POST /vision/measure endpoint]
[pid=19484] - [2026-08-13 20:02:29,783] - [core.apis.routes.wms_router] - [INFO] - [Calling POST /vision/measure endpoint]
[pid=19484] - [2026-08-13 20:02:29,783] - [core.apis.routes.wms_router] - [INFO] - [Calling POST /vision/measure endpoint]
[pid=19484] - [2026-08-13 20:02:29,783] - [core.apis.routes.wms_router] - [INFO] - [Calling POST /vision/measure endpoint]
[pid=19484] - [2026-08-13 20:02:29,783] - [core.apis.routes.wms_router] - [INFO] - [Calling POST /vision/measure endpoint]
[pid=19484] - [2026-08-13 20:02:29,783] - [core.apis.routes.wms_router] - [INFO] - [Calling POST /vision/measure endpoint]
[pid=19484] - [2026-08-13 20:02:29,783] - [core.apis.routes.wms_router] - [INFO] - [Calling POST /vision/measure endpoint]
[pid=19484] - [2026-08-13 20:02:29,783] - [core.apis.routes.wms_router] - [INFO] - [Calling POST /vision/measure endpoint]
[pid=19484] - [2026-08-13 20:02:29,783] - [core.apis.routes.wms_router] - [INFO] - [Calling POST /vision/measure endpoint]
[pid=19484] - [2026-08-13 20:02:29,783] - [core.apis.routes.wms_router] - [INFO] - [Calling POST /vision/measure endpoint]
[pid=19484] - [2026-08-13 20:02:29,783] - [core.apis.routes.wms_router] - [INFO] - [Calling POST /vision/measure endpoint]
[pid=19484] - [2026-08-13 20:02:29,783] - [core.controllers.wms_controller] - [INFO] - [Executing VisionController.measure_package]
[pid=19484] - [2026-08-13 20:02:29,789] - [commons.auth] - [INFO] - [Executing get_current_user dependency]
[pid=19484] - [2026-08-13 20:02:29,790] - [core.apis.routes.wms_router] - [INFO] - [Calling POST /query endpoint]
[pid=19484] - [2026-08-13 20:02:29,790] - [core.apis.routes.wms_router] - [INFO] - [Calling POST /query endpoint]
[pid=19484] - [2026-08-13 20:02:29,790] - [core.apis.routes.wms_router] - [INFO] - [Calling POST /query endpoint]
[pid=19484] - [2026-08-13 20:02:29,790] - [core.apis.routes.wms_router] - [INFO] - [Calling POST /query endpoint]
[pid=19484] - [2026-08-13 20:02:29,790] - [core.apis.routes.wms_router] - [INFO] - [Calling POST /query endpoint]
[pid=19484] - [2026-08-13 20:02:29,790] - [core.apis.routes.wms_router] - [INFO] - [Calling POST /query endpoint]
[pid=19484] - [2026-08-13 20:02:29,790] - [core.apis.routes.wms_router] - [INFO] - [Calling POST /query endpoint]
[pid=19484] - [2026-08-13 20:02:29,790] - [core.apis.routes.wms_router] - [INFO] - [Calling POST /query endpoint]
[pid=19484] - [2026-08-13 20:02:29,790] - [core.apis.routes.wms_router] - [INFO] - [Calling POST /query endpoint]
[pid=19484] - [2026-08-13 20:02:29,790] - [core.apis.routes.wms_router] - [INFO] - [Calling POST /query endpoint]
[pid=19484] - [2026-08-13 20:02:29,790] - [core.apis.routes.wms_router] - [INFO] - [Calling POST /query endpoint]
[pid=19484] - [2026-08-13 20:02:29,790] - [core.apis.routes.wms_router] - [INFO] - [Calling POST /query endpoint]
[pid=19484] - [2026-08-13 20:02:29,790] - [core.apis.routes.wms_router] - [INFO] - [Calling POST /query endpoint]
[pid=19484] - [2026-08-13 20:02:29,790] - [core.apis.routes.wms_router] - [INFO] - [Calling POST /query endpoint]
[pid=19484] - [2026-08-13 20:02:29,791] - [core.controllers.wms_controller] - [INFO] - [Executing NLQueryController.execute_query]
[pid=19484] - [2026-08-13 20:02:29,798] - [commons.auth] - [INFO] - [Executing get_current_user dependency]
[pid=19484] - [2026-08-13 20:02:29,799] - [commons.auth] - [INFO] - [Executing require_roles dependency check]
[pid=19484] - [2026-08-13 20:02:29,800] - [core.apis.routes.wms_router] - [INFO] - [Calling POST /api-keys endpoint]
[pid=19484] - [2026-08-13 20:02:29,800] - [core.apis.routes.wms_router] - [INFO] - [Calling POST /api-keys endpoint]
[pid=19484] - [2026-08-13 20:02:29,800] - [core.apis.routes.wms_router] - [INFO] - [Calling POST /api-keys endpoint]
[pid=19484] - [2026-08-13 20:02:29,800] - [core.apis.routes.wms_router] - [INFO] - [Calling POST /api-keys endpoint]
[pid=19484] - [2026-08-13 20:02:29,800] - [core.apis.routes.wms_router] - [INFO] - [Calling POST /api-keys endpoint]
[pid=19484] - [2026-08-13 20:02:29,800] - [core.apis.routes.wms_router] - [INFO] - [Calling POST /api-keys endpoint]
[pid=19484] - [2026-08-13 20:02:29,800] - [core.apis.routes.wms_router] - [INFO] - [Calling POST /api-keys endpoint]
[pid=19484] - [2026-08-13 20:02:29,800] - [core.apis.routes.wms_router] - [INFO] - [Calling POST /api-keys endpoint]
[pid=19484] - [2026-08-13 20:02:29,800] - [core.apis.routes.wms_router] - [INFO] - [Calling POST /api-keys endpoint]
[pid=19484] - [2026-08-13 20:02:29,800] - [core.apis.routes.wms_router] - [INFO] - [Calling POST /api-keys endpoint]
[pid=19484] - [2026-08-13 20:02:29,800] - [core.apis.routes.wms_router] - [INFO] - [Calling POST /api-keys endpoint]
[pid=19484] - [2026-08-13 20:02:29,800] - [core.apis.routes.wms_router] - [INFO] - [Calling POST /api-keys endpoint]
[pid=19484] - [2026-08-13 20:02:29,800] - [core.apis.routes.wms_router] - [INFO] - [Calling POST /api-keys endpoint]
[pid=19484] - [2026-08-13 20:02:29,800] - [core.apis.routes.wms_router] - [INFO] - [Calling POST /api-keys endpoint]
[pid=19484] - [2026-08-13 20:02:29,800] - [core.controllers.wms_controller] - [INFO] - [Executing ApiKeyController.create_key]
[pid=19484] - [2026-08-13 20:02:29,801] - [core.controllers.wms_controller] - [INFO] - [API key created successfully! Name: Morning Check Script | Prefix: wms_live_6aa]
[pid=19484] - [2026-08-13 20:02:29,802] - [commons.auth] - [INFO] - [Executing get_current_user dependency]
[pid=19484] - [2026-08-13 20:02:29,802] - [commons.auth] - [INFO] - [Executing require_roles dependency check]
[pid=19484] - [2026-08-13 20:02:29,802] - [core.apis.routes.wms_router] - [INFO] - [Calling GET /api-keys endpoint]
[pid=19484] - [2026-08-13 20:02:29,802] - [core.apis.routes.wms_router] - [INFO] - [Calling GET /api-keys endpoint]
[pid=19484] - [2026-08-13 20:02:29,802] - [core.apis.routes.wms_router] - [INFO] - [Calling GET /api-keys endpoint]
[pid=19484] - [2026-08-13 20:02:29,802] - [core.apis.routes.wms_router] - [INFO] - [Calling GET /api-keys endpoint]
[pid=19484] - [2026-08-13 20:02:29,802] - [core.apis.routes.wms_router] - [INFO] - [Calling GET /api-keys endpoint]
[pid=19484] - [2026-08-13 20:02:29,802] - [core.apis.routes.wms_router] - [INFO] - [Calling GET /api-keys endpoint]
[pid=19484] - [2026-08-13 20:02:29,802] - [core.apis.routes.wms_router] - [INFO] - [Calling GET /api-keys endpoint]
[pid=19484] - [2026-08-13 20:02:29,802] - [core.apis.routes.wms_router] - [INFO] - [Calling GET /api-keys endpoint]
[pid=19484] - [2026-08-13 20:02:29,802] - [core.apis.routes.wms_router] - [INFO] - [Calling GET /api-keys endpoint]
[pid=19484] - [2026-08-13 20:02:29,802] - [core.apis.routes.wms_router] - [INFO] - [Calling GET /api-keys endpoint]
[pid=19484] - [2026-08-13 20:02:29,802] - [core.apis.routes.wms_router] - [INFO] - [Calling GET /api-keys endpoint]
[pid=19484] - [2026-08-13 20:02:29,802] - [core.apis.routes.wms_router] - [INFO] - [Calling GET /api-keys endpoint]
[pid=19484] - [2026-08-13 20:02:29,802] - [core.apis.routes.wms_router] - [INFO] - [Calling GET /api-keys endpoint]
[pid=19484] - [2026-08-13 20:02:29,802] - [core.apis.routes.wms_router] - [INFO] - [Calling GET /api-keys endpoint]
[pid=19484] - [2026-08-13 20:02:29,803] - [core.controllers.wms_controller] - [INFO] - [Executing ApiKeyController.list_keys]
[pid=19484] - [2026-08-13 20:02:29,804] - [commons.auth] - [INFO] - [Executing get_current_user dependency]
[pid=19484] - [2026-08-13 20:02:29,805] - [commons.auth] - [INFO] - [Executing require_roles dependency check]
[pid=19484] - [2026-08-13 20:02:29,805] - [core.apis.routes.wms_router] - [INFO] - [Calling DELETE /api-keys/key123 endpoint]
[pid=19484] - [2026-08-13 20:02:29,805] - [core.apis.routes.wms_router] - [INFO] - [Calling DELETE /api-keys/key123 endpoint]
[pid=19484] - [2026-08-13 20:02:29,805] - [core.apis.routes.wms_router] - [INFO] - [Calling DELETE /api-keys/key123 endpoint]
[pid=19484] - [2026-08-13 20:02:29,805] - [core.apis.routes.wms_router] - [INFO] - [Calling DELETE /api-keys/key123 endpoint]
[pid=19484] - [2026-08-13 20:02:29,805] - [core.apis.routes.wms_router] - [INFO] - [Calling DELETE /api-keys/key123 endpoint]
[pid=19484] - [2026-08-13 20:02:29,805] - [core.apis.routes.wms_router] - [INFO] - [Calling DELETE /api-keys/key123 endpoint]
[pid=19484] - [2026-08-13 20:02:29,805] - [core.apis.routes.wms_router] - [INFO] - [Calling DELETE /api-keys/key123 endpoint]
[pid=19484] - [2026-08-13 20:02:29,805] - [core.apis.routes.wms_router] - [INFO] - [Calling DELETE /api-keys/key123 endpoint]
[pid=19484] - [2026-08-13 20:02:29,805] - [core.apis.routes.wms_router] - [INFO] - [Calling DELETE /api-keys/key123 endpoint]
[pid=19484] - [2026-08-13 20:02:29,805] - [core.apis.routes.wms_router] - [INFO] - [Calling DELETE /api-keys/key123 endpoint]
[pid=19484] - [2026-08-13 20:02:29,805] - [core.apis.routes.wms_router] - [INFO] - [Calling DELETE /api-keys/key123 endpoint]
[pid=19484] - [2026-08-13 20:02:29,805] - [core.apis.routes.wms_router] - [INFO] - [Calling DELETE /api-keys/key123 endpoint]
[pid=19484] - [2026-08-13 20:02:29,805] - [core.apis.routes.wms_router] - [INFO] - [Calling DELETE /api-keys/key123 endpoint]
[pid=19484] - [2026-08-13 20:02:29,805] - [core.apis.routes.wms_router] - [INFO] - [Calling DELETE /api-keys/key123 endpoint]
[pid=19484] - [2026-08-13 20:02:29,805] - [core.controllers.wms_controller] - [INFO] - [Executing ApiKeyController.revoke_key: key123]
[pid=19484] - [2026-08-13 20:02:29,806] - [core.controllers.wms_controller] - [INFO] - [API key revoked successfully: key123]
[pid=19484] - [2026-08-13 20:02:29,812] - [commons.auth] - [INFO] - [Executing get_current_user dependency]
[pid=19484] - [2026-08-13 20:02:29,812] - [core.apis.routes.wms_router] - [INFO] - [Calling POST /query endpoint]
[pid=19484] - [2026-08-13 20:02:29,812] - [core.apis.routes.wms_router] - [INFO] - [Calling POST /query endpoint]
[pid=19484] - [2026-08-13 20:02:29,812] - [core.apis.routes.wms_router] - [INFO] - [Calling POST /query endpoint]
[pid=19484] - [2026-08-13 20:02:29,812] - [core.apis.routes.wms_router] - [INFO] - [Calling POST /query endpoint]
[pid=19484] - [2026-08-13 20:02:29,812] - [core.apis.routes.wms_router] - [INFO] - [Calling POST /query endpoint]
[pid=19484] - [2026-08-13 20:02:29,812] - [core.apis.routes.wms_router] - [INFO] - [Calling POST /query endpoint]
[pid=19484] - [2026-08-13 20:02:29,812] - [core.apis.routes.wms_router] - [INFO] - [Calling POST /query endpoint]
[pid=19484] - [2026-08-13 20:02:29,812] - [core.apis.routes.wms_router] - [INFO] - [Calling POST /query endpoint]
[pid=19484] - [2026-08-13 20:02:29,812] - [core.apis.routes.wms_router] - [INFO] - [Calling POST /query endpoint]
[pid=19484] - [2026-08-13 20:02:29,812] - [core.apis.routes.wms_router] - [INFO] - [Calling POST /query endpoint]
[pid=19484] - [2026-08-13 20:02:29,812] - [core.apis.routes.wms_router] - [INFO] - [Calling POST /query endpoint]
[pid=19484] - [2026-08-13 20:02:29,812] - [core.apis.routes.wms_router] - [INFO] - [Calling POST /query endpoint]
[pid=19484] - [2026-08-13 20:02:29,812] - [core.apis.routes.wms_router] - [INFO] - [Calling POST /query endpoint]
[pid=19484] - [2026-08-13 20:02:29,812] - [core.apis.routes.wms_router] - [INFO] - [Calling POST /query endpoint]
[pid=19484] - [2026-08-13 20:02:29,813] - [core.controllers.wms_controller] - [INFO] - [Executing NLQueryController.execute_query]
[pid=19484] - [2026-08-13 20:02:29,813] - [core.controllers.wms_controller] - [WARNING] - [NL query rejected outside allow-list: Query does not match any allow-listed template]
[pid=19484] - [2026-08-13 20:02:29,813] - [core.apis.routes.wms_router] - [ERROR] - [Error in POST /query endpoint: 400: Query does not match any allow-listed template]
[pid=19484] - [2026-08-13 20:02:29,813] - [core.apis.routes.wms_router] - [ERROR] - [Error in POST /query endpoint: 400: Query does not match any allow-listed template]
[pid=19484] - [2026-08-13 20:02:29,813] - [core.apis.routes.wms_router] - [ERROR] - [Error in POST /query endpoint: 400: Query does not match any allow-listed template]
[pid=19484] - [2026-08-13 20:02:29,813] - [core.apis.routes.wms_router] - [ERROR] - [Error in POST /query endpoint: 400: Query does not match any allow-listed template]
[pid=19484] - [2026-08-13 20:02:29,813] - [core.apis.routes.wms_router] - [ERROR] - [Error in POST /query endpoint: 400: Query does not match any allow-listed template]
[pid=19484] - [2026-08-13 20:02:29,813] - [core.apis.routes.wms_router] - [ERROR] - [Error in POST /query endpoint: 400: Query does not match any allow-listed template]
[pid=19484] - [2026-08-13 20:02:29,813] - [core.apis.routes.wms_router] - [ERROR] - [Error in POST /query endpoint: 400: Query does not match any allow-listed template]
[pid=19484] - [2026-08-13 20:02:29,813] - [core.apis.routes.wms_router] - [ERROR] - [Error in POST /query endpoint: 400: Query does not match any allow-listed template]
[pid=19484] - [2026-08-13 20:02:29,813] - [core.apis.routes.wms_router] - [ERROR] - [Error in POST /query endpoint: 400: Query does not match any allow-listed template]
[pid=19484] - [2026-08-13 20:02:29,813] - [core.apis.routes.wms_router] - [ERROR] - [Error in POST /query endpoint: 400: Query does not match any allow-listed template]
[pid=19484] - [2026-08-13 20:02:29,813] - [core.apis.routes.wms_router] - [ERROR] - [Error in POST /query endpoint: 400: Query does not match any allow-listed template]
[pid=19484] - [2026-08-13 20:02:29,813] - [core.apis.routes.wms_router] - [ERROR] - [Error in POST /query endpoint: 400: Query does not match any allow-listed template]
[pid=19484] - [2026-08-13 20:02:29,813] - [core.apis.routes.wms_router] - [ERROR] - [Error in POST /query endpoint: 400: Query does not match any allow-listed template]
[pid=19484] - [2026-08-13 20:02:29,813] - [core.apis.routes.wms_router] - [ERROR] - [Error in POST /query endpoint: 400: Query does not match any allow-listed template]
[pid=19484] - [2026-08-13 20:02:29,820] - [commons.auth] - [INFO] - [Executing get_current_user dependency]
[pid=19484] - [2026-08-13 20:02:29,820] - [commons.auth] - [WARNING] - [Missing authentication token in request]
[pid=19484] - [2026-08-13 20:02:29,829] - [commons.auth] - [INFO] - [Executing get_current_user dependency]
[pid=19484] - [2026-08-13 20:02:29,831] - [core.apis.routes.wms_router] - [INFO] - [Calling POST /arrivals endpoint]
[pid=19484] - [2026-08-13 20:02:29,831] - [core.apis.routes.wms_router] - [INFO] - [Calling POST /arrivals endpoint]
[pid=19484] - [2026-08-13 20:02:29,831] - [core.apis.routes.wms_router] - [INFO] - [Calling POST /arrivals endpoint]
[pid=19484] - [2026-08-13 20:02:29,831] - [core.apis.routes.wms_router] - [INFO] - [Calling POST /arrivals endpoint]
[pid=19484] - [2026-08-13 20:02:29,831] - [core.apis.routes.wms_router] - [INFO] - [Calling POST /arrivals endpoint]
[pid=19484] - [2026-08-13 20:02:29,831] - [core.apis.routes.wms_router] - [INFO] - [Calling POST /arrivals endpoint]
[pid=19484] - [2026-08-13 20:02:29,831] - [core.apis.routes.wms_router] - [INFO] - [Calling POST /arrivals endpoint]
[pid=19484] - [2026-08-13 20:02:29,831] - [core.apis.routes.wms_router] - [INFO] - [Calling POST /arrivals endpoint]
[pid=19484] - [2026-08-13 20:02:29,831] - [core.apis.routes.wms_router] - [INFO] - [Calling POST /arrivals endpoint]
[pid=19484] - [2026-08-13 20:02:29,831] - [core.apis.routes.wms_router] - [INFO] - [Calling POST /arrivals endpoint]
[pid=19484] - [2026-08-13 20:02:29,831] - [core.apis.routes.wms_router] - [INFO] - [Calling POST /arrivals endpoint]
[pid=19484] - [2026-08-13 20:02:29,831] - [core.apis.routes.wms_router] - [INFO] - [Calling POST /arrivals endpoint]
[pid=19484] - [2026-08-13 20:02:29,831] - [core.apis.routes.wms_router] - [INFO] - [Calling POST /arrivals endpoint]
[pid=19484] - [2026-08-13 20:02:29,831] - [core.apis.routes.wms_router] - [INFO] - [Calling POST /arrivals endpoint]
[pid=19484] - [2026-08-13 20:02:29,831] - [core.controllers.wms_controller] - [INFO] - [Executing ArrivalController.process_arrival]
[pid=19484] - [2026-08-13 20:02:29,832] - [core.services.wms_service] - [INFO] - [Executing AuditService.log_mutation | Action: ARRIVE | Collection: tickets]
[pid=19484] - [2026-08-13 20:02:29,832] - [core.controllers.wms_controller] - [INFO] - [Arrival processed successfully! Generated Ticket ID: RNO-20260813-001]
[pid=19484] - [2026-08-13 20:02:29,835] - [commons.auth] - [INFO] - [Executing get_current_user dependency]
[pid=19484] - [2026-08-13 20:02:29,837] - [core.apis.routes.wms_router] - [INFO] - [Calling POST /tickets/RNO-20260813-001/items endpoint]
[pid=19484] - [2026-08-13 20:02:29,837] - [core.apis.routes.wms_router] - [INFO] - [Calling POST /tickets/RNO-20260813-001/items endpoint]
[pid=19484] - [2026-08-13 20:02:29,837] - [core.apis.routes.wms_router] - [INFO] - [Calling POST /tickets/RNO-20260813-001/items endpoint]
[pid=19484] - [2026-08-13 20:02:29,837] - [core.apis.routes.wms_router] - [INFO] - [Calling POST /tickets/RNO-20260813-001/items endpoint]
[pid=19484] - [2026-08-13 20:02:29,837] - [core.apis.routes.wms_router] - [INFO] - [Calling POST /tickets/RNO-20260813-001/items endpoint]
[pid=19484] - [2026-08-13 20:02:29,837] - [core.apis.routes.wms_router] - [INFO] - [Calling POST /tickets/RNO-20260813-001/items endpoint]
[pid=19484] - [2026-08-13 20:02:29,837] - [core.apis.routes.wms_router] - [INFO] - [Calling POST /tickets/RNO-20260813-001/items endpoint]
[pid=19484] - [2026-08-13 20:02:29,837] - [core.apis.routes.wms_router] - [INFO] - [Calling POST /tickets/RNO-20260813-001/items endpoint]
[pid=19484] - [2026-08-13 20:02:29,837] - [core.apis.routes.wms_router] - [INFO] - [Calling POST /tickets/RNO-20260813-001/items endpoint]
[pid=19484] - [2026-08-13 20:02:29,837] - [core.apis.routes.wms_router] - [INFO] - [Calling POST /tickets/RNO-20260813-001/items endpoint]
[pid=19484] - [2026-08-13 20:02:29,837] - [core.apis.routes.wms_router] - [INFO] - [Calling POST /tickets/RNO-20260813-001/items endpoint]
[pid=19484] - [2026-08-13 20:02:29,837] - [core.apis.routes.wms_router] - [INFO] - [Calling POST /tickets/RNO-20260813-001/items endpoint]
[pid=19484] - [2026-08-13 20:02:29,837] - [core.apis.routes.wms_router] - [INFO] - [Calling POST /tickets/RNO-20260813-001/items endpoint]
[pid=19484] - [2026-08-13 20:02:29,837] - [core.apis.routes.wms_router] - [INFO] - [Calling POST /tickets/RNO-20260813-001/items endpoint]
[pid=19484] - [2026-08-13 20:02:29,838] - [core.controllers.wms_controller] - [INFO] - [Executing TicketController.log_item_scan for ticket: RNO-20260813-001]
[pid=19484] - [2026-08-13 20:02:29,838] - [core.services.wms_service] - [INFO] - [Executing AuditService.log_mutation | Action: SCAN_ITEM | Collection: items]
[pid=19484] - [2026-08-13 20:02:29,838] - [core.controllers.wms_controller] - [INFO] - [Item scanned and logged successfully! Unit Seq: 1 under Ticket: RNO-20260813-001]
[pid=19484] - [2026-08-13 20:02:29,839] - [commons.auth] - [INFO] - [Executing get_current_user dependency]
[pid=19484] - [2026-08-13 20:02:29,840] - [core.apis.routes.wms_router] - [INFO] - [Calling PUT /tickets/ticket123/submit-inspection endpoint]
[pid=19484] - [2026-08-13 20:02:29,840] - [core.apis.routes.wms_router] - [INFO] - [Calling PUT /tickets/ticket123/submit-inspection endpoint]
[pid=19484] - [2026-08-13 20:02:29,840] - [core.apis.routes.wms_router] - [INFO] - [Calling PUT /tickets/ticket123/submit-inspection endpoint]
[pid=19484] - [2026-08-13 20:02:29,840] - [core.apis.routes.wms_router] - [INFO] - [Calling PUT /tickets/ticket123/submit-inspection endpoint]
[pid=19484] - [2026-08-13 20:02:29,840] - [core.apis.routes.wms_router] - [INFO] - [Calling PUT /tickets/ticket123/submit-inspection endpoint]
[pid=19484] - [2026-08-13 20:02:29,840] - [core.apis.routes.wms_router] - [INFO] - [Calling PUT /tickets/ticket123/submit-inspection endpoint]
[pid=19484] - [2026-08-13 20:02:29,840] - [core.apis.routes.wms_router] - [INFO] - [Calling PUT /tickets/ticket123/submit-inspection endpoint]
[pid=19484] - [2026-08-13 20:02:29,840] - [core.apis.routes.wms_router] - [INFO] - [Calling PUT /tickets/ticket123/submit-inspection endpoint]
[pid=19484] - [2026-08-13 20:02:29,840] - [core.apis.routes.wms_router] - [INFO] - [Calling PUT /tickets/ticket123/submit-inspection endpoint]
[pid=19484] - [2026-08-13 20:02:29,840] - [core.apis.routes.wms_router] - [INFO] - [Calling PUT /tickets/ticket123/submit-inspection endpoint]
[pid=19484] - [2026-08-13 20:02:29,840] - [core.apis.routes.wms_router] - [INFO] - [Calling PUT /tickets/ticket123/submit-inspection endpoint]
[pid=19484] - [2026-08-13 20:02:29,840] - [core.apis.routes.wms_router] - [INFO] - [Calling PUT /tickets/ticket123/submit-inspection endpoint]
[pid=19484] - [2026-08-13 20:02:29,840] - [core.apis.routes.wms_router] - [INFO] - [Calling PUT /tickets/ticket123/submit-inspection endpoint]
[pid=19484] - [2026-08-13 20:02:29,840] - [core.apis.routes.wms_router] - [INFO] - [Calling PUT /tickets/ticket123/submit-inspection endpoint]
[pid=19484] - [2026-08-13 20:02:29,840] - [core.controllers.wms_controller] - [INFO] - [Executing TicketController.submit_inspection for: ticket123]
[pid=19484] - [2026-08-13 20:02:29,841] - [core.services.wms_service] - [INFO] - [Executing AuditService.log_mutation | Action: SUBMIT_INSPECTION | Collection: tickets]
[pid=19484] - [2026-08-13 20:02:29,841] - [core.controllers.wms_controller] - [INFO] - [Ticket submitted for inspection approval: RNO-20260813-001]
[pid=19484] - [2026-08-13 20:02:29,842] - [commons.auth] - [INFO] - [Executing get_current_user dependency]
[pid=19484] - [2026-08-13 20:02:29,842] - [commons.auth] - [INFO] - [Executing require_roles dependency check]
[pid=19484] - [2026-08-13 20:02:29,843] - [core.apis.routes.wms_router] - [INFO] - [Calling POST /tickets/ticket123/approve endpoint]
[pid=19484] - [2026-08-13 20:02:29,843] - [core.apis.routes.wms_router] - [INFO] - [Calling POST /tickets/ticket123/approve endpoint]
[pid=19484] - [2026-08-13 20:02:29,843] - [core.apis.routes.wms_router] - [INFO] - [Calling POST /tickets/ticket123/approve endpoint]
[pid=19484] - [2026-08-13 20:02:29,843] - [core.apis.routes.wms_router] - [INFO] - [Calling POST /tickets/ticket123/approve endpoint]
[pid=19484] - [2026-08-13 20:02:29,843] - [core.apis.routes.wms_router] - [INFO] - [Calling POST /tickets/ticket123/approve endpoint]
[pid=19484] - [2026-08-13 20:02:29,843] - [core.apis.routes.wms_router] - [INFO] - [Calling POST /tickets/ticket123/approve endpoint]
[pid=19484] - [2026-08-13 20:02:29,843] - [core.apis.routes.wms_router] - [INFO] - [Calling POST /tickets/ticket123/approve endpoint]
[pid=19484] - [2026-08-13 20:02:29,843] - [core.apis.routes.wms_router] - [INFO] - [Calling POST /tickets/ticket123/approve endpoint]
[pid=19484] - [2026-08-13 20:02:29,843] - [core.apis.routes.wms_router] - [INFO] - [Calling POST /tickets/ticket123/approve endpoint]
[pid=19484] - [2026-08-13 20:02:29,843] - [core.apis.routes.wms_router] - [INFO] - [Calling POST /tickets/ticket123/approve endpoint]
[pid=19484] - [2026-08-13 20:02:29,843] - [core.apis.routes.wms_router] - [INFO] - [Calling POST /tickets/ticket123/approve endpoint]
[pid=19484] - [2026-08-13 20:02:29,843] - [core.apis.routes.wms_router] - [INFO] - [Calling POST /tickets/ticket123/approve endpoint]
[pid=19484] - [2026-08-13 20:02:29,843] - [core.apis.routes.wms_router] - [INFO] - [Calling POST /tickets/ticket123/approve endpoint]
[pid=19484] - [2026-08-13 20:02:29,843] - [core.apis.routes.wms_router] - [INFO] - [Calling POST /tickets/ticket123/approve endpoint]
[pid=19484] - [2026-08-13 20:02:29,843] - [core.controllers.wms_controller] - [INFO] - [Executing TicketController.approve_ticket for: ticket123]
[pid=19484] - [2026-08-13 20:02:29,843] - [core.services.wms_service] - [INFO] - [Executing AuditService.log_mutation | Action: APPROVE | Collection: tickets]
[pid=19484] - [2026-08-13 20:02:29,843] - [core.controllers.wms_controller] - [INFO] - [Ticket APPROVED: ticket123]
[pid=19484] - [2026-08-13 20:02:29,845] - [commons.auth] - [INFO] - [Executing get_current_user dependency]
[pid=19484] - [2026-08-13 20:02:29,846] - [core.apis.routes.wms_router] - [INFO] - [Calling POST /tickets/ticket123/store endpoint]
[pid=19484] - [2026-08-13 20:02:29,846] - [core.apis.routes.wms_router] - [INFO] - [Calling POST /tickets/ticket123/store endpoint]
[pid=19484] - [2026-08-13 20:02:29,846] - [core.apis.routes.wms_router] - [INFO] - [Calling POST /tickets/ticket123/store endpoint]
[pid=19484] - [2026-08-13 20:02:29,846] - [core.apis.routes.wms_router] - [INFO] - [Calling POST /tickets/ticket123/store endpoint]
[pid=19484] - [2026-08-13 20:02:29,846] - [core.apis.routes.wms_router] - [INFO] - [Calling POST /tickets/ticket123/store endpoint]
[pid=19484] - [2026-08-13 20:02:29,846] - [core.apis.routes.wms_router] - [INFO] - [Calling POST /tickets/ticket123/store endpoint]
[pid=19484] - [2026-08-13 20:02:29,846] - [core.apis.routes.wms_router] - [INFO] - [Calling POST /tickets/ticket123/store endpoint]
[pid=19484] - [2026-08-13 20:02:29,846] - [core.apis.routes.wms_router] - [INFO] - [Calling POST /tickets/ticket123/store endpoint]
[pid=19484] - [2026-08-13 20:02:29,846] - [core.apis.routes.wms_router] - [INFO] - [Calling POST /tickets/ticket123/store endpoint]
[pid=19484] - [2026-08-13 20:02:29,846] - [core.apis.routes.wms_router] - [INFO] - [Calling POST /tickets/ticket123/store endpoint]
[pid=19484] - [2026-08-13 20:02:29,846] - [core.apis.routes.wms_router] - [INFO] - [Calling POST /tickets/ticket123/store endpoint]
[pid=19484] - [2026-08-13 20:02:29,846] - [core.apis.routes.wms_router] - [INFO] - [Calling POST /tickets/ticket123/store endpoint]
[pid=19484] - [2026-08-13 20:02:29,846] - [core.apis.routes.wms_router] - [INFO] - [Calling POST /tickets/ticket123/store endpoint]
[pid=19484] - [2026-08-13 20:02:29,846] - [core.apis.routes.wms_router] - [INFO] - [Calling POST /tickets/ticket123/store endpoint]
[pid=19484] - [2026-08-13 20:02:29,847] - [core.controllers.wms_controller] - [INFO] - [Executing TicketController.store_ticket for: ticket123]
[pid=19484] - [2026-08-13 20:02:29,847] - [core.services.wms_service] - [INFO] - [Executing AuditService.log_mutation | Action: STORE | Collection: tickets]
[pid=19484] - [2026-08-13 20:02:29,848] - [core.controllers.wms_controller] - [INFO] - [Ticket STORED at location: A-04-12]
[pid=19484] - [2026-08-13 20:02:29,857] - [commons.auth] - [INFO] - [Executing get_current_user dependency]
[pid=19484] - [2026-08-13 20:02:29,857] - [core.apis.routes.wms_router] - [INFO] - [Calling POST /arrivals endpoint]
[pid=19484] - [2026-08-13 20:02:29,857] - [core.apis.routes.wms_router] - [INFO] - [Calling POST /arrivals endpoint]
[pid=19484] - [2026-08-13 20:02:29,857] - [core.apis.routes.wms_router] - [INFO] - [Calling POST /arrivals endpoint]
[pid=19484] - [2026-08-13 20:02:29,857] - [core.apis.routes.wms_router] - [INFO] - [Calling POST /arrivals endpoint]
[pid=19484] - [2026-08-13 20:02:29,857] - [core.apis.routes.wms_router] - [INFO] - [Calling POST /arrivals endpoint]
[pid=19484] - [2026-08-13 20:02:29,857] - [core.apis.routes.wms_router] - [INFO] - [Calling POST /arrivals endpoint]
[pid=19484] - [2026-08-13 20:02:29,857] - [core.apis.routes.wms_router] - [INFO] - [Calling POST /arrivals endpoint]
[pid=19484] - [2026-08-13 20:02:29,857] - [core.apis.routes.wms_router] - [INFO] - [Calling POST /arrivals endpoint]
[pid=19484] - [2026-08-13 20:02:29,857] - [core.apis.routes.wms_router] - [INFO] - [Calling POST /arrivals endpoint]
[pid=19484] - [2026-08-13 20:02:29,857] - [core.apis.routes.wms_router] - [INFO] - [Calling POST /arrivals endpoint]
[pid=19484] - [2026-08-13 20:02:29,857] - [core.apis.routes.wms_router] - [INFO] - [Calling POST /arrivals endpoint]
[pid=19484] - [2026-08-13 20:02:29,857] - [core.apis.routes.wms_router] - [INFO] - [Calling POST /arrivals endpoint]
[pid=19484] - [2026-08-13 20:02:29,857] - [core.apis.routes.wms_router] - [INFO] - [Calling POST /arrivals endpoint]
[pid=19484] - [2026-08-13 20:02:29,857] - [core.apis.routes.wms_router] - [INFO] - [Calling POST /arrivals endpoint]
[pid=19484] - [2026-08-13 20:02:29,858] - [core.controllers.wms_controller] - [INFO] - [Executing ArrivalController.process_arrival]
[pid=19484] - [2026-08-13 20:02:29,858] - [core.services.wms_service] - [INFO] - [Executing AuditService.log_mutation | Action: ARRIVE | Collection: tickets]
[pid=19484] - [2026-08-13 20:02:29,858] - [core.controllers.wms_controller] - [INFO] - [Arrival processed successfully! Generated Ticket ID: LAX-20260813-001]
[pid=19484] - [2026-08-13 20:02:29,865] - [commons.auth] - [INFO] - [Executing get_current_user dependency]
[pid=19484] - [2026-08-13 20:02:29,865] - [core.apis.routes.wms_router] - [INFO] - [Calling POST /tickets/RNO-20260813-001/items endpoint]
[pid=19484] - [2026-08-13 20:02:29,865] - [core.apis.routes.wms_router] - [INFO] - [Calling POST /tickets/RNO-20260813-001/items endpoint]
[pid=19484] - [2026-08-13 20:02:29,865] - [core.apis.routes.wms_router] - [INFO] - [Calling POST /tickets/RNO-20260813-001/items endpoint]
[pid=19484] - [2026-08-13 20:02:29,865] - [core.apis.routes.wms_router] - [INFO] - [Calling POST /tickets/RNO-20260813-001/items endpoint]
[pid=19484] - [2026-08-13 20:02:29,865] - [core.apis.routes.wms_router] - [INFO] - [Calling POST /tickets/RNO-20260813-001/items endpoint]
[pid=19484] - [2026-08-13 20:02:29,865] - [core.apis.routes.wms_router] - [INFO] - [Calling POST /tickets/RNO-20260813-001/items endpoint]
[pid=19484] - [2026-08-13 20:02:29,865] - [core.apis.routes.wms_router] - [INFO] - [Calling POST /tickets/RNO-20260813-001/items endpoint]
[pid=19484] - [2026-08-13 20:02:29,865] - [core.apis.routes.wms_router] - [INFO] - [Calling POST /tickets/RNO-20260813-001/items endpoint]
[pid=19484] - [2026-08-13 20:02:29,865] - [core.apis.routes.wms_router] - [INFO] - [Calling POST /tickets/RNO-20260813-001/items endpoint]
[pid=19484] - [2026-08-13 20:02:29,865] - [core.apis.routes.wms_router] - [INFO] - [Calling POST /tickets/RNO-20260813-001/items endpoint]
[pid=19484] - [2026-08-13 20:02:29,865] - [core.apis.routes.wms_router] - [INFO] - [Calling POST /tickets/RNO-20260813-001/items endpoint]
[pid=19484] - [2026-08-13 20:02:29,865] - [core.apis.routes.wms_router] - [INFO] - [Calling POST /tickets/RNO-20260813-001/items endpoint]
[pid=19484] - [2026-08-13 20:02:29,865] - [core.apis.routes.wms_router] - [INFO] - [Calling POST /tickets/RNO-20260813-001/items endpoint]
[pid=19484] - [2026-08-13 20:02:29,865] - [core.apis.routes.wms_router] - [INFO] - [Calling POST /tickets/RNO-20260813-001/items endpoint]
[pid=19484] - [2026-08-13 20:02:29,866] - [core.controllers.wms_controller] - [INFO] - [Executing TicketController.log_item_scan for ticket: RNO-20260813-001]
[pid=19484] - [2026-08-13 20:02:29,866] - [core.apis.routes.wms_router] - [ERROR] - [Error in POST /tickets/RNO-20260813-001/items endpoint: 409: Duplicate submission]
[pid=19484] - [2026-08-13 20:02:29,866] - [core.apis.routes.wms_router] - [ERROR] - [Error in POST /tickets/RNO-20260813-001/items endpoint: 409: Duplicate submission]
[pid=19484] - [2026-08-13 20:02:29,866] - [core.apis.routes.wms_router] - [ERROR] - [Error in POST /tickets/RNO-20260813-001/items endpoint: 409: Duplicate submission]
[pid=19484] - [2026-08-13 20:02:29,866] - [core.apis.routes.wms_router] - [ERROR] - [Error in POST /tickets/RNO-20260813-001/items endpoint: 409: Duplicate submission]
[pid=19484] - [2026-08-13 20:02:29,866] - [core.apis.routes.wms_router] - [ERROR] - [Error in POST /tickets/RNO-20260813-001/items endpoint: 409: Duplicate submission]
[pid=19484] - [2026-08-13 20:02:29,866] - [core.apis.routes.wms_router] - [ERROR] - [Error in POST /tickets/RNO-20260813-001/items endpoint: 409: Duplicate submission]
[pid=19484] - [2026-08-13 20:02:29,866] - [core.apis.routes.wms_router] - [ERROR] - [Error in POST /tickets/RNO-20260813-001/items endpoint: 409: Duplicate submission]
[pid=19484] - [2026-08-13 20:02:29,866] - [core.apis.routes.wms_router] - [ERROR] - [Error in POST /tickets/RNO-20260813-001/items endpoint: 409: Duplicate submission]
[pid=19484] - [2026-08-13 20:02:29,866] - [core.apis.routes.wms_router] - [ERROR] - [Error in POST /tickets/RNO-20260813-001/items endpoint: 409: Duplicate submission]
[pid=19484] - [2026-08-13 20:02:29,866] - [core.apis.routes.wms_router] - [ERROR] - [Error in POST /tickets/RNO-20260813-001/items endpoint: 409: Duplicate submission]
[pid=19484] - [2026-08-13 20:02:29,866] - [core.apis.routes.wms_router] - [ERROR] - [Error in POST /tickets/RNO-20260813-001/items endpoint: 409: Duplicate submission]
[pid=19484] - [2026-08-13 20:02:29,866] - [core.apis.routes.wms_router] - [ERROR] - [Error in POST /tickets/RNO-20260813-001/items endpoint: 409: Duplicate submission]
[pid=19484] - [2026-08-13 20:02:29,866] - [core.apis.routes.wms_router] - [ERROR] - [Error in POST /tickets/RNO-20260813-001/items endpoint: 409: Duplicate submission]
[pid=19484] - [2026-08-13 20:02:29,866] - [core.apis.routes.wms_router] - [ERROR] - [Error in POST /tickets/RNO-20260813-001/items endpoint: 409: Duplicate submission]
[pid=19484] - [2026-08-13 20:02:29,876] - [commons.auth] - [INFO] - [Executing get_current_user dependency]
[pid=19484] - [2026-08-13 20:02:29,879] - [core.apis.routes.wms_router] - [INFO] - [Calling POST /orders endpoint]
[pid=19484] - [2026-08-13 20:02:29,879] - [core.apis.routes.wms_router] - [INFO] - [Calling POST /orders endpoint]
[pid=19484] - [2026-08-13 20:02:29,879] - [core.apis.routes.wms_router] - [INFO] - [Calling POST /orders endpoint]
[pid=19484] - [2026-08-13 20:02:29,879] - [core.apis.routes.wms_router] - [INFO] - [Calling POST /orders endpoint]
[pid=19484] - [2026-08-13 20:02:29,879] - [core.apis.routes.wms_router] - [INFO] - [Calling POST /orders endpoint]
[pid=19484] - [2026-08-13 20:02:29,879] - [core.apis.routes.wms_router] - [INFO] - [Calling POST /orders endpoint]
[pid=19484] - [2026-08-13 20:02:29,879] - [core.apis.routes.wms_router] - [INFO] - [Calling POST /orders endpoint]
[pid=19484] - [2026-08-13 20:02:29,879] - [core.apis.routes.wms_router] - [INFO] - [Calling POST /orders endpoint]
[pid=19484] - [2026-08-13 20:02:29,879] - [core.apis.routes.wms_router] - [INFO] - [Calling POST /orders endpoint]
[pid=19484] - [2026-08-13 20:02:29,879] - [core.apis.routes.wms_router] - [INFO] - [Calling POST /orders endpoint]
[pid=19484] - [2026-08-13 20:02:29,879] - [core.apis.routes.wms_router] - [INFO] - [Calling POST /orders endpoint]
[pid=19484] - [2026-08-13 20:02:29,879] - [core.apis.routes.wms_router] - [INFO] - [Calling POST /orders endpoint]
[pid=19484] - [2026-08-13 20:02:29,879] - [core.apis.routes.wms_router] - [INFO] - [Calling POST /orders endpoint]
[pid=19484] - [2026-08-13 20:02:29,879] - [core.apis.routes.wms_router] - [INFO] - [Calling POST /orders endpoint]
[pid=19484] - [2026-08-13 20:02:29,880] - [core.controllers.wms_controller] - [INFO] - [Executing OrderController.create_order]
[pid=19484] - [2026-08-13 20:02:29,880] - [core.services.wms_service] - [INFO] - [Executing AuditService.log_mutation | Action: CREATE | Collection: orders]
[pid=19484] - [2026-08-13 20:02:29,880] - [core.controllers.wms_controller] - [INFO] - [Customer order created successfully: ORD-1001]
[pid=19484] - [2026-08-13 20:02:29,888] - [commons.auth] - [INFO] - [Executing get_current_user dependency]
[pid=19484] - [2026-08-13 20:02:29,889] - [core.apis.routes.wms_router] - [INFO] - [Calling POST /orders/ORD-1001/reserve endpoint]
[pid=19484] - [2026-08-13 20:02:29,889] - [core.apis.routes.wms_router] - [INFO] - [Calling POST /orders/ORD-1001/reserve endpoint]
[pid=19484] - [2026-08-13 20:02:29,889] - [core.apis.routes.wms_router] - [INFO] - [Calling POST /orders/ORD-1001/reserve endpoint]
[pid=19484] - [2026-08-13 20:02:29,889] - [core.apis.routes.wms_router] - [INFO] - [Calling POST /orders/ORD-1001/reserve endpoint]
[pid=19484] - [2026-08-13 20:02:29,889] - [core.apis.routes.wms_router] - [INFO] - [Calling POST /orders/ORD-1001/reserve endpoint]
[pid=19484] - [2026-08-13 20:02:29,889] - [core.apis.routes.wms_router] - [INFO] - [Calling POST /orders/ORD-1001/reserve endpoint]
[pid=19484] - [2026-08-13 20:02:29,889] - [core.apis.routes.wms_router] - [INFO] - [Calling POST /orders/ORD-1001/reserve endpoint]
[pid=19484] - [2026-08-13 20:02:29,889] - [core.apis.routes.wms_router] - [INFO] - [Calling POST /orders/ORD-1001/reserve endpoint]
[pid=19484] - [2026-08-13 20:02:29,889] - [core.apis.routes.wms_router] - [INFO] - [Calling POST /orders/ORD-1001/reserve endpoint]
[pid=19484] - [2026-08-13 20:02:29,889] - [core.apis.routes.wms_router] - [INFO] - [Calling POST /orders/ORD-1001/reserve endpoint]
[pid=19484] - [2026-08-13 20:02:29,889] - [core.apis.routes.wms_router] - [INFO] - [Calling POST /orders/ORD-1001/reserve endpoint]
[pid=19484] - [2026-08-13 20:02:29,889] - [core.apis.routes.wms_router] - [INFO] - [Calling POST /orders/ORD-1001/reserve endpoint]
[pid=19484] - [2026-08-13 20:02:29,889] - [core.apis.routes.wms_router] - [INFO] - [Calling POST /orders/ORD-1001/reserve endpoint]
[pid=19484] - [2026-08-13 20:02:29,889] - [core.apis.routes.wms_router] - [INFO] - [Calling POST /orders/ORD-1001/reserve endpoint]
[pid=19484] - [2026-08-13 20:02:29,890] - [core.controllers.wms_controller] - [INFO] - [Executing OrderController.reserve_order for: ORD-1001]
[pid=19484] - [2026-08-13 20:02:29,892] - [core.services.wms_service] - [INFO] - [Executing AuditService.log_mutation | Action: RESERVE | Collection: orders]
[pid=19484] - [2026-08-13 20:02:29,892] - [core.controllers.wms_controller] - [INFO] - [Order reserved successfully! Reserved items: 1]
[pid=19484] - [2026-08-13 20:02:30,094] - [commons.auth] - [INFO] - [Executing get_current_user dependency]
[pid=19484] - [2026-08-13 20:02:30,094] - [core.apis.routes.wms_router] - [INFO] - [Calling POST /orders/ORD-PARALLEL/reserve endpoint]
[pid=19484] - [2026-08-13 20:02:30,094] - [core.apis.routes.wms_router] - [INFO] - [Calling POST /orders/ORD-PARALLEL/reserve endpoint]
[pid=19484] - [2026-08-13 20:02:30,094] - [core.apis.routes.wms_router] - [INFO] - [Calling POST /orders/ORD-PARALLEL/reserve endpoint]
[pid=19484] - [2026-08-13 20:02:30,094] - [core.apis.routes.wms_router] - [INFO] - [Calling POST /orders/ORD-PARALLEL/reserve endpoint]
[pid=19484] - [2026-08-13 20:02:30,094] - [core.apis.routes.wms_router] - [INFO] - [Calling POST /orders/ORD-PARALLEL/reserve endpoint]
[pid=19484] - [2026-08-13 20:02:30,094] - [core.apis.routes.wms_router] - [INFO] - [Calling POST /orders/ORD-PARALLEL/reserve endpoint]
[pid=19484] - [2026-08-13 20:02:30,094] - [core.apis.routes.wms_router] - [INFO] - [Calling POST /orders/ORD-PARALLEL/reserve endpoint]
[pid=19484] - [2026-08-13 20:02:30,094] - [core.apis.routes.wms_router] - [INFO] - [Calling POST /orders/ORD-PARALLEL/reserve endpoint]
[pid=19484] - [2026-08-13 20:02:30,094] - [core.apis.routes.wms_router] - [INFO] - [Calling POST /orders/ORD-PARALLEL/reserve endpoint]
[pid=19484] - [2026-08-13 20:02:30,094] - [core.apis.routes.wms_router] - [INFO] - [Calling POST /orders/ORD-PARALLEL/reserve endpoint]
[pid=19484] - [2026-08-13 20:02:30,094] - [core.apis.routes.wms_router] - [INFO] - [Calling POST /orders/ORD-PARALLEL/reserve endpoint]
[pid=19484] - [2026-08-13 20:02:30,094] - [core.apis.routes.wms_router] - [INFO] - [Calling POST /orders/ORD-PARALLEL/reserve endpoint]
[pid=19484] - [2026-08-13 20:02:30,094] - [core.apis.routes.wms_router] - [INFO] - [Calling POST /orders/ORD-PARALLEL/reserve endpoint]
[pid=19484] - [2026-08-13 20:02:30,094] - [core.apis.routes.wms_router] - [INFO] - [Calling POST /orders/ORD-PARALLEL/reserve endpoint]
[pid=19484] - [2026-08-13 20:02:30,095] - [core.controllers.wms_controller] - [INFO] - [Executing OrderController.reserve_order for: ORD-PARALLEL]
[pid=19484] - [2026-08-13 20:02:30,097] - [core.controllers.wms_controller] - [INFO] - [Order reserved successfully! Reserved items: 1]
[pid=19484] - [2026-08-13 20:02:30,103] - [commons.auth] - [INFO] - [Executing get_current_user dependency]
[pid=19484] - [2026-08-13 20:02:30,103] - [core.apis.routes.wms_router] - [INFO] - [Calling POST /orders/ORD-PARALLEL/reserve endpoint]
[pid=19484] - [2026-08-13 20:02:30,103] - [core.apis.routes.wms_router] - [INFO] - [Calling POST /orders/ORD-PARALLEL/reserve endpoint]
[pid=19484] - [2026-08-13 20:02:30,103] - [core.apis.routes.wms_router] - [INFO] - [Calling POST /orders/ORD-PARALLEL/reserve endpoint]
[pid=19484] - [2026-08-13 20:02:30,103] - [core.apis.routes.wms_router] - [INFO] - [Calling POST /orders/ORD-PARALLEL/reserve endpoint]
[pid=19484] - [2026-08-13 20:02:30,103] - [core.apis.routes.wms_router] - [INFO] - [Calling POST /orders/ORD-PARALLEL/reserve endpoint]
[pid=19484] - [2026-08-13 20:02:30,103] - [core.apis.routes.wms_router] - [INFO] - [Calling POST /orders/ORD-PARALLEL/reserve endpoint]
[pid=19484] - [2026-08-13 20:02:30,103] - [core.apis.routes.wms_router] - [INFO] - [Calling POST /orders/ORD-PARALLEL/reserve endpoint]
[pid=19484] - [2026-08-13 20:02:30,103] - [core.apis.routes.wms_router] - [INFO] - [Calling POST /orders/ORD-PARALLEL/reserve endpoint]
[pid=19484] - [2026-08-13 20:02:30,103] - [core.apis.routes.wms_router] - [INFO] - [Calling POST /orders/ORD-PARALLEL/reserve endpoint]
[pid=19484] - [2026-08-13 20:02:30,103] - [core.apis.routes.wms_router] - [INFO] - [Calling POST /orders/ORD-PARALLEL/reserve endpoint]
[pid=19484] - [2026-08-13 20:02:30,103] - [core.apis.routes.wms_router] - [INFO] - [Calling POST /orders/ORD-PARALLEL/reserve endpoint]
[pid=19484] - [2026-08-13 20:02:30,103] - [core.apis.routes.wms_router] - [INFO] - [Calling POST /orders/ORD-PARALLEL/reserve endpoint]
[pid=19484] - [2026-08-13 20:02:30,103] - [core.apis.routes.wms_router] - [INFO] - [Calling POST /orders/ORD-PARALLEL/reserve endpoint]
[pid=19484] - [2026-08-13 20:02:30,103] - [core.apis.routes.wms_router] - [INFO] - [Calling POST /orders/ORD-PARALLEL/reserve endpoint]
[pid=19484] - [2026-08-13 20:02:30,105] - [core.controllers.wms_controller] - [INFO] - [Executing OrderController.reserve_order for: ORD-PARALLEL]
[pid=19484] - [2026-08-13 20:02:30,106] - [core.controllers.wms_controller] - [WARNING] - [Stock reservation failed: barcode 012345678905 needs 1, available 0]
[pid=19484] - [2026-08-13 20:02:30,107] - [core.apis.routes.wms_router] - [ERROR] - [Error in POST /orders/ORD-PARALLEL/reserve endpoint: 409: Insufficient stock for barcode '012345678905'. Required: 1, Available: 0]
[pid=19484] - [2026-08-13 20:02:30,107] - [core.apis.routes.wms_router] - [ERROR] - [Error in POST /orders/ORD-PARALLEL/reserve endpoint: 409: Insufficient stock for barcode '012345678905'. Required: 1, Available: 0]
[pid=19484] - [2026-08-13 20:02:30,107] - [core.apis.routes.wms_router] - [ERROR] - [Error in POST /orders/ORD-PARALLEL/reserve endpoint: 409: Insufficient stock for barcode '012345678905'. Required: 1, Available: 0]
[pid=19484] - [2026-08-13 20:02:30,107] - [core.apis.routes.wms_router] - [ERROR] - [Error in POST /orders/ORD-PARALLEL/reserve endpoint: 409: Insufficient stock for barcode '012345678905'. Required: 1, Available: 0]
[pid=19484] - [2026-08-13 20:02:30,107] - [core.apis.routes.wms_router] - [ERROR] - [Error in POST /orders/ORD-PARALLEL/reserve endpoint: 409: Insufficient stock for barcode '012345678905'. Required: 1, Available: 0]
[pid=19484] - [2026-08-13 20:02:30,107] - [core.apis.routes.wms_router] - [ERROR] - [Error in POST /orders/ORD-PARALLEL/reserve endpoint: 409: Insufficient stock for barcode '012345678905'. Required: 1, Available: 0]
[pid=19484] - [2026-08-13 20:02:30,107] - [core.apis.routes.wms_router] - [ERROR] - [Error in POST /orders/ORD-PARALLEL/reserve endpoint: 409: Insufficient stock for barcode '012345678905'. Required: 1, Available: 0]
[pid=19484] - [2026-08-13 20:02:30,107] - [core.apis.routes.wms_router] - [ERROR] - [Error in POST /orders/ORD-PARALLEL/reserve endpoint: 409: Insufficient stock for barcode '012345678905'. Required: 1, Available: 0]
[pid=19484] - [2026-08-13 20:02:30,107] - [core.apis.routes.wms_router] - [ERROR] - [Error in POST /orders/ORD-PARALLEL/reserve endpoint: 409: Insufficient stock for barcode '012345678905'. Required: 1, Available: 0]
[pid=19484] - [2026-08-13 20:02:30,107] - [core.apis.routes.wms_router] - [ERROR] - [Error in POST /orders/ORD-PARALLEL/reserve endpoint: 409: Insufficient stock for barcode '012345678905'. Required: 1, Available: 0]
[pid=19484] - [2026-08-13 20:02:30,107] - [core.apis.routes.wms_router] - [ERROR] - [Error in POST /orders/ORD-PARALLEL/reserve endpoint: 409: Insufficient stock for barcode '012345678905'. Required: 1, Available: 0]
[pid=19484] - [2026-08-13 20:02:30,107] - [core.apis.routes.wms_router] - [ERROR] - [Error in POST /orders/ORD-PARALLEL/reserve endpoint: 409: Insufficient stock for barcode '012345678905'. Required: 1, Available: 0]
[pid=19484] - [2026-08-13 20:02:30,107] - [core.apis.routes.wms_router] - [ERROR] - [Error in POST /orders/ORD-PARALLEL/reserve endpoint: 409: Insufficient stock for barcode '012345678905'. Required: 1, Available: 0]
[pid=19484] - [2026-08-13 20:02:30,107] - [core.apis.routes.wms_router] - [ERROR] - [Error in POST /orders/ORD-PARALLEL/reserve endpoint: 409: Insufficient stock for barcode '012345678905'. Required: 1, Available: 0]
[pid=19484] - [2026-08-13 20:02:30,117] - [commons.auth] - [INFO] - [Executing get_current_user dependency]
[pid=19484] - [2026-08-13 20:02:30,117] - [commons.auth] - [INFO] - [Executing require_roles dependency check]
[pid=19484] - [2026-08-13 20:02:30,118] - [core.apis.routes.wms_router] - [INFO] - [Calling GET /reports/summary endpoint]
[pid=19484] - [2026-08-13 20:02:30,118] - [core.apis.routes.wms_router] - [INFO] - [Calling GET /reports/summary endpoint]
[pid=19484] - [2026-08-13 20:02:30,118] - [core.apis.routes.wms_router] - [INFO] - [Calling GET /reports/summary endpoint]
[pid=19484] - [2026-08-13 20:02:30,118] - [core.apis.routes.wms_router] - [INFO] - [Calling GET /reports/summary endpoint]
[pid=19484] - [2026-08-13 20:02:30,118] - [core.apis.routes.wms_router] - [INFO] - [Calling GET /reports/summary endpoint]
[pid=19484] - [2026-08-13 20:02:30,118] - [core.apis.routes.wms_router] - [INFO] - [Calling GET /reports/summary endpoint]
[pid=19484] - [2026-08-13 20:02:30,118] - [core.apis.routes.wms_router] - [INFO] - [Calling GET /reports/summary endpoint]
[pid=19484] - [2026-08-13 20:02:30,118] - [core.apis.routes.wms_router] - [INFO] - [Calling GET /reports/summary endpoint]
[pid=19484] - [2026-08-13 20:02:30,118] - [core.apis.routes.wms_router] - [INFO] - [Calling GET /reports/summary endpoint]
[pid=19484] - [2026-08-13 20:02:30,118] - [core.apis.routes.wms_router] - [INFO] - [Calling GET /reports/summary endpoint]
[pid=19484] - [2026-08-13 20:02:30,118] - [core.apis.routes.wms_router] - [INFO] - [Calling GET /reports/summary endpoint]
[pid=19484] - [2026-08-13 20:02:30,118] - [core.apis.routes.wms_router] - [INFO] - [Calling GET /reports/summary endpoint]
[pid=19484] - [2026-08-13 20:02:30,118] - [core.apis.routes.wms_router] - [INFO] - [Calling GET /reports/summary endpoint]
[pid=19484] - [2026-08-13 20:02:30,118] - [core.apis.routes.wms_router] - [INFO] - [Calling GET /reports/summary endpoint]
[pid=19484] - [2026-08-13 20:02:30,334] - [core.services.integration_service] - [INFO] - [Executing ExportService.generate_csv]
[pid=19484] - [2026-08-13 20:02:30,334] - [core.services.integration_service] - [INFO] - [Executing ExportService.generate_csv]
[pid=19484] - [2026-08-13 20:02:30,335] - [core.services.integration_service] - [INFO] - [Executing ExportService.generate_xlsx]
[pid=19484] - [2026-08-13 20:02:30,346] - [core.services.integration_service] - [INFO] - [Executing ExportService.generate_xlsx]
[pid=19484] - [2026-08-13 20:02:30,360] - [core.services.integration_service] - [INFO] - [LocalStorageService initialized | Upload Dir: C:\Users\aayus\WMS\uploads]
[pid=19484] - [2026-08-13 20:02:30,360] - [core.services.integration_service] - [INFO] - [Executing LocalStorageService.save_image]
[pid=19484] - [2026-08-13 20:02:30,360] - [core.services.integration_service] - [WARNING] - [Image upload rejected: invalid extension .pdf]
[pid=19484] - [2026-08-13 20:02:30,361] - [core.services.integration_service] - [INFO] - [Executing LocalStorageService.save_image]
[pid=19484] - [2026-08-13 20:02:30,363] - [core.services.integration_service] - [INFO] - [Image saved successfully: /uploads/5862ee03391a4a7dbf3b90d4e8d0ad5a.png]
[pid=19484] - [2026-08-13 20:02:30,364] - [core.services.integration_service] - [INFO] - [LocalStorageService initialized | Upload Dir: C:\Users\aayus\WMS\uploads]
[pid=19484] - [2026-08-13 20:02:30,367] - [core.services.ai_service] - [INFO] - [Executing VisionService.measure_package]
[pid=19484] - [2026-08-13 20:02:30,367] - [core.services.ai_service] - [WARNING] - [Vision measurement failed: invalid image payload]
[pid=19484] - [2026-08-13 20:02:30,371] - [core.services.ai_service] - [INFO] - [Executing NLQueryService.execute_query: 'How many items available?']
[pid=19484] - [2026-08-13 20:02:30,372] - [core.services.ai_service] - [INFO] - [NL Query executed using template 'STOCK_AVAILABLE'. Returned 1 rows.]
[pid=19484] - [2026-08-13 20:02:30,372] - [core.services.ai_service] - [INFO] - [Executing NLQueryService.execute_query: 'Show broken stock']
[pid=19484] - [2026-08-13 20:02:30,372] - [core.services.ai_service] - [INFO] - [NL Query executed using template 'STOCK_DAMAGED'. Returned 1 rows.]
[pid=19484] - [2026-08-13 20:02:30,372] - [core.services.ai_service] - [INFO] - [Executing NLQueryService.execute_query: 'Show held stock']
[pid=19484] - [2026-08-13 20:02:30,372] - [core.services.ai_service] - [INFO] - [NL Query executed using template 'STOCK_RESERVED'. Returned 1 rows.]
[pid=19484] - [2026-08-13 20:02:30,376] - [core.services.wms_service] - [INFO] - [Executing IdempotencyService.lock_key for key: key1]
[pid=19484] - [2026-08-13 20:02:30,377] - [core.services.wms_service] - [INFO] - [Idempotency key locked successfully: key1]
[pid=19484] - [2026-08-13 20:02:30,377] - [core.services.wms_service] - [INFO] - [Executing IdempotencyService.lock_key for key: key1]
[pid=19484] - [2026-08-13 20:02:30,377] - [core.services.wms_service] - [WARNING] - [Idempotency conflict: key key1 already processed]
[pid=19484] - [2026-08-13 20:02:30,380] - [core.services.wms_service] - [INFO] - [Executing AuditService.__init__]
[pid=19484] - [2026-08-13 20:02:30,381] - [core.services.wms_service] - [INFO] - [Executing AuditService.log_mutation | Action: TEST | Collection: test]
[pid=19484] - [2026-08-13 20:02:30,384] - [core.services.ai_service] - [INFO] - [Executing VoiceService.transcribe_audio]
[pid=19484] - [2026-08-13 20:02:30,384] - [core.services.ai_service] - [INFO] - [Executing VoiceService.parse_transcript]
[pid=19484] - [2026-08-13 20:02:30,394] - [core.apis.routes.wms_router] - [INFO] - [Calling GET /health endpoint]
[pid=19484] - [2026-08-13 20:02:30,394] - [core.apis.routes.wms_router] - [INFO] - [Calling GET /health endpoint]
[pid=19484] - [2026-08-13 20:02:30,394] - [core.apis.routes.wms_router] - [INFO] - [Calling GET /health endpoint]
[pid=19484] - [2026-08-13 20:02:30,394] - [core.apis.routes.wms_router] - [INFO] - [Calling GET /health endpoint]
[pid=19484] - [2026-08-13 20:02:30,394] - [core.apis.routes.wms_router] - [INFO] - [Calling GET /health endpoint]
[pid=19484] - [2026-08-13 20:02:30,394] - [core.apis.routes.wms_router] - [INFO] - [Calling GET /health endpoint]
[pid=19484] - [2026-08-13 20:02:30,394] - [core.apis.routes.wms_router] - [INFO] - [Calling GET /health endpoint]
[pid=19484] - [2026-08-13 20:02:30,394] - [core.apis.routes.wms_router] - [INFO] - [Calling GET /health endpoint]
[pid=19484] - [2026-08-13 20:02:30,394] - [core.apis.routes.wms_router] - [INFO] - [Calling GET /health endpoint]
[pid=19484] - [2026-08-13 20:02:30,394] - [core.apis.routes.wms_router] - [INFO] - [Calling GET /health endpoint]
[pid=19484] - [2026-08-13 20:02:30,394] - [core.apis.routes.wms_router] - [INFO] - [Calling GET /health endpoint]
[pid=19484] - [2026-08-13 20:02:30,394] - [core.apis.routes.wms_router] - [INFO] - [Calling GET /health endpoint]
[pid=19484] - [2026-08-13 20:02:30,394] - [core.apis.routes.wms_router] - [INFO] - [Calling GET /health endpoint]
[pid=19484] - [2026-08-13 20:02:30,394] - [core.apis.routes.wms_router] - [INFO] - [Calling GET /health endpoint]
[pid=19484] - [2026-08-13 20:02:30,394] - [core.controllers.wms_controller] - [INFO] - [Executing HealthController.get_health]
[pid=19484] - [2026-08-13 20:02:30,394] - [core.database.database] - [INFO] - [Executing ping function]
[pid=19484] - [2026-08-13 20:02:30,394] - [core.database.database] - [INFO] - [Executing MongoDatabase function]
[pid=19484] - [2026-08-13 20:02:30,394] - [core.database.database] - [INFO] - [Executing _MongoClientSingleton.__new__ | DB: wms]
[pid=19484] - [2026-08-13 20:02:30,402] - [core.database.database] - [INFO] - [MongoDB singleton initialized successfully | URI: mongodb://localhost:27017/?replicaSet=rs0&directConnection=true]
[pid=19484] - [2026-08-13 20:02:30,435] - [core.database.database] - [INFO] - [MongoDB ping successful]
[pid=23984] - [2026-08-13 20:03:04,926] - [core.config.settings] - [INFO] - [Executing get_settings function]
[pid=23984] - [2026-08-13 20:03:06,024] - [commons.auth] - [INFO] - [Executing hash_password function]
[pid=23984] - [2026-08-13 20:03:06,386] - [core.apis.routes.auth_router] - [INFO] - [Calling POST /auth/login endpoint]
[pid=23984] - [2026-08-13 20:03:06,386] - [core.controllers.auth_controller] - [INFO] - [Executing AuthController.login]
[pid=23984] - [2026-08-13 20:03:06,386] - [core.cruds.user_crud] - [INFO] - [Executing CRUDUser.get_by_email for: owner@whitfield.com]
[pid=23984] - [2026-08-13 20:03:06,387] - [commons.auth] - [INFO] - [Executing verify_password function]
[pid=23984] - [2026-08-13 20:03:06,805] - [commons.auth] - [INFO] - [Executing create_access_token function]
[pid=23984] - [2026-08-13 20:03:06,806] - [commons.auth] - [INFO] - [Executing create_refresh_token function]
[pid=23984] - [2026-08-13 20:03:06,807] - [core.controllers.auth_controller] - [INFO] - [User login successful: owner@whitfield.com (OWNER)]
[pid=23984] - [2026-08-13 20:03:06,811] - [commons.auth] - [INFO] - [Executing hash_password function]
[pid=23984] - [2026-08-13 20:03:07,235] - [core.apis.routes.auth_router] - [INFO] - [Calling POST /auth/login endpoint]
[pid=23984] - [2026-08-13 20:03:07,235] - [core.controllers.auth_controller] - [INFO] - [Executing AuthController.login]
[pid=23984] - [2026-08-13 20:03:07,235] - [core.cruds.user_crud] - [INFO] - [Executing CRUDUser.get_by_email for: owner@whitfield.com]
[pid=23984] - [2026-08-13 20:03:07,235] - [commons.auth] - [INFO] - [Executing verify_password function]
[pid=23984] - [2026-08-13 20:03:07,624] - [core.controllers.auth_controller] - [WARNING] - [Login failed: invalid password for user (owner@whitfield.com)]
[pid=23984] - [2026-08-13 20:03:07,625] - [core.apis.routes.auth_router] - [ERROR] - [Error in POST /auth/login endpoint: 401: Invalid email or password]
[pid=23984] - [2026-08-13 20:03:07,634] - [commons.auth] - [INFO] - [Executing get_current_user dependency]
[pid=23984] - [2026-08-13 20:03:07,634] - [commons.auth] - [INFO] - [Executing require_roles dependency check]
[pid=23984] - [2026-08-13 20:03:07,635] - [core.apis.routes.wms_router] - [INFO] - [Calling POST /warehouses endpoint]
[pid=23984] - [2026-08-13 20:03:07,635] - [core.apis.routes.wms_router] - [INFO] - [Calling POST /warehouses endpoint]
[pid=23984] - [2026-08-13 20:03:07,635] - [core.apis.routes.wms_router] - [INFO] - [Calling POST /warehouses endpoint]
[pid=23984] - [2026-08-13 20:03:07,635] - [core.apis.routes.wms_router] - [INFO] - [Calling POST /warehouses endpoint]
[pid=23984] - [2026-08-13 20:03:07,635] - [core.apis.routes.wms_router] - [INFO] - [Calling POST /warehouses endpoint]
[pid=23984] - [2026-08-13 20:03:07,635] - [core.apis.routes.wms_router] - [INFO] - [Calling POST /warehouses endpoint]
[pid=23984] - [2026-08-13 20:03:07,635] - [core.apis.routes.wms_router] - [INFO] - [Calling POST /warehouses endpoint]
[pid=23984] - [2026-08-13 20:03:07,635] - [core.apis.routes.wms_router] - [INFO] - [Calling POST /warehouses endpoint]
[pid=23984] - [2026-08-13 20:03:07,635] - [core.apis.routes.wms_router] - [INFO] - [Calling POST /warehouses endpoint]
[pid=23984] - [2026-08-13 20:03:07,635] - [core.apis.routes.wms_router] - [INFO] - [Calling POST /warehouses endpoint]
[pid=23984] - [2026-08-13 20:03:07,635] - [core.apis.routes.wms_router] - [INFO] - [Calling POST /warehouses endpoint]
[pid=23984] - [2026-08-13 20:03:07,635] - [core.apis.routes.wms_router] - [INFO] - [Calling POST /warehouses endpoint]
[pid=23984] - [2026-08-13 20:03:07,635] - [core.apis.routes.wms_router] - [INFO] - [Calling POST /warehouses endpoint]
[pid=23984] - [2026-08-13 20:03:07,635] - [core.apis.routes.wms_router] - [INFO] - [Calling POST /warehouses endpoint]
[pid=23984] - [2026-08-13 20:03:07,636] - [core.services.wms_service] - [INFO] - [Executing AuditService.__init__]
[pid=23984] - [2026-08-13 20:03:07,636] - [core.controllers.wms_controller] - [INFO] - [Executing WarehouseController.create_warehouse]
[pid=23984] - [2026-08-13 20:03:07,636] - [core.services.wms_service] - [INFO] - [Executing AuditService.log_mutation | Action: CREATE | Collection: warehouses]
[pid=23984] - [2026-08-13 20:03:07,636] - [core.controllers.wms_controller] - [INFO] - [Warehouse created successfully: RNO]
[pid=23984] - [2026-08-13 20:03:07,643] - [commons.auth] - [INFO] - [Executing get_current_user dependency]
[pid=23984] - [2026-08-13 20:03:07,643] - [commons.auth] - [INFO] - [Executing require_roles dependency check]
[pid=23984] - [2026-08-13 20:03:07,647] - [core.apis.routes.user_router] - [INFO] - [Calling POST /users/managers endpoint]
[pid=23984] - [2026-08-13 20:03:07,647] - [core.controllers.user_controller] - [INFO] - [Executing UserController.create_manager]
[pid=23984] - [2026-08-13 20:03:07,647] - [commons.auth] - [INFO] - [Executing hash_password function]
[pid=23984] - [2026-08-13 20:03:08,114] - [core.services.wms_service] - [INFO] - [Executing AuditService.log_mutation | Action: CREATE | Collection: users]
[pid=23984] - [2026-08-13 20:03:08,114] - [core.controllers.user_controller] - [INFO] - [Manager user created successfully: manager.rno@whitfield.com]
[pid=23984] - [2026-08-13 20:03:08,120] - [commons.auth] - [INFO] - [Executing get_current_user dependency]
[pid=23984] - [2026-08-13 20:03:08,121] - [commons.auth] - [INFO] - [Executing require_roles dependency check]
[pid=23984] - [2026-08-13 20:03:08,124] - [core.apis.routes.user_router] - [INFO] - [Calling POST /users/staff endpoint]
[pid=23984] - [2026-08-13 20:03:08,124] - [core.controllers.user_controller] - [INFO] - [Executing UserController.create_staff]
[pid=23984] - [2026-08-13 20:03:08,124] - [commons.auth] - [INFO] - [Executing hash_password function]
[pid=23984] - [2026-08-13 20:03:08,511] - [core.services.wms_service] - [INFO] - [Executing AuditService.log_mutation | Action: CREATE | Collection: users]
[pid=23984] - [2026-08-13 20:03:08,511] - [core.controllers.user_controller] - [INFO] - [Staff user created successfully: staff.rookie@whitfield.com for WH: 607f1f77bcf86cd799439022]
[pid=23984] - [2026-08-13 20:03:08,522] - [commons.auth] - [INFO] - [Executing get_current_user dependency]
[pid=23984] - [2026-08-13 20:03:08,522] - [commons.auth] - [INFO] - [Executing require_roles dependency check]
[pid=23984] - [2026-08-13 20:03:08,523] - [commons.auth] - [WARNING] - [User staff.rookie@whitfield.com with role STAFF denied access. Required: ['OWNER']]
[pid=23984] - [2026-08-13 20:03:08,529] - [commons.auth] - [INFO] - [Executing get_current_user dependency]
[pid=23984] - [2026-08-13 20:03:08,530] - [commons.auth] - [INFO] - [Executing require_roles dependency check]
[pid=23984] - [2026-08-13 20:03:08,530] - [core.apis.routes.wms_router] - [INFO] - [Calling GET /audit endpoint]
[pid=23984] - [2026-08-13 20:03:08,530] - [core.apis.routes.wms_router] - [INFO] - [Calling GET /audit endpoint]
[pid=23984] - [2026-08-13 20:03:08,530] - [core.apis.routes.wms_router] - [INFO] - [Calling GET /audit endpoint]
[pid=23984] - [2026-08-13 20:03:08,530] - [core.apis.routes.wms_router] - [INFO] - [Calling GET /audit endpoint]
[pid=23984] - [2026-08-13 20:03:08,530] - [core.apis.routes.wms_router] - [INFO] - [Calling GET /audit endpoint]
[pid=23984] - [2026-08-13 20:03:08,530] - [core.apis.routes.wms_router] - [INFO] - [Calling GET /audit endpoint]
[pid=23984] - [2026-08-13 20:03:08,530] - [core.apis.routes.wms_router] - [INFO] - [Calling GET /audit endpoint]
[pid=23984] - [2026-08-13 20:03:08,530] - [core.apis.routes.wms_router] - [INFO] - [Calling GET /audit endpoint]
[pid=23984] - [2026-08-13 20:03:08,530] - [core.apis.routes.wms_router] - [INFO] - [Calling GET /audit endpoint]
[pid=23984] - [2026-08-13 20:03:08,530] - [core.apis.routes.wms_router] - [INFO] - [Calling GET /audit endpoint]
[pid=23984] - [2026-08-13 20:03:08,530] - [core.apis.routes.wms_router] - [INFO] - [Calling GET /audit endpoint]
[pid=23984] - [2026-08-13 20:03:08,530] - [core.apis.routes.wms_router] - [INFO] - [Calling GET /audit endpoint]
[pid=23984] - [2026-08-13 20:03:08,530] - [core.apis.routes.wms_router] - [INFO] - [Calling GET /audit endpoint]
[pid=23984] - [2026-08-13 20:03:08,530] - [core.apis.routes.wms_router] - [INFO] - [Calling GET /audit endpoint]
[pid=23984] - [2026-08-13 20:03:08,530] - [core.controllers.wms_controller] - [INFO] - [Executing AuditController.get_audit_logs]
[pid=23984] - [2026-08-13 20:03:08,539] - [commons.auth] - [INFO] - [Executing get_current_user dependency]
[pid=23984] - [2026-08-13 20:03:08,539] - [commons.auth] - [INFO] - [Executing require_roles dependency check]
[pid=23984] - [2026-08-13 20:03:08,539] - [commons.auth] - [WARNING] - [User None with role STAFF denied access. Required: ['OWNER']]
[pid=23984] - [2026-08-13 20:03:08,543] - [commons.auth] - [INFO] - [Executing get_current_user dependency]
[pid=23984] - [2026-08-13 20:03:08,544] - [commons.auth] - [INFO] - [Executing require_roles dependency check]
[pid=23984] - [2026-08-13 20:03:08,544] - [commons.auth] - [WARNING] - [User None with role MANAGER denied access. Required: ['OWNER']]
[pid=23984] - [2026-08-13 20:03:08,555] - [commons.auth] - [INFO] - [Executing get_current_user dependency]
[pid=23984] - [2026-08-13 20:03:08,555] - [commons.auth] - [INFO] - [Executing require_roles dependency check]
[pid=23984] - [2026-08-13 20:03:08,556] - [core.apis.routes.wms_router] - [INFO] - [Calling POST /warehouses endpoint]
[pid=23984] - [2026-08-13 20:03:08,556] - [core.apis.routes.wms_router] - [INFO] - [Calling POST /warehouses endpoint]
[pid=23984] - [2026-08-13 20:03:08,556] - [core.apis.routes.wms_router] - [INFO] - [Calling POST /warehouses endpoint]
[pid=23984] - [2026-08-13 20:03:08,556] - [core.apis.routes.wms_router] - [INFO] - [Calling POST /warehouses endpoint]
[pid=23984] - [2026-08-13 20:03:08,556] - [core.apis.routes.wms_router] - [INFO] - [Calling POST /warehouses endpoint]
[pid=23984] - [2026-08-13 20:03:08,556] - [core.apis.routes.wms_router] - [INFO] - [Calling POST /warehouses endpoint]
[pid=23984] - [2026-08-13 20:03:08,556] - [core.apis.routes.wms_router] - [INFO] - [Calling POST /warehouses endpoint]
[pid=23984] - [2026-08-13 20:03:08,556] - [core.apis.routes.wms_router] - [INFO] - [Calling POST /warehouses endpoint]
[pid=23984] - [2026-08-13 20:03:08,556] - [core.apis.routes.wms_router] - [INFO] - [Calling POST /warehouses endpoint]
[pid=23984] - [2026-08-13 20:03:08,556] - [core.apis.routes.wms_router] - [INFO] - [Calling POST /warehouses endpoint]
[pid=23984] - [2026-08-13 20:03:08,556] - [core.apis.routes.wms_router] - [INFO] - [Calling POST /warehouses endpoint]
[pid=23984] - [2026-08-13 20:03:08,556] - [core.apis.routes.wms_router] - [INFO] - [Calling POST /warehouses endpoint]
[pid=23984] - [2026-08-13 20:03:08,556] - [core.apis.routes.wms_router] - [INFO] - [Calling POST /warehouses endpoint]
[pid=23984] - [2026-08-13 20:03:08,556] - [core.apis.routes.wms_router] - [INFO] - [Calling POST /warehouses endpoint]
[pid=23984] - [2026-08-13 20:03:08,557] - [core.controllers.wms_controller] - [INFO] - [Executing WarehouseController.create_warehouse]
[pid=23984] - [2026-08-13 20:03:08,557] - [core.controllers.wms_controller] - [INFO] - [Warehouse created successfully: RNO]
[pid=23984] - [2026-08-13 20:03:08,563] - [core.utils.ticket_generator] - [INFO] - [Executing TicketGenerator.generate_ticket_id for WH: RNO]
[pid=23984] - [2026-08-13 20:03:08,564] - [core.utils.ticket_generator] - [INFO] - [Generated ticket ID: RNO-20260813-014]
[pid=23984] - [2026-08-13 20:03:08,573] - [commons.auth] - [INFO] - [Executing get_current_user dependency]
[pid=23984] - [2026-08-13 20:03:08,574] - [core.apis.routes.wms_router] - [INFO] - [Calling POST /voice/transcribe endpoint]
[pid=23984] - [2026-08-13 20:03:08,574] - [core.apis.routes.wms_router] - [INFO] - [Calling POST /voice/transcribe endpoint]
[pid=23984] - [2026-08-13 20:03:08,574] - [core.apis.routes.wms_router] - [INFO] - [Calling POST /voice/transcribe endpoint]
[pid=23984] - [2026-08-13 20:03:08,574] - [core.apis.routes.wms_router] - [INFO] - [Calling POST /voice/transcribe endpoint]
[pid=23984] - [2026-08-13 20:03:08,574] - [core.apis.routes.wms_router] - [INFO] - [Calling POST /voice/transcribe endpoint]
[pid=23984] - [2026-08-13 20:03:08,574] - [core.apis.routes.wms_router] - [INFO] - [Calling POST /voice/transcribe endpoint]
[pid=23984] - [2026-08-13 20:03:08,574] - [core.apis.routes.wms_router] - [INFO] - [Calling POST /voice/transcribe endpoint]
[pid=23984] - [2026-08-13 20:03:08,574] - [core.apis.routes.wms_router] - [INFO] - [Calling POST /voice/transcribe endpoint]
[pid=23984] - [2026-08-13 20:03:08,574] - [core.apis.routes.wms_router] - [INFO] - [Calling POST /voice/transcribe endpoint]
[pid=23984] - [2026-08-13 20:03:08,574] - [core.apis.routes.wms_router] - [INFO] - [Calling POST /voice/transcribe endpoint]
[pid=23984] - [2026-08-13 20:03:08,574] - [core.apis.routes.wms_router] - [INFO] - [Calling POST /voice/transcribe endpoint]
[pid=23984] - [2026-08-13 20:03:08,574] - [core.apis.routes.wms_router] - [INFO] - [Calling POST /voice/transcribe endpoint]
[pid=23984] - [2026-08-13 20:03:08,574] - [core.apis.routes.wms_router] - [INFO] - [Calling POST /voice/transcribe endpoint]
[pid=23984] - [2026-08-13 20:03:08,574] - [core.apis.routes.wms_router] - [INFO] - [Calling POST /voice/transcribe endpoint]
[pid=23984] - [2026-08-13 20:03:08,574] - [core.controllers.wms_controller] - [INFO] - [Executing VoiceController.transcribe]
[pid=23984] - [2026-08-13 20:03:08,575] - [core.services.ai_service] - [INFO] - [Executing VoiceService.transcribe_audio]
[pid=23984] - [2026-08-13 20:03:08,577] - [commons.auth] - [INFO] - [Executing get_current_user dependency]
[pid=23984] - [2026-08-13 20:03:08,578] - [core.apis.routes.wms_router] - [INFO] - [Calling POST /voice/parse endpoint]
[pid=23984] - [2026-08-13 20:03:08,578] - [core.apis.routes.wms_router] - [INFO] - [Calling POST /voice/parse endpoint]
[pid=23984] - [2026-08-13 20:03:08,578] - [core.apis.routes.wms_router] - [INFO] - [Calling POST /voice/parse endpoint]
[pid=23984] - [2026-08-13 20:03:08,578] - [core.apis.routes.wms_router] - [INFO] - [Calling POST /voice/parse endpoint]
[pid=23984] - [2026-08-13 20:03:08,578] - [core.apis.routes.wms_router] - [INFO] - [Calling POST /voice/parse endpoint]
[pid=23984] - [2026-08-13 20:03:08,578] - [core.apis.routes.wms_router] - [INFO] - [Calling POST /voice/parse endpoint]
[pid=23984] - [2026-08-13 20:03:08,578] - [core.apis.routes.wms_router] - [INFO] - [Calling POST /voice/parse endpoint]
[pid=23984] - [2026-08-13 20:03:08,578] - [core.apis.routes.wms_router] - [INFO] - [Calling POST /voice/parse endpoint]
[pid=23984] - [2026-08-13 20:03:08,578] - [core.apis.routes.wms_router] - [INFO] - [Calling POST /voice/parse endpoint]
[pid=23984] - [2026-08-13 20:03:08,578] - [core.apis.routes.wms_router] - [INFO] - [Calling POST /voice/parse endpoint]
[pid=23984] - [2026-08-13 20:03:08,578] - [core.apis.routes.wms_router] - [INFO] - [Calling POST /voice/parse endpoint]
[pid=23984] - [2026-08-13 20:03:08,578] - [core.apis.routes.wms_router] - [INFO] - [Calling POST /voice/parse endpoint]
[pid=23984] - [2026-08-13 20:03:08,578] - [core.apis.routes.wms_router] - [INFO] - [Calling POST /voice/parse endpoint]
[pid=23984] - [2026-08-13 20:03:08,578] - [core.apis.routes.wms_router] - [INFO] - [Calling POST /voice/parse endpoint]
[pid=23984] - [2026-08-13 20:03:08,578] - [core.controllers.wms_controller] - [INFO] - [Executing VoiceController.parse_transcript for ticket: RNO-20260813-001]
[pid=23984] - [2026-08-13 20:03:08,578] - [core.services.ai_service] - [INFO] - [Executing VoiceService.parse_transcript]
[pid=23984] - [2026-08-13 20:03:08,579] - [core.controllers.wms_controller] - [INFO] - [Voice draft saved successfully! Draft ID: draft123]
[pid=23984] - [2026-08-13 20:03:08,581] - [commons.auth] - [INFO] - [Executing get_current_user dependency]
[pid=23984] - [2026-08-13 20:03:08,582] - [core.apis.routes.wms_router] - [INFO] - [Calling POST /voice/drafts/draft123/confirm endpoint]
[pid=23984] - [2026-08-13 20:03:08,582] - [core.apis.routes.wms_router] - [INFO] - [Calling POST /voice/drafts/draft123/confirm endpoint]
[pid=23984] - [2026-08-13 20:03:08,582] - [core.apis.routes.wms_router] - [INFO] - [Calling POST /voice/drafts/draft123/confirm endpoint]
[pid=23984] - [2026-08-13 20:03:08,582] - [core.apis.routes.wms_router] - [INFO] - [Calling POST /voice/drafts/draft123/confirm endpoint]
[pid=23984] - [2026-08-13 20:03:08,582] - [core.apis.routes.wms_router] - [INFO] - [Calling POST /voice/drafts/draft123/confirm endpoint]
[pid=23984] - [2026-08-13 20:03:08,582] - [core.apis.routes.wms_router] - [INFO] - [Calling POST /voice/drafts/draft123/confirm endpoint]
[pid=23984] - [2026-08-13 20:03:08,582] - [core.apis.routes.wms_router] - [INFO] - [Calling POST /voice/drafts/draft123/confirm endpoint]
[pid=23984] - [2026-08-13 20:03:08,582] - [core.apis.routes.wms_router] - [INFO] - [Calling POST /voice/drafts/draft123/confirm endpoint]
[pid=23984] - [2026-08-13 20:03:08,582] - [core.apis.routes.wms_router] - [INFO] - [Calling POST /voice/drafts/draft123/confirm endpoint]
[pid=23984] - [2026-08-13 20:03:08,582] - [core.apis.routes.wms_router] - [INFO] - [Calling POST /voice/drafts/draft123/confirm endpoint]
[pid=23984] - [2026-08-13 20:03:08,582] - [core.apis.routes.wms_router] - [INFO] - [Calling POST /voice/drafts/draft123/confirm endpoint]
[pid=23984] - [2026-08-13 20:03:08,582] - [core.apis.routes.wms_router] - [INFO] - [Calling POST /voice/drafts/draft123/confirm endpoint]
[pid=23984] - [2026-08-13 20:03:08,582] - [core.apis.routes.wms_router] - [INFO] - [Calling POST /voice/drafts/draft123/confirm endpoint]
[pid=23984] - [2026-08-13 20:03:08,582] - [core.apis.routes.wms_router] - [INFO] - [Calling POST /voice/drafts/draft123/confirm endpoint]
[pid=23984] - [2026-08-13 20:03:08,582] - [core.controllers.wms_controller] - [INFO] - [Executing VoiceController.confirm_draft for draft: draft123]
[pid=23984] - [2026-08-13 20:03:08,582] - [core.controllers.wms_controller] - [INFO] - [Voice draft confirmed and logged through Phase 2 pipeline! Draft ID: draft123]
[pid=23984] - [2026-08-13 20:03:08,591] - [commons.auth] - [INFO] - [Executing get_current_user dependency]
[pid=23984] - [2026-08-13 20:03:08,591] - [core.apis.routes.wms_router] - [INFO] - [Calling POST /vision/measure endpoint]
[pid=23984] - [2026-08-13 20:03:08,591] - [core.apis.routes.wms_router] - [INFO] - [Calling POST /vision/measure endpoint]
[pid=23984] - [2026-08-13 20:03:08,591] - [core.apis.routes.wms_router] - [INFO] - [Calling POST /vision/measure endpoint]
[pid=23984] - [2026-08-13 20:03:08,591] - [core.apis.routes.wms_router] - [INFO] - [Calling POST /vision/measure endpoint]
[pid=23984] - [2026-08-13 20:03:08,591] - [core.apis.routes.wms_router] - [INFO] - [Calling POST /vision/measure endpoint]
[pid=23984] - [2026-08-13 20:03:08,591] - [core.apis.routes.wms_router] - [INFO] - [Calling POST /vision/measure endpoint]
[pid=23984] - [2026-08-13 20:03:08,591] - [core.apis.routes.wms_router] - [INFO] - [Calling POST /vision/measure endpoint]
[pid=23984] - [2026-08-13 20:03:08,591] - [core.apis.routes.wms_router] - [INFO] - [Calling POST /vision/measure endpoint]
[pid=23984] - [2026-08-13 20:03:08,591] - [core.apis.routes.wms_router] - [INFO] - [Calling POST /vision/measure endpoint]
[pid=23984] - [2026-08-13 20:03:08,591] - [core.apis.routes.wms_router] - [INFO] - [Calling POST /vision/measure endpoint]
[pid=23984] - [2026-08-13 20:03:08,591] - [core.apis.routes.wms_router] - [INFO] - [Calling POST /vision/measure endpoint]
[pid=23984] - [2026-08-13 20:03:08,591] - [core.apis.routes.wms_router] - [INFO] - [Calling POST /vision/measure endpoint]
[pid=23984] - [2026-08-13 20:03:08,591] - [core.apis.routes.wms_router] - [INFO] - [Calling POST /vision/measure endpoint]
[pid=23984] - [2026-08-13 20:03:08,591] - [core.apis.routes.wms_router] - [INFO] - [Calling POST /vision/measure endpoint]
[pid=23984] - [2026-08-13 20:03:08,592] - [core.controllers.wms_controller] - [INFO] - [Executing VisionController.measure_package]
[pid=23984] - [2026-08-13 20:03:08,599] - [commons.auth] - [INFO] - [Executing get_current_user dependency]
[pid=23984] - [2026-08-13 20:03:08,601] - [core.apis.routes.wms_router] - [INFO] - [Calling POST /query endpoint]
[pid=23984] - [2026-08-13 20:03:08,601] - [core.apis.routes.wms_router] - [INFO] - [Calling POST /query endpoint]
[pid=23984] - [2026-08-13 20:03:08,601] - [core.apis.routes.wms_router] - [INFO] - [Calling POST /query endpoint]
[pid=23984] - [2026-08-13 20:03:08,601] - [core.apis.routes.wms_router] - [INFO] - [Calling POST /query endpoint]
[pid=23984] - [2026-08-13 20:03:08,601] - [core.apis.routes.wms_router] - [INFO] - [Calling POST /query endpoint]
[pid=23984] - [2026-08-13 20:03:08,601] - [core.apis.routes.wms_router] - [INFO] - [Calling POST /query endpoint]
[pid=23984] - [2026-08-13 20:03:08,601] - [core.apis.routes.wms_router] - [INFO] - [Calling POST /query endpoint]
[pid=23984] - [2026-08-13 20:03:08,601] - [core.apis.routes.wms_router] - [INFO] - [Calling POST /query endpoint]
[pid=23984] - [2026-08-13 20:03:08,601] - [core.apis.routes.wms_router] - [INFO] - [Calling POST /query endpoint]
[pid=23984] - [2026-08-13 20:03:08,601] - [core.apis.routes.wms_router] - [INFO] - [Calling POST /query endpoint]
[pid=23984] - [2026-08-13 20:03:08,601] - [core.apis.routes.wms_router] - [INFO] - [Calling POST /query endpoint]
[pid=23984] - [2026-08-13 20:03:08,601] - [core.apis.routes.wms_router] - [INFO] - [Calling POST /query endpoint]
[pid=23984] - [2026-08-13 20:03:08,601] - [core.apis.routes.wms_router] - [INFO] - [Calling POST /query endpoint]
[pid=23984] - [2026-08-13 20:03:08,601] - [core.apis.routes.wms_router] - [INFO] - [Calling POST /query endpoint]
[pid=23984] - [2026-08-13 20:03:08,602] - [core.controllers.wms_controller] - [INFO] - [Executing NLQueryController.execute_query]
[pid=23984] - [2026-08-13 20:03:08,632] - [commons.auth] - [INFO] - [Executing get_current_user dependency]
[pid=23984] - [2026-08-13 20:03:08,633] - [commons.auth] - [INFO] - [Executing require_roles dependency check]
[pid=23984] - [2026-08-13 20:03:08,634] - [core.apis.routes.wms_router] - [INFO] - [Calling POST /api-keys endpoint]
[pid=23984] - [2026-08-13 20:03:08,634] - [core.apis.routes.wms_router] - [INFO] - [Calling POST /api-keys endpoint]
[pid=23984] - [2026-08-13 20:03:08,634] - [core.apis.routes.wms_router] - [INFO] - [Calling POST /api-keys endpoint]
[pid=23984] - [2026-08-13 20:03:08,634] - [core.apis.routes.wms_router] - [INFO] - [Calling POST /api-keys endpoint]
[pid=23984] - [2026-08-13 20:03:08,634] - [core.apis.routes.wms_router] - [INFO] - [Calling POST /api-keys endpoint]
[pid=23984] - [2026-08-13 20:03:08,634] - [core.apis.routes.wms_router] - [INFO] - [Calling POST /api-keys endpoint]
[pid=23984] - [2026-08-13 20:03:08,634] - [core.apis.routes.wms_router] - [INFO] - [Calling POST /api-keys endpoint]
[pid=23984] - [2026-08-13 20:03:08,634] - [core.apis.routes.wms_router] - [INFO] - [Calling POST /api-keys endpoint]
[pid=23984] - [2026-08-13 20:03:08,634] - [core.apis.routes.wms_router] - [INFO] - [Calling POST /api-keys endpoint]
[pid=23984] - [2026-08-13 20:03:08,634] - [core.apis.routes.wms_router] - [INFO] - [Calling POST /api-keys endpoint]
[pid=23984] - [2026-08-13 20:03:08,634] - [core.apis.routes.wms_router] - [INFO] - [Calling POST /api-keys endpoint]
[pid=23984] - [2026-08-13 20:03:08,634] - [core.apis.routes.wms_router] - [INFO] - [Calling POST /api-keys endpoint]
[pid=23984] - [2026-08-13 20:03:08,634] - [core.apis.routes.wms_router] - [INFO] - [Calling POST /api-keys endpoint]
[pid=23984] - [2026-08-13 20:03:08,634] - [core.apis.routes.wms_router] - [INFO] - [Calling POST /api-keys endpoint]
[pid=23984] - [2026-08-13 20:03:08,635] - [core.controllers.wms_controller] - [INFO] - [Executing ApiKeyController.create_key]
[pid=23984] - [2026-08-13 20:03:08,635] - [core.controllers.wms_controller] - [INFO] - [API key created successfully! Name: Morning Check Script | Prefix: wms_live_54a]
[pid=23984] - [2026-08-13 20:03:08,637] - [commons.auth] - [INFO] - [Executing get_current_user dependency]
[pid=23984] - [2026-08-13 20:03:08,637] - [commons.auth] - [INFO] - [Executing require_roles dependency check]
[pid=23984] - [2026-08-13 20:03:08,637] - [core.apis.routes.wms_router] - [INFO] - [Calling GET /api-keys endpoint]
[pid=23984] - [2026-08-13 20:03:08,637] - [core.apis.routes.wms_router] - [INFO] - [Calling GET /api-keys endpoint]
[pid=23984] - [2026-08-13 20:03:08,637] - [core.apis.routes.wms_router] - [INFO] - [Calling GET /api-keys endpoint]
[pid=23984] - [2026-08-13 20:03:08,637] - [core.apis.routes.wms_router] - [INFO] - [Calling GET /api-keys endpoint]
[pid=23984] - [2026-08-13 20:03:08,637] - [core.apis.routes.wms_router] - [INFO] - [Calling GET /api-keys endpoint]
[pid=23984] - [2026-08-13 20:03:08,637] - [core.apis.routes.wms_router] - [INFO] - [Calling GET /api-keys endpoint]
[pid=23984] - [2026-08-13 20:03:08,637] - [core.apis.routes.wms_router] - [INFO] - [Calling GET /api-keys endpoint]
[pid=23984] - [2026-08-13 20:03:08,637] - [core.apis.routes.wms_router] - [INFO] - [Calling GET /api-keys endpoint]
[pid=23984] - [2026-08-13 20:03:08,637] - [core.apis.routes.wms_router] - [INFO] - [Calling GET /api-keys endpoint]
[pid=23984] - [2026-08-13 20:03:08,637] - [core.apis.routes.wms_router] - [INFO] - [Calling GET /api-keys endpoint]
[pid=23984] - [2026-08-13 20:03:08,637] - [core.apis.routes.wms_router] - [INFO] - [Calling GET /api-keys endpoint]
[pid=23984] - [2026-08-13 20:03:08,637] - [core.apis.routes.wms_router] - [INFO] - [Calling GET /api-keys endpoint]
[pid=23984] - [2026-08-13 20:03:08,637] - [core.apis.routes.wms_router] - [INFO] - [Calling GET /api-keys endpoint]
[pid=23984] - [2026-08-13 20:03:08,637] - [core.apis.routes.wms_router] - [INFO] - [Calling GET /api-keys endpoint]
[pid=23984] - [2026-08-13 20:03:08,638] - [core.controllers.wms_controller] - [INFO] - [Executing ApiKeyController.list_keys]
[pid=23984] - [2026-08-13 20:03:08,640] - [commons.auth] - [INFO] - [Executing get_current_user dependency]
[pid=23984] - [2026-08-13 20:03:08,641] - [commons.auth] - [INFO] - [Executing require_roles dependency check]
[pid=23984] - [2026-08-13 20:03:08,641] - [core.apis.routes.wms_router] - [INFO] - [Calling DELETE /api-keys/key123 endpoint]
[pid=23984] - [2026-08-13 20:03:08,641] - [core.apis.routes.wms_router] - [INFO] - [Calling DELETE /api-keys/key123 endpoint]
[pid=23984] - [2026-08-13 20:03:08,641] - [core.apis.routes.wms_router] - [INFO] - [Calling DELETE /api-keys/key123 endpoint]
[pid=23984] - [2026-08-13 20:03:08,641] - [core.apis.routes.wms_router] - [INFO] - [Calling DELETE /api-keys/key123 endpoint]
[pid=23984] - [2026-08-13 20:03:08,641] - [core.apis.routes.wms_router] - [INFO] - [Calling DELETE /api-keys/key123 endpoint]
[pid=23984] - [2026-08-13 20:03:08,641] - [core.apis.routes.wms_router] - [INFO] - [Calling DELETE /api-keys/key123 endpoint]
[pid=23984] - [2026-08-13 20:03:08,641] - [core.apis.routes.wms_router] - [INFO] - [Calling DELETE /api-keys/key123 endpoint]
[pid=23984] - [2026-08-13 20:03:08,641] - [core.apis.routes.wms_router] - [INFO] - [Calling DELETE /api-keys/key123 endpoint]
[pid=23984] - [2026-08-13 20:03:08,641] - [core.apis.routes.wms_router] - [INFO] - [Calling DELETE /api-keys/key123 endpoint]
[pid=23984] - [2026-08-13 20:03:08,641] - [core.apis.routes.wms_router] - [INFO] - [Calling DELETE /api-keys/key123 endpoint]
[pid=23984] - [2026-08-13 20:03:08,641] - [core.apis.routes.wms_router] - [INFO] - [Calling DELETE /api-keys/key123 endpoint]
[pid=23984] - [2026-08-13 20:03:08,641] - [core.apis.routes.wms_router] - [INFO] - [Calling DELETE /api-keys/key123 endpoint]
[pid=23984] - [2026-08-13 20:03:08,641] - [core.apis.routes.wms_router] - [INFO] - [Calling DELETE /api-keys/key123 endpoint]
[pid=23984] - [2026-08-13 20:03:08,641] - [core.apis.routes.wms_router] - [INFO] - [Calling DELETE /api-keys/key123 endpoint]
[pid=23984] - [2026-08-13 20:03:08,641] - [core.controllers.wms_controller] - [INFO] - [Executing ApiKeyController.revoke_key: key123]
[pid=23984] - [2026-08-13 20:03:08,641] - [core.controllers.wms_controller] - [INFO] - [API key revoked successfully: key123]
[pid=23984] - [2026-08-13 20:03:08,660] - [commons.auth] - [INFO] - [Executing get_current_user dependency]
[pid=23984] - [2026-08-13 20:03:08,661] - [core.apis.routes.wms_router] - [INFO] - [Calling POST /query endpoint]
[pid=23984] - [2026-08-13 20:03:08,661] - [core.apis.routes.wms_router] - [INFO] - [Calling POST /query endpoint]
[pid=23984] - [2026-08-13 20:03:08,661] - [core.apis.routes.wms_router] - [INFO] - [Calling POST /query endpoint]
[pid=23984] - [2026-08-13 20:03:08,661] - [core.apis.routes.wms_router] - [INFO] - [Calling POST /query endpoint]
[pid=23984] - [2026-08-13 20:03:08,661] - [core.apis.routes.wms_router] - [INFO] - [Calling POST /query endpoint]
[pid=23984] - [2026-08-13 20:03:08,661] - [core.apis.routes.wms_router] - [INFO] - [Calling POST /query endpoint]
[pid=23984] - [2026-08-13 20:03:08,661] - [core.apis.routes.wms_router] - [INFO] - [Calling POST /query endpoint]
[pid=23984] - [2026-08-13 20:03:08,661] - [core.apis.routes.wms_router] - [INFO] - [Calling POST /query endpoint]
[pid=23984] - [2026-08-13 20:03:08,661] - [core.apis.routes.wms_router] - [INFO] - [Calling POST /query endpoint]
[pid=23984] - [2026-08-13 20:03:08,661] - [core.apis.routes.wms_router] - [INFO] - [Calling POST /query endpoint]
[pid=23984] - [2026-08-13 20:03:08,661] - [core.apis.routes.wms_router] - [INFO] - [Calling POST /query endpoint]
[pid=23984] - [2026-08-13 20:03:08,661] - [core.apis.routes.wms_router] - [INFO] - [Calling POST /query endpoint]
[pid=23984] - [2026-08-13 20:03:08,661] - [core.apis.routes.wms_router] - [INFO] - [Calling POST /query endpoint]
[pid=23984] - [2026-08-13 20:03:08,661] - [core.apis.routes.wms_router] - [INFO] - [Calling POST /query endpoint]
[pid=23984] - [2026-08-13 20:03:08,661] - [core.controllers.wms_controller] - [INFO] - [Executing NLQueryController.execute_query]
[pid=23984] - [2026-08-13 20:03:08,661] - [core.controllers.wms_controller] - [WARNING] - [NL query rejected outside allow-list: Query does not match any allow-listed template]
[pid=23984] - [2026-08-13 20:03:08,662] - [core.apis.routes.wms_router] - [ERROR] - [Error in POST /query endpoint: 400: Query does not match any allow-listed template]
[pid=23984] - [2026-08-13 20:03:08,662] - [core.apis.routes.wms_router] - [ERROR] - [Error in POST /query endpoint: 400: Query does not match any allow-listed template]
[pid=23984] - [2026-08-13 20:03:08,662] - [core.apis.routes.wms_router] - [ERROR] - [Error in POST /query endpoint: 400: Query does not match any allow-listed template]
[pid=23984] - [2026-08-13 20:03:08,662] - [core.apis.routes.wms_router] - [ERROR] - [Error in POST /query endpoint: 400: Query does not match any allow-listed template]
[pid=23984] - [2026-08-13 20:03:08,662] - [core.apis.routes.wms_router] - [ERROR] - [Error in POST /query endpoint: 400: Query does not match any allow-listed template]
[pid=23984] - [2026-08-13 20:03:08,662] - [core.apis.routes.wms_router] - [ERROR] - [Error in POST /query endpoint: 400: Query does not match any allow-listed template]
[pid=23984] - [2026-08-13 20:03:08,662] - [core.apis.routes.wms_router] - [ERROR] - [Error in POST /query endpoint: 400: Query does not match any allow-listed template]
[pid=23984] - [2026-08-13 20:03:08,662] - [core.apis.routes.wms_router] - [ERROR] - [Error in POST /query endpoint: 400: Query does not match any allow-listed template]
[pid=23984] - [2026-08-13 20:03:08,662] - [core.apis.routes.wms_router] - [ERROR] - [Error in POST /query endpoint: 400: Query does not match any allow-listed template]
[pid=23984] - [2026-08-13 20:03:08,662] - [core.apis.routes.wms_router] - [ERROR] - [Error in POST /query endpoint: 400: Query does not match any allow-listed template]
[pid=23984] - [2026-08-13 20:03:08,662] - [core.apis.routes.wms_router] - [ERROR] - [Error in POST /query endpoint: 400: Query does not match any allow-listed template]
[pid=23984] - [2026-08-13 20:03:08,662] - [core.apis.routes.wms_router] - [ERROR] - [Error in POST /query endpoint: 400: Query does not match any allow-listed template]
[pid=23984] - [2026-08-13 20:03:08,662] - [core.apis.routes.wms_router] - [ERROR] - [Error in POST /query endpoint: 400: Query does not match any allow-listed template]
[pid=23984] - [2026-08-13 20:03:08,662] - [core.apis.routes.wms_router] - [ERROR] - [Error in POST /query endpoint: 400: Query does not match any allow-listed template]
[pid=23984] - [2026-08-13 20:03:08,670] - [commons.auth] - [INFO] - [Executing get_current_user dependency]
[pid=23984] - [2026-08-13 20:03:08,670] - [commons.auth] - [WARNING] - [Missing authentication token in request]
[pid=23984] - [2026-08-13 20:03:08,684] - [commons.auth] - [INFO] - [Executing get_current_user dependency]
[pid=23984] - [2026-08-13 20:03:08,687] - [core.apis.routes.wms_router] - [INFO] - [Calling POST /arrivals endpoint]
[pid=23984] - [2026-08-13 20:03:08,687] - [core.apis.routes.wms_router] - [INFO] - [Calling POST /arrivals endpoint]
[pid=23984] - [2026-08-13 20:03:08,687] - [core.apis.routes.wms_router] - [INFO] - [Calling POST /arrivals endpoint]
[pid=23984] - [2026-08-13 20:03:08,687] - [core.apis.routes.wms_router] - [INFO] - [Calling POST /arrivals endpoint]
[pid=23984] - [2026-08-13 20:03:08,687] - [core.apis.routes.wms_router] - [INFO] - [Calling POST /arrivals endpoint]
[pid=23984] - [2026-08-13 20:03:08,687] - [core.apis.routes.wms_router] - [INFO] - [Calling POST /arrivals endpoint]
[pid=23984] - [2026-08-13 20:03:08,687] - [core.apis.routes.wms_router] - [INFO] - [Calling POST /arrivals endpoint]
[pid=23984] - [2026-08-13 20:03:08,687] - [core.apis.routes.wms_router] - [INFO] - [Calling POST /arrivals endpoint]
[pid=23984] - [2026-08-13 20:03:08,687] - [core.apis.routes.wms_router] - [INFO] - [Calling POST /arrivals endpoint]
[pid=23984] - [2026-08-13 20:03:08,687] - [core.apis.routes.wms_router] - [INFO] - [Calling POST /arrivals endpoint]
[pid=23984] - [2026-08-13 20:03:08,687] - [core.apis.routes.wms_router] - [INFO] - [Calling POST /arrivals endpoint]
[pid=23984] - [2026-08-13 20:03:08,687] - [core.apis.routes.wms_router] - [INFO] - [Calling POST /arrivals endpoint]
[pid=23984] - [2026-08-13 20:03:08,687] - [core.apis.routes.wms_router] - [INFO] - [Calling POST /arrivals endpoint]
[pid=23984] - [2026-08-13 20:03:08,687] - [core.apis.routes.wms_router] - [INFO] - [Calling POST /arrivals endpoint]
[pid=23984] - [2026-08-13 20:03:08,688] - [core.controllers.wms_controller] - [INFO] - [Executing ArrivalController.process_arrival]
[pid=23984] - [2026-08-13 20:03:08,689] - [core.services.wms_service] - [INFO] - [Executing AuditService.log_mutation | Action: ARRIVE | Collection: tickets]
[pid=23984] - [2026-08-13 20:03:08,689] - [core.controllers.wms_controller] - [INFO] - [Arrival processed successfully! Generated Ticket ID: RNO-20260813-001]
[pid=23984] - [2026-08-13 20:03:08,694] - [commons.auth] - [INFO] - [Executing get_current_user dependency]
[pid=23984] - [2026-08-13 20:03:08,698] - [core.apis.routes.wms_router] - [INFO] - [Calling POST /tickets/RNO-20260813-001/items endpoint]
[pid=23984] - [2026-08-13 20:03:08,698] - [core.apis.routes.wms_router] - [INFO] - [Calling POST /tickets/RNO-20260813-001/items endpoint]
[pid=23984] - [2026-08-13 20:03:08,698] - [core.apis.routes.wms_router] - [INFO] - [Calling POST /tickets/RNO-20260813-001/items endpoint]
[pid=23984] - [2026-08-13 20:03:08,698] - [core.apis.routes.wms_router] - [INFO] - [Calling POST /tickets/RNO-20260813-001/items endpoint]
[pid=23984] - [2026-08-13 20:03:08,698] - [core.apis.routes.wms_router] - [INFO] - [Calling POST /tickets/RNO-20260813-001/items endpoint]
[pid=23984] - [2026-08-13 20:03:08,698] - [core.apis.routes.wms_router] - [INFO] - [Calling POST /tickets/RNO-20260813-001/items endpoint]
[pid=23984] - [2026-08-13 20:03:08,698] - [core.apis.routes.wms_router] - [INFO] - [Calling POST /tickets/RNO-20260813-001/items endpoint]
[pid=23984] - [2026-08-13 20:03:08,698] - [core.apis.routes.wms_router] - [INFO] - [Calling POST /tickets/RNO-20260813-001/items endpoint]
[pid=23984] - [2026-08-13 20:03:08,698] - [core.apis.routes.wms_router] - [INFO] - [Calling POST /tickets/RNO-20260813-001/items endpoint]
[pid=23984] - [2026-08-13 20:03:08,698] - [core.apis.routes.wms_router] - [INFO] - [Calling POST /tickets/RNO-20260813-001/items endpoint]
[pid=23984] - [2026-08-13 20:03:08,698] - [core.apis.routes.wms_router] - [INFO] - [Calling POST /tickets/RNO-20260813-001/items endpoint]
[pid=23984] - [2026-08-13 20:03:08,698] - [core.apis.routes.wms_router] - [INFO] - [Calling POST /tickets/RNO-20260813-001/items endpoint]
[pid=23984] - [2026-08-13 20:03:08,698] - [core.apis.routes.wms_router] - [INFO] - [Calling POST /tickets/RNO-20260813-001/items endpoint]
[pid=23984] - [2026-08-13 20:03:08,698] - [core.apis.routes.wms_router] - [INFO] - [Calling POST /tickets/RNO-20260813-001/items endpoint]
[pid=23984] - [2026-08-13 20:03:08,700] - [core.controllers.wms_controller] - [INFO] - [Executing TicketController.log_item_scan for ticket: RNO-20260813-001]
[pid=23984] - [2026-08-13 20:03:08,700] - [core.services.wms_service] - [INFO] - [Executing AuditService.log_mutation | Action: SCAN_ITEM | Collection: items]
[pid=23984] - [2026-08-13 20:03:08,701] - [core.controllers.wms_controller] - [INFO] - [Item scanned and logged successfully! Unit Seq: 1 under Ticket: RNO-20260813-001]
[pid=23984] - [2026-08-13 20:03:08,704] - [commons.auth] - [INFO] - [Executing get_current_user dependency]
[pid=23984] - [2026-08-13 20:03:08,705] - [core.apis.routes.wms_router] - [INFO] - [Calling PUT /tickets/ticket123/submit-inspection endpoint]
[pid=23984] - [2026-08-13 20:03:08,705] - [core.apis.routes.wms_router] - [INFO] - [Calling PUT /tickets/ticket123/submit-inspection endpoint]
[pid=23984] - [2026-08-13 20:03:08,705] - [core.apis.routes.wms_router] - [INFO] - [Calling PUT /tickets/ticket123/submit-inspection endpoint]
[pid=23984] - [2026-08-13 20:03:08,705] - [core.apis.routes.wms_router] - [INFO] - [Calling PUT /tickets/ticket123/submit-inspection endpoint]
[pid=23984] - [2026-08-13 20:03:08,705] - [core.apis.routes.wms_router] - [INFO] - [Calling PUT /tickets/ticket123/submit-inspection endpoint]
[pid=23984] - [2026-08-13 20:03:08,705] - [core.apis.routes.wms_router] - [INFO] - [Calling PUT /tickets/ticket123/submit-inspection endpoint]
[pid=23984] - [2026-08-13 20:03:08,705] - [core.apis.routes.wms_router] - [INFO] - [Calling PUT /tickets/ticket123/submit-inspection endpoint]
[pid=23984] - [2026-08-13 20:03:08,705] - [core.apis.routes.wms_router] - [INFO] - [Calling PUT /tickets/ticket123/submit-inspection endpoint]
[pid=23984] - [2026-08-13 20:03:08,705] - [core.apis.routes.wms_router] - [INFO] - [Calling PUT /tickets/ticket123/submit-inspection endpoint]
[pid=23984] - [2026-08-13 20:03:08,705] - [core.apis.routes.wms_router] - [INFO] - [Calling PUT /tickets/ticket123/submit-inspection endpoint]
[pid=23984] - [2026-08-13 20:03:08,705] - [core.apis.routes.wms_router] - [INFO] - [Calling PUT /tickets/ticket123/submit-inspection endpoint]
[pid=23984] - [2026-08-13 20:03:08,705] - [core.apis.routes.wms_router] - [INFO] - [Calling PUT /tickets/ticket123/submit-inspection endpoint]
[pid=23984] - [2026-08-13 20:03:08,705] - [core.apis.routes.wms_router] - [INFO] - [Calling PUT /tickets/ticket123/submit-inspection endpoint]
[pid=23984] - [2026-08-13 20:03:08,705] - [core.apis.routes.wms_router] - [INFO] - [Calling PUT /tickets/ticket123/submit-inspection endpoint]
[pid=23984] - [2026-08-13 20:03:08,706] - [core.controllers.wms_controller] - [INFO] - [Executing TicketController.submit_inspection for: ticket123]
[pid=23984] - [2026-08-13 20:03:08,706] - [core.services.wms_service] - [INFO] - [Executing AuditService.log_mutation | Action: SUBMIT_INSPECTION | Collection: tickets]
[pid=23984] - [2026-08-13 20:03:08,706] - [core.controllers.wms_controller] - [INFO] - [Ticket submitted for inspection approval: RNO-20260813-001]
[pid=23984] - [2026-08-13 20:03:08,709] - [commons.auth] - [INFO] - [Executing get_current_user dependency]
[pid=23984] - [2026-08-13 20:03:08,709] - [commons.auth] - [INFO] - [Executing require_roles dependency check]
[pid=23984] - [2026-08-13 20:03:08,710] - [core.apis.routes.wms_router] - [INFO] - [Calling POST /tickets/ticket123/approve endpoint]
[pid=23984] - [2026-08-13 20:03:08,710] - [core.apis.routes.wms_router] - [INFO] - [Calling POST /tickets/ticket123/approve endpoint]
[pid=23984] - [2026-08-13 20:03:08,710] - [core.apis.routes.wms_router] - [INFO] - [Calling POST /tickets/ticket123/approve endpoint]
[pid=23984] - [2026-08-13 20:03:08,710] - [core.apis.routes.wms_router] - [INFO] - [Calling POST /tickets/ticket123/approve endpoint]
[pid=23984] - [2026-08-13 20:03:08,710] - [core.apis.routes.wms_router] - [INFO] - [Calling POST /tickets/ticket123/approve endpoint]
[pid=23984] - [2026-08-13 20:03:08,710] - [core.apis.routes.wms_router] - [INFO] - [Calling POST /tickets/ticket123/approve endpoint]
[pid=23984] - [2026-08-13 20:03:08,710] - [core.apis.routes.wms_router] - [INFO] - [Calling POST /tickets/ticket123/approve endpoint]
[pid=23984] - [2026-08-13 20:03:08,710] - [core.apis.routes.wms_router] - [INFO] - [Calling POST /tickets/ticket123/approve endpoint]
[pid=23984] - [2026-08-13 20:03:08,710] - [core.apis.routes.wms_router] - [INFO] - [Calling POST /tickets/ticket123/approve endpoint]
[pid=23984] - [2026-08-13 20:03:08,710] - [core.apis.routes.wms_router] - [INFO] - [Calling POST /tickets/ticket123/approve endpoint]
[pid=23984] - [2026-08-13 20:03:08,710] - [core.apis.routes.wms_router] - [INFO] - [Calling POST /tickets/ticket123/approve endpoint]
[pid=23984] - [2026-08-13 20:03:08,710] - [core.apis.routes.wms_router] - [INFO] - [Calling POST /tickets/ticket123/approve endpoint]
[pid=23984] - [2026-08-13 20:03:08,710] - [core.apis.routes.wms_router] - [INFO] - [Calling POST /tickets/ticket123/approve endpoint]
[pid=23984] - [2026-08-13 20:03:08,710] - [core.apis.routes.wms_router] - [INFO] - [Calling POST /tickets/ticket123/approve endpoint]
[pid=23984] - [2026-08-13 20:03:08,710] - [core.controllers.wms_controller] - [INFO] - [Executing TicketController.approve_ticket for: ticket123]
[pid=23984] - [2026-08-13 20:03:08,710] - [core.services.wms_service] - [INFO] - [Executing AuditService.log_mutation | Action: APPROVE | Collection: tickets]
[pid=23984] - [2026-08-13 20:03:08,710] - [core.controllers.wms_controller] - [INFO] - [Ticket APPROVED: ticket123]
[pid=23984] - [2026-08-13 20:03:08,713] - [commons.auth] - [INFO] - [Executing get_current_user dependency]
[pid=23984] - [2026-08-13 20:03:08,713] - [core.apis.routes.wms_router] - [INFO] - [Calling POST /tickets/ticket123/store endpoint]
[pid=23984] - [2026-08-13 20:03:08,713] - [core.apis.routes.wms_router] - [INFO] - [Calling POST /tickets/ticket123/store endpoint]
[pid=23984] - [2026-08-13 20:03:08,713] - [core.apis.routes.wms_router] - [INFO] - [Calling POST /tickets/ticket123/store endpoint]
[pid=23984] - [2026-08-13 20:03:08,713] - [core.apis.routes.wms_router] - [INFO] - [Calling POST /tickets/ticket123/store endpoint]
[pid=23984] - [2026-08-13 20:03:08,713] - [core.apis.routes.wms_router] - [INFO] - [Calling POST /tickets/ticket123/store endpoint]
[pid=23984] - [2026-08-13 20:03:08,713] - [core.apis.routes.wms_router] - [INFO] - [Calling POST /tickets/ticket123/store endpoint]
[pid=23984] - [2026-08-13 20:03:08,713] - [core.apis.routes.wms_router] - [INFO] - [Calling POST /tickets/ticket123/store endpoint]
[pid=23984] - [2026-08-13 20:03:08,713] - [core.apis.routes.wms_router] - [INFO] - [Calling POST /tickets/ticket123/store endpoint]
[pid=23984] - [2026-08-13 20:03:08,713] - [core.apis.routes.wms_router] - [INFO] - [Calling POST /tickets/ticket123/store endpoint]
[pid=23984] - [2026-08-13 20:03:08,713] - [core.apis.routes.wms_router] - [INFO] - [Calling POST /tickets/ticket123/store endpoint]
[pid=23984] - [2026-08-13 20:03:08,713] - [core.apis.routes.wms_router] - [INFO] - [Calling POST /tickets/ticket123/store endpoint]
[pid=23984] - [2026-08-13 20:03:08,713] - [core.apis.routes.wms_router] - [INFO] - [Calling POST /tickets/ticket123/store endpoint]
[pid=23984] - [2026-08-13 20:03:08,713] - [core.apis.routes.wms_router] - [INFO] - [Calling POST /tickets/ticket123/store endpoint]
[pid=23984] - [2026-08-13 20:03:08,713] - [core.apis.routes.wms_router] - [INFO] - [Calling POST /tickets/ticket123/store endpoint]
[pid=23984] - [2026-08-13 20:03:08,714] - [core.controllers.wms_controller] - [INFO] - [Executing TicketController.store_ticket for: ticket123]
[pid=23984] - [2026-08-13 20:03:08,714] - [core.services.wms_service] - [INFO] - [Executing AuditService.log_mutation | Action: STORE | Collection: tickets]
[pid=23984] - [2026-08-13 20:03:08,714] - [core.controllers.wms_controller] - [INFO] - [Ticket STORED at location: A-04-12]
[pid=23984] - [2026-08-13 20:03:08,723] - [commons.auth] - [INFO] - [Executing get_current_user dependency]
[pid=23984] - [2026-08-13 20:03:08,723] - [core.apis.routes.wms_router] - [INFO] - [Calling POST /arrivals endpoint]
[pid=23984] - [2026-08-13 20:03:08,723] - [core.apis.routes.wms_router] - [INFO] - [Calling POST /arrivals endpoint]
[pid=23984] - [2026-08-13 20:03:08,723] - [core.apis.routes.wms_router] - [INFO] - [Calling POST /arrivals endpoint]
[pid=23984] - [2026-08-13 20:03:08,723] - [core.apis.routes.wms_router] - [INFO] - [Calling POST /arrivals endpoint]
[pid=23984] - [2026-08-13 20:03:08,723] - [core.apis.routes.wms_router] - [INFO] - [Calling POST /arrivals endpoint]
[pid=23984] - [2026-08-13 20:03:08,723] - [core.apis.routes.wms_router] - [INFO] - [Calling POST /arrivals endpoint]
[pid=23984] - [2026-08-13 20:03:08,723] - [core.apis.routes.wms_router] - [INFO] - [Calling POST /arrivals endpoint]
[pid=23984] - [2026-08-13 20:03:08,723] - [core.apis.routes.wms_router] - [INFO] - [Calling POST /arrivals endpoint]
[pid=23984] - [2026-08-13 20:03:08,723] - [core.apis.routes.wms_router] - [INFO] - [Calling POST /arrivals endpoint]
[pid=23984] - [2026-08-13 20:03:08,723] - [core.apis.routes.wms_router] - [INFO] - [Calling POST /arrivals endpoint]
[pid=23984] - [2026-08-13 20:03:08,723] - [core.apis.routes.wms_router] - [INFO] - [Calling POST /arrivals endpoint]
[pid=23984] - [2026-08-13 20:03:08,723] - [core.apis.routes.wms_router] - [INFO] - [Calling POST /arrivals endpoint]
[pid=23984] - [2026-08-13 20:03:08,723] - [core.apis.routes.wms_router] - [INFO] - [Calling POST /arrivals endpoint]
[pid=23984] - [2026-08-13 20:03:08,723] - [core.apis.routes.wms_router] - [INFO] - [Calling POST /arrivals endpoint]
[pid=23984] - [2026-08-13 20:03:08,724] - [core.controllers.wms_controller] - [INFO] - [Executing ArrivalController.process_arrival]
[pid=23984] - [2026-08-13 20:03:08,724] - [core.services.wms_service] - [INFO] - [Executing AuditService.log_mutation | Action: ARRIVE | Collection: tickets]
[pid=23984] - [2026-08-13 20:03:08,724] - [core.controllers.wms_controller] - [INFO] - [Arrival processed successfully! Generated Ticket ID: LAX-20260813-001]
[pid=23984] - [2026-08-13 20:03:08,736] - [commons.auth] - [INFO] - [Executing get_current_user dependency]
[pid=23984] - [2026-08-13 20:03:08,739] - [core.apis.routes.wms_router] - [INFO] - [Calling POST /tickets/RNO-20260813-001/items endpoint]
[pid=23984] - [2026-08-13 20:03:08,739] - [core.apis.routes.wms_router] - [INFO] - [Calling POST /tickets/RNO-20260813-001/items endpoint]
[pid=23984] - [2026-08-13 20:03:08,739] - [core.apis.routes.wms_router] - [INFO] - [Calling POST /tickets/RNO-20260813-001/items endpoint]
[pid=23984] - [2026-08-13 20:03:08,739] - [core.apis.routes.wms_router] - [INFO] - [Calling POST /tickets/RNO-20260813-001/items endpoint]
[pid=23984] - [2026-08-13 20:03:08,739] - [core.apis.routes.wms_router] - [INFO] - [Calling POST /tickets/RNO-20260813-001/items endpoint]
[pid=23984] - [2026-08-13 20:03:08,739] - [core.apis.routes.wms_router] - [INFO] - [Calling POST /tickets/RNO-20260813-001/items endpoint]
[pid=23984] - [2026-08-13 20:03:08,739] - [core.apis.routes.wms_router] - [INFO] - [Calling POST /tickets/RNO-20260813-001/items endpoint]
[pid=23984] - [2026-08-13 20:03:08,739] - [core.apis.routes.wms_router] - [INFO] - [Calling POST /tickets/RNO-20260813-001/items endpoint]
[pid=23984] - [2026-08-13 20:03:08,739] - [core.apis.routes.wms_router] - [INFO] - [Calling POST /tickets/RNO-20260813-001/items endpoint]
[pid=23984] - [2026-08-13 20:03:08,739] - [core.apis.routes.wms_router] - [INFO] - [Calling POST /tickets/RNO-20260813-001/items endpoint]
[pid=23984] - [2026-08-13 20:03:08,739] - [core.apis.routes.wms_router] - [INFO] - [Calling POST /tickets/RNO-20260813-001/items endpoint]
[pid=23984] - [2026-08-13 20:03:08,739] - [core.apis.routes.wms_router] - [INFO] - [Calling POST /tickets/RNO-20260813-001/items endpoint]
[pid=23984] - [2026-08-13 20:03:08,739] - [core.apis.routes.wms_router] - [INFO] - [Calling POST /tickets/RNO-20260813-001/items endpoint]
[pid=23984] - [2026-08-13 20:03:08,739] - [core.apis.routes.wms_router] - [INFO] - [Calling POST /tickets/RNO-20260813-001/items endpoint]
[pid=23984] - [2026-08-13 20:03:08,740] - [core.controllers.wms_controller] - [INFO] - [Executing TicketController.log_item_scan for ticket: RNO-20260813-001]
[pid=23984] - [2026-08-13 20:03:08,740] - [core.apis.routes.wms_router] - [ERROR] - [Error in POST /tickets/RNO-20260813-001/items endpoint: 409: Duplicate submission]
[pid=23984] - [2026-08-13 20:03:08,740] - [core.apis.routes.wms_router] - [ERROR] - [Error in POST /tickets/RNO-20260813-001/items endpoint: 409: Duplicate submission]
[pid=23984] - [2026-08-13 20:03:08,740] - [core.apis.routes.wms_router] - [ERROR] - [Error in POST /tickets/RNO-20260813-001/items endpoint: 409: Duplicate submission]
[pid=23984] - [2026-08-13 20:03:08,740] - [core.apis.routes.wms_router] - [ERROR] - [Error in POST /tickets/RNO-20260813-001/items endpoint: 409: Duplicate submission]
[pid=23984] - [2026-08-13 20:03:08,740] - [core.apis.routes.wms_router] - [ERROR] - [Error in POST /tickets/RNO-20260813-001/items endpoint: 409: Duplicate submission]
[pid=23984] - [2026-08-13 20:03:08,740] - [core.apis.routes.wms_router] - [ERROR] - [Error in POST /tickets/RNO-20260813-001/items endpoint: 409: Duplicate submission]
[pid=23984] - [2026-08-13 20:03:08,740] - [core.apis.routes.wms_router] - [ERROR] - [Error in POST /tickets/RNO-20260813-001/items endpoint: 409: Duplicate submission]
[pid=23984] - [2026-08-13 20:03:08,740] - [core.apis.routes.wms_router] - [ERROR] - [Error in POST /tickets/RNO-20260813-001/items endpoint: 409: Duplicate submission]
[pid=23984] - [2026-08-13 20:03:08,740] - [core.apis.routes.wms_router] - [ERROR] - [Error in POST /tickets/RNO-20260813-001/items endpoint: 409: Duplicate submission]
[pid=23984] - [2026-08-13 20:03:08,740] - [core.apis.routes.wms_router] - [ERROR] - [Error in POST /tickets/RNO-20260813-001/items endpoint: 409: Duplicate submission]
[pid=23984] - [2026-08-13 20:03:08,740] - [core.apis.routes.wms_router] - [ERROR] - [Error in POST /tickets/RNO-20260813-001/items endpoint: 409: Duplicate submission]
[pid=23984] - [2026-08-13 20:03:08,740] - [core.apis.routes.wms_router] - [ERROR] - [Error in POST /tickets/RNO-20260813-001/items endpoint: 409: Duplicate submission]
[pid=23984] - [2026-08-13 20:03:08,740] - [core.apis.routes.wms_router] - [ERROR] - [Error in POST /tickets/RNO-20260813-001/items endpoint: 409: Duplicate submission]
[pid=23984] - [2026-08-13 20:03:08,740] - [core.apis.routes.wms_router] - [ERROR] - [Error in POST /tickets/RNO-20260813-001/items endpoint: 409: Duplicate submission]
[pid=23984] - [2026-08-13 20:03:08,758] - [commons.auth] - [INFO] - [Executing get_current_user dependency]
[pid=23984] - [2026-08-13 20:03:08,759] - [core.apis.routes.wms_router] - [INFO] - [Calling POST /orders/ORD-PARALLEL/reserve endpoint]
[pid=23984] - [2026-08-13 20:03:08,759] - [core.apis.routes.wms_router] - [INFO] - [Calling POST /orders/ORD-PARALLEL/reserve endpoint]
[pid=23984] - [2026-08-13 20:03:08,759] - [core.apis.routes.wms_router] - [INFO] - [Calling POST /orders/ORD-PARALLEL/reserve endpoint]
[pid=23984] - [2026-08-13 20:03:08,759] - [core.apis.routes.wms_router] - [INFO] - [Calling POST /orders/ORD-PARALLEL/reserve endpoint]
[pid=23984] - [2026-08-13 20:03:08,759] - [core.apis.routes.wms_router] - [INFO] - [Calling POST /orders/ORD-PARALLEL/reserve endpoint]
[pid=23984] - [2026-08-13 20:03:08,759] - [core.apis.routes.wms_router] - [INFO] - [Calling POST /orders/ORD-PARALLEL/reserve endpoint]
[pid=23984] - [2026-08-13 20:03:08,759] - [core.apis.routes.wms_router] - [INFO] - [Calling POST /orders/ORD-PARALLEL/reserve endpoint]
[pid=23984] - [2026-08-13 20:03:08,759] - [core.apis.routes.wms_router] - [INFO] - [Calling POST /orders/ORD-PARALLEL/reserve endpoint]
[pid=23984] - [2026-08-13 20:03:08,759] - [core.apis.routes.wms_router] - [INFO] - [Calling POST /orders/ORD-PARALLEL/reserve endpoint]
[pid=23984] - [2026-08-13 20:03:08,759] - [core.apis.routes.wms_router] - [INFO] - [Calling POST /orders/ORD-PARALLEL/reserve endpoint]
[pid=23984] - [2026-08-13 20:03:08,759] - [core.apis.routes.wms_router] - [INFO] - [Calling POST /orders/ORD-PARALLEL/reserve endpoint]
[pid=23984] - [2026-08-13 20:03:08,759] - [core.apis.routes.wms_router] - [INFO] - [Calling POST /orders/ORD-PARALLEL/reserve endpoint]
[pid=23984] - [2026-08-13 20:03:08,759] - [core.apis.routes.wms_router] - [INFO] - [Calling POST /orders/ORD-PARALLEL/reserve endpoint]
[pid=23984] - [2026-08-13 20:03:08,759] - [core.apis.routes.wms_router] - [INFO] - [Calling POST /orders/ORD-PARALLEL/reserve endpoint]
[pid=23984] - [2026-08-13 20:03:08,761] - [core.controllers.wms_controller] - [INFO] - [Executing OrderController.reserve_order for: ORD-PARALLEL]
[pid=23984] - [2026-08-13 20:03:08,765] - [core.controllers.wms_controller] - [INFO] - [Order reserved successfully! Reserved items: 1]
[pid=23984] - [2026-08-13 20:03:08,769] - [commons.auth] - [INFO] - [Executing get_current_user dependency]
[pid=23984] - [2026-08-13 20:03:08,769] - [core.apis.routes.wms_router] - [INFO] - [Calling POST /orders/ORD-PARALLEL/reserve endpoint]
[pid=23984] - [2026-08-13 20:03:08,769] - [core.apis.routes.wms_router] - [INFO] - [Calling POST /orders/ORD-PARALLEL/reserve endpoint]
[pid=23984] - [2026-08-13 20:03:08,769] - [core.apis.routes.wms_router] - [INFO] - [Calling POST /orders/ORD-PARALLEL/reserve endpoint]
[pid=23984] - [2026-08-13 20:03:08,769] - [core.apis.routes.wms_router] - [INFO] - [Calling POST /orders/ORD-PARALLEL/reserve endpoint]
[pid=23984] - [2026-08-13 20:03:08,769] - [core.apis.routes.wms_router] - [INFO] - [Calling POST /orders/ORD-PARALLEL/reserve endpoint]
[pid=23984] - [2026-08-13 20:03:08,769] - [core.apis.routes.wms_router] - [INFO] - [Calling POST /orders/ORD-PARALLEL/reserve endpoint]
[pid=23984] - [2026-08-13 20:03:08,769] - [core.apis.routes.wms_router] - [INFO] - [Calling POST /orders/ORD-PARALLEL/reserve endpoint]
[pid=23984] - [2026-08-13 20:03:08,769] - [core.apis.routes.wms_router] - [INFO] - [Calling POST /orders/ORD-PARALLEL/reserve endpoint]
[pid=23984] - [2026-08-13 20:03:08,769] - [core.apis.routes.wms_router] - [INFO] - [Calling POST /orders/ORD-PARALLEL/reserve endpoint]
[pid=23984] - [2026-08-13 20:03:08,769] - [core.apis.routes.wms_router] - [INFO] - [Calling POST /orders/ORD-PARALLEL/reserve endpoint]
[pid=23984] - [2026-08-13 20:03:08,769] - [core.apis.routes.wms_router] - [INFO] - [Calling POST /orders/ORD-PARALLEL/reserve endpoint]
[pid=23984] - [2026-08-13 20:03:08,769] - [core.apis.routes.wms_router] - [INFO] - [Calling POST /orders/ORD-PARALLEL/reserve endpoint]
[pid=23984] - [2026-08-13 20:03:08,769] - [core.apis.routes.wms_router] - [INFO] - [Calling POST /orders/ORD-PARALLEL/reserve endpoint]
[pid=23984] - [2026-08-13 20:03:08,769] - [core.apis.routes.wms_router] - [INFO] - [Calling POST /orders/ORD-PARALLEL/reserve endpoint]
[pid=23984] - [2026-08-13 20:03:08,771] - [core.controllers.wms_controller] - [INFO] - [Executing OrderController.reserve_order for: ORD-PARALLEL]
[pid=23984] - [2026-08-13 20:03:08,773] - [core.controllers.wms_controller] - [WARNING] - [Stock reservation failed: barcode 012345678905 needs 1, available 0]
[pid=23984] - [2026-08-13 20:03:08,773] - [core.apis.routes.wms_router] - [ERROR] - [Error in POST /orders/ORD-PARALLEL/reserve endpoint: 409: Insufficient stock for barcode '012345678905'. Required: 1, Available: 0]
[pid=23984] - [2026-08-13 20:03:08,773] - [core.apis.routes.wms_router] - [ERROR] - [Error in POST /orders/ORD-PARALLEL/reserve endpoint: 409: Insufficient stock for barcode '012345678905'. Required: 1, Available: 0]
[pid=23984] - [2026-08-13 20:03:08,773] - [core.apis.routes.wms_router] - [ERROR] - [Error in POST /orders/ORD-PARALLEL/reserve endpoint: 409: Insufficient stock for barcode '012345678905'. Required: 1, Available: 0]
[pid=23984] - [2026-08-13 20:03:08,773] - [core.apis.routes.wms_router] - [ERROR] - [Error in POST /orders/ORD-PARALLEL/reserve endpoint: 409: Insufficient stock for barcode '012345678905'. Required: 1, Available: 0]
[pid=23984] - [2026-08-13 20:03:08,773] - [core.apis.routes.wms_router] - [ERROR] - [Error in POST /orders/ORD-PARALLEL/reserve endpoint: 409: Insufficient stock for barcode '012345678905'. Required: 1, Available: 0]
[pid=23984] - [2026-08-13 20:03:08,773] - [core.apis.routes.wms_router] - [ERROR] - [Error in POST /orders/ORD-PARALLEL/reserve endpoint: 409: Insufficient stock for barcode '012345678905'. Required: 1, Available: 0]
[pid=23984] - [2026-08-13 20:03:08,773] - [core.apis.routes.wms_router] - [ERROR] - [Error in POST /orders/ORD-PARALLEL/reserve endpoint: 409: Insufficient stock for barcode '012345678905'. Required: 1, Available: 0]
[pid=23984] - [2026-08-13 20:03:08,773] - [core.apis.routes.wms_router] - [ERROR] - [Error in POST /orders/ORD-PARALLEL/reserve endpoint: 409: Insufficient stock for barcode '012345678905'. Required: 1, Available: 0]
[pid=23984] - [2026-08-13 20:03:08,773] - [core.apis.routes.wms_router] - [ERROR] - [Error in POST /orders/ORD-PARALLEL/reserve endpoint: 409: Insufficient stock for barcode '012345678905'. Required: 1, Available: 0]
[pid=23984] - [2026-08-13 20:03:08,773] - [core.apis.routes.wms_router] - [ERROR] - [Error in POST /orders/ORD-PARALLEL/reserve endpoint: 409: Insufficient stock for barcode '012345678905'. Required: 1, Available: 0]
[pid=23984] - [2026-08-13 20:03:08,773] - [core.apis.routes.wms_router] - [ERROR] - [Error in POST /orders/ORD-PARALLEL/reserve endpoint: 409: Insufficient stock for barcode '012345678905'. Required: 1, Available: 0]
[pid=23984] - [2026-08-13 20:03:08,773] - [core.apis.routes.wms_router] - [ERROR] - [Error in POST /orders/ORD-PARALLEL/reserve endpoint: 409: Insufficient stock for barcode '012345678905'. Required: 1, Available: 0]
[pid=23984] - [2026-08-13 20:03:08,773] - [core.apis.routes.wms_router] - [ERROR] - [Error in POST /orders/ORD-PARALLEL/reserve endpoint: 409: Insufficient stock for barcode '012345678905'. Required: 1, Available: 0]
[pid=23984] - [2026-08-13 20:03:08,773] - [core.apis.routes.wms_router] - [ERROR] - [Error in POST /orders/ORD-PARALLEL/reserve endpoint: 409: Insufficient stock for barcode '012345678905'. Required: 1, Available: 0]
[pid=23984] - [2026-08-13 20:03:08,792] - [commons.auth] - [INFO] - [Executing get_current_user dependency]
[pid=23984] - [2026-08-13 20:03:08,792] - [commons.auth] - [INFO] - [Executing require_roles dependency check]
[pid=23984] - [2026-08-13 20:03:08,792] - [core.apis.routes.wms_router] - [INFO] - [Calling GET /reports/summary endpoint]
[pid=23984] - [2026-08-13 20:03:08,792] - [core.apis.routes.wms_router] - [INFO] - [Calling GET /reports/summary endpoint]
[pid=23984] - [2026-08-13 20:03:08,792] - [core.apis.routes.wms_router] - [INFO] - [Calling GET /reports/summary endpoint]
[pid=23984] - [2026-08-13 20:03:08,792] - [core.apis.routes.wms_router] - [INFO] - [Calling GET /reports/summary endpoint]
[pid=23984] - [2026-08-13 20:03:08,792] - [core.apis.routes.wms_router] - [INFO] - [Calling GET /reports/summary endpoint]
[pid=23984] - [2026-08-13 20:03:08,792] - [core.apis.routes.wms_router] - [INFO] - [Calling GET /reports/summary endpoint]
[pid=23984] - [2026-08-13 20:03:08,792] - [core.apis.routes.wms_router] - [INFO] - [Calling GET /reports/summary endpoint]
[pid=23984] - [2026-08-13 20:03:08,792] - [core.apis.routes.wms_router] - [INFO] - [Calling GET /reports/summary endpoint]
[pid=23984] - [2026-08-13 20:03:08,792] - [core.apis.routes.wms_router] - [INFO] - [Calling GET /reports/summary endpoint]
[pid=23984] - [2026-08-13 20:03:08,792] - [core.apis.routes.wms_router] - [INFO] - [Calling GET /reports/summary endpoint]
[pid=23984] - [2026-08-13 20:03:08,792] - [core.apis.routes.wms_router] - [INFO] - [Calling GET /reports/summary endpoint]
[pid=23984] - [2026-08-13 20:03:08,792] - [core.apis.routes.wms_router] - [INFO] - [Calling GET /reports/summary endpoint]
[pid=23984] - [2026-08-13 20:03:08,792] - [core.apis.routes.wms_router] - [INFO] - [Calling GET /reports/summary endpoint]
[pid=23984] - [2026-08-13 20:03:08,792] - [core.apis.routes.wms_router] - [INFO] - [Calling GET /reports/summary endpoint]
[pid=23984] - [2026-08-13 20:03:08,798] - [core.services.integration_service] - [INFO] - [Executing ExportService.generate_csv]
[pid=23984] - [2026-08-13 20:03:08,798] - [core.services.integration_service] - [INFO] - [Executing ExportService.generate_csv]
[pid=23984] - [2026-08-13 20:03:08,800] - [core.services.integration_service] - [INFO] - [Executing ExportService.generate_xlsx]
[pid=23984] - [2026-08-13 20:03:08,811] - [core.services.integration_service] - [INFO] - [Executing ExportService.generate_xlsx]
[pid=23984] - [2026-08-13 20:03:08,828] - [core.services.integration_service] - [INFO] - [LocalStorageService initialized | Upload Dir: C:\Users\aayus\WMS\uploads]
[pid=23984] - [2026-08-13 20:03:08,828] - [core.services.integration_service] - [INFO] - [Executing LocalStorageService.save_image]
[pid=23984] - [2026-08-13 20:03:08,829] - [core.services.integration_service] - [WARNING] - [Image upload rejected: invalid extension .pdf]
[pid=23984] - [2026-08-13 20:03:08,830] - [core.services.integration_service] - [INFO] - [Executing LocalStorageService.save_image]
[pid=23984] - [2026-08-13 20:03:08,831] - [core.services.integration_service] - [INFO] - [Image saved successfully: /uploads/8ea249e9d0324f8aae275d043bd30bdb.png]
[pid=23984] - [2026-08-13 20:03:08,832] - [core.services.integration_service] - [INFO] - [LocalStorageService initialized | Upload Dir: C:\Users\aayus\WMS\uploads]
[pid=23984] - [2026-08-13 20:03:08,835] - [core.services.ai_service] - [INFO] - [Executing VisionService.measure_package]
[pid=23984] - [2026-08-13 20:03:08,836] - [core.services.ai_service] - [WARNING] - [Vision measurement failed: invalid image payload]
[pid=23984] - [2026-08-13 20:03:08,840] - [core.services.ai_service] - [INFO] - [Executing NLQueryService.execute_query: 'How many items available?']
[pid=23984] - [2026-08-13 20:03:08,841] - [core.services.ai_service] - [INFO] - [NL Query executed using template 'STOCK_AVAILABLE'. Returned 1 rows.]
[pid=23984] - [2026-08-13 20:03:08,841] - [core.services.ai_service] - [INFO] - [Executing NLQueryService.execute_query: 'Show broken stock']
[pid=23984] - [2026-08-13 20:03:08,888] - [core.services.ai_service] - [INFO] - [NL Query executed using template 'STOCK_DAMAGED'. Returned 1 rows.]
[pid=23984] - [2026-08-13 20:03:08,888] - [core.services.ai_service] - [INFO] - [Executing NLQueryService.execute_query: 'Show held stock']
[pid=23984] - [2026-08-13 20:03:08,888] - [core.services.ai_service] - [INFO] - [NL Query executed using template 'STOCK_RESERVED'. Returned 1 rows.]
[pid=23984] - [2026-08-13 20:03:08,893] - [core.services.wms_service] - [INFO] - [Executing IdempotencyService.lock_key for key: key1]
[pid=23984] - [2026-08-13 20:03:08,893] - [core.services.wms_service] - [INFO] - [Idempotency key locked successfully: key1]
[pid=23984] - [2026-08-13 20:03:08,893] - [core.services.wms_service] - [INFO] - [Executing IdempotencyService.lock_key for key: key1]
[pid=23984] - [2026-08-13 20:03:08,894] - [core.services.wms_service] - [WARNING] - [Idempotency conflict: key key1 already processed]
[pid=23984] - [2026-08-13 20:03:08,896] - [core.services.wms_service] - [INFO] - [Executing AuditService.__init__]
[pid=23984] - [2026-08-13 20:03:08,897] - [core.services.wms_service] - [INFO] - [Executing AuditService.log_mutation | Action: TEST | Collection: test]
[pid=23984] - [2026-08-13 20:03:08,900] - [core.services.ai_service] - [INFO] - [Executing VoiceService.transcribe_audio]
[pid=23984] - [2026-08-13 20:03:08,900] - [core.services.ai_service] - [INFO] - [Executing VoiceService.parse_transcript]
[pid=23984] - [2026-08-13 20:03:08,909] - [core.apis.routes.wms_router] - [INFO] - [Calling GET /health endpoint]
[pid=23984] - [2026-08-13 20:03:08,909] - [core.apis.routes.wms_router] - [INFO] - [Calling GET /health endpoint]
[pid=23984] - [2026-08-13 20:03:08,909] - [core.apis.routes.wms_router] - [INFO] - [Calling GET /health endpoint]
[pid=23984] - [2026-08-13 20:03:08,909] - [core.apis.routes.wms_router] - [INFO] - [Calling GET /health endpoint]
[pid=23984] - [2026-08-13 20:03:08,909] - [core.apis.routes.wms_router] - [INFO] - [Calling GET /health endpoint]
[pid=23984] - [2026-08-13 20:03:08,909] - [core.apis.routes.wms_router] - [INFO] - [Calling GET /health endpoint]
[pid=23984] - [2026-08-13 20:03:08,909] - [core.apis.routes.wms_router] - [INFO] - [Calling GET /health endpoint]
[pid=23984] - [2026-08-13 20:03:08,909] - [core.apis.routes.wms_router] - [INFO] - [Calling GET /health endpoint]
[pid=23984] - [2026-08-13 20:03:08,909] - [core.apis.routes.wms_router] - [INFO] - [Calling GET /health endpoint]
[pid=23984] - [2026-08-13 20:03:08,909] - [core.apis.routes.wms_router] - [INFO] - [Calling GET /health endpoint]
[pid=23984] - [2026-08-13 20:03:08,909] - [core.apis.routes.wms_router] - [INFO] - [Calling GET /health endpoint]
[pid=23984] - [2026-08-13 20:03:08,909] - [core.apis.routes.wms_router] - [INFO] - [Calling GET /health endpoint]
[pid=23984] - [2026-08-13 20:03:08,909] - [core.apis.routes.wms_router] - [INFO] - [Calling GET /health endpoint]
[pid=23984] - [2026-08-13 20:03:08,909] - [core.apis.routes.wms_router] - [INFO] - [Calling GET /health endpoint]
[pid=23984] - [2026-08-13 20:03:08,909] - [core.controllers.wms_controller] - [INFO] - [Executing HealthController.get_health]
[pid=23984] - [2026-08-13 20:03:08,909] - [core.database.database] - [INFO] - [Executing ping function]
[pid=23984] - [2026-08-13 20:03:08,909] - [core.database.database] - [INFO] - [Executing MongoDatabase function]
[pid=23984] - [2026-08-13 20:03:08,910] - [core.database.database] - [INFO] - [Executing _MongoClientSingleton.__new__ | DB: wms]
[pid=23984] - [2026-08-13 20:03:08,920] - [core.database.database] - [INFO] - [MongoDB singleton initialized successfully | URI: mongodb://localhost:27017/?replicaSet=rs0&directConnection=true]
[pid=23984] - [2026-08-13 20:03:08,963] - [core.database.database] - [INFO] - [MongoDB ping successful]
[pid=9328] - [2026-08-13 20:05:41,134] - [core.config.settings] - [INFO] - [Executing get_settings function]
[pid=9328] - [2026-08-13 20:05:41,903] - [core.apis.api] - [INFO] - [Executing application startup lifespan]
[pid=9328] - [2026-08-13 20:05:41,904] - [core.database.database] - [INFO] - [Executing connect_to_mongo function]
[pid=9328] - [2026-08-13 20:05:41,904] - [core.database.database] - [INFO] - [Executing _MongoClientSingleton.__new__ | DB: wms]
[pid=9328] - [2026-08-13 20:05:41,926] - [core.database.database] - [INFO] - [MongoDB singleton initialized successfully | URI: mongodb://localhost:27017/?replicaSet=rs0&directConnection=true]
[pid=9328] - [2026-08-13 20:05:41,926] - [core.database.database] - [INFO] - [Executing ping function]
[pid=9328] - [2026-08-13 20:05:41,927] - [core.database.database] - [INFO] - [Executing MongoDatabase function]
[pid=9328] - [2026-08-13 20:05:41,948] - [core.database.database] - [INFO] - [MongoDB ping successful]
[pid=9328] - [2026-08-13 20:05:41,949] - [core.database.database] - [INFO] - [MongoDB connection established successfully]
[pid=9328] - [2026-08-13 20:05:41,949] - [core.database.init_db] - [INFO] - [Executing init_db function]
[pid=9328] - [2026-08-13 20:05:41,949] - [core.database.database] - [INFO] - [Executing MongoDatabase function]
[pid=9328] - [2026-08-13 20:05:41,952] - [core.database.init_db] - [INFO] - [Index created: users.email (unique)]
[pid=9328] - [2026-08-13 20:05:41,953] - [core.database.init_db] - [INFO] - [Index created: warehouses.code (unique)]
[pid=9328] - [2026-08-13 20:05:41,955] - [core.database.init_db] - [INFO] - [Index created: inbox_shipments.tracking_number (unique, sparse)]
[pid=9328] - [2026-08-13 20:05:41,957] - [core.database.init_db] - [INFO] - [Index created: tickets.ticket_id (unique)]
[pid=9328] - [2026-08-13 20:05:41,961] - [core.database.init_db] - [INFO] - [Indexes created: items.ticket_id + unit_seq (unique), items.barcode]
[pid=9328] - [2026-08-13 20:05:41,963] - [core.database.init_db] - [INFO] - [Index created: orders.order_id (unique)]
[pid=9328] - [2026-08-13 20:05:41,965] - [core.database.init_db] - [INFO] - [Index created: storage_locations.warehouse_id + location_code (unique)]
[pid=9328] - [2026-08-13 20:05:41,966] - [core.database.init_db] - [INFO] - [Index created: counters.wh_code + date_str (unique)]
[pid=9328] - [2026-08-13 20:05:41,968] - [core.database.init_db] - [INFO] - [Index created: api_keys.key_hash (unique)]
[pid=9328] - [2026-08-13 20:05:41,970] - [core.database.init_db] - [INFO] - [Index created: idempotency_keys.key (unique)]
[pid=9328] - [2026-08-13 20:05:41,970] - [core.database.init_db] - [INFO] - [Database initialization and index creation completed successfully]
[pid=9328] - [2026-08-13 20:05:41,970] - [core.apis.api] - [INFO] - [Startup lifespan completed successfully]
[pid=9328] - [2026-08-13 20:12:46,060] - [core.apis.routes.auth_router] - [INFO] - [Calling POST /auth/login endpoint]
[pid=9328] - [2026-08-13 20:12:46,062] - [core.controllers.auth_controller] - [INFO] - [Executing AuthController.login]
[pid=9328] - [2026-08-13 20:12:46,062] - [core.cruds.user_crud] - [INFO] - [Executing CRUDUser.get_by_email for: owner@whitfield.com]
[pid=9328] - [2026-08-13 20:12:46,064] - [core.database.database] - [INFO] - [Executing MongoDatabase function]
[pid=9328] - [2026-08-13 20:12:46,067] - [core.controllers.auth_controller] - [WARNING] - [Login failed: user email not found (owner@whitfield.com)]
[pid=9328] - [2026-08-13 20:12:46,067] - [core.apis.routes.auth_router] - [ERROR] - [Error in POST /auth/login endpoint: 401: Invalid email or password]
[pid=9328] - [2026-08-13 20:13:04,453] - [core.apis.routes.auth_router] - [INFO] - [Calling POST /auth/login endpoint]
[pid=9328] - [2026-08-13 20:13:04,454] - [core.controllers.auth_controller] - [INFO] - [Executing AuthController.login]
[pid=9328] - [2026-08-13 20:13:04,454] - [core.cruds.user_crud] - [INFO] - [Executing CRUDUser.get_by_email for: owner@whitfield.com]
[pid=9328] - [2026-08-13 20:13:04,455] - [core.database.database] - [INFO] - [Executing MongoDatabase function]
[pid=9328] - [2026-08-13 20:13:04,461] - [core.controllers.auth_controller] - [WARNING] - [Login failed: user email not found (owner@whitfield.com)]
[pid=9328] - [2026-08-13 20:13:04,461] - [core.apis.routes.auth_router] - [ERROR] - [Error in POST /auth/login endpoint: 401: Invalid email or password]
[pid=9328] - [2026-08-13 20:13:58,668] - [core.apis.routes.auth_router] - [INFO] - [Calling POST /auth/login endpoint]
[pid=9328] - [2026-08-13 20:13:58,669] - [core.controllers.auth_controller] - [INFO] - [Executing AuthController.login]
[pid=9328] - [2026-08-13 20:13:58,670] - [core.cruds.user_crud] - [INFO] - [Executing CRUDUser.get_by_email for: owner@whitfield.com]
[pid=9328] - [2026-08-13 20:13:58,671] - [core.database.database] - [INFO] - [Executing MongoDatabase function]
[pid=9328] - [2026-08-13 20:13:58,674] - [core.controllers.auth_controller] - [WARNING] - [Login failed: user email not found (owner@whitfield.com)]
[pid=9328] - [2026-08-13 20:13:58,675] - [core.apis.routes.auth_router] - [ERROR] - [Error in POST /auth/login endpoint: 401: Invalid email or password]
[pid=9328] - [2026-08-13 20:16:24,078] - [core.apis.routes.auth_router] - [INFO] - [Calling POST /auth/login endpoint]
[pid=9328] - [2026-08-13 20:16:24,078] - [core.controllers.auth_controller] - [INFO] - [Executing AuthController.login]
[pid=9328] - [2026-08-13 20:16:24,078] - [core.cruds.user_crud] - [INFO] - [Executing CRUDUser.get_by_email for: owner@whitfieldwms.com]
[pid=9328] - [2026-08-13 20:16:24,079] - [core.database.database] - [INFO] - [Executing MongoDatabase function]
[pid=9328] - [2026-08-13 20:16:24,082] - [core.controllers.auth_controller] - [WARNING] - [Login failed: user email not found (owner@whitfieldwms.com)]
[pid=9328] - [2026-08-13 20:16:24,083] - [core.apis.routes.auth_router] - [ERROR] - [Error in POST /auth/login endpoint: 401: Invalid email or password]
[pid=27080] - [2026-08-13 20:18:59,873] - [core.config.settings] - [INFO] - [Executing get_settings function]
[pid=27080] - [2026-08-13 20:19:00,115] - [__main__] - [INFO] - [Executing seed_owner function]
[pid=27080] - [2026-08-13 20:19:00,115] - [core.database.database] - [INFO] - [Executing connect_to_mongo function]
[pid=27080] - [2026-08-13 20:19:00,115] - [core.database.database] - [INFO] - [Executing _MongoClientSingleton.__new__ | DB: wms]
[pid=27080] - [2026-08-13 20:19:00,119] - [core.database.database] - [INFO] - [MongoDB singleton initialized successfully | URI: mongodb://localhost:27017/?replicaSet=rs0&directConnection=true]
[pid=27080] - [2026-08-13 20:19:00,119] - [core.database.database] - [INFO] - [Executing ping function]
[pid=27080] - [2026-08-13 20:19:00,119] - [core.database.database] - [INFO] - [Executing MongoDatabase function]
[pid=27080] - [2026-08-13 20:19:00,159] - [core.database.database] - [INFO] - [MongoDB ping successful]
[pid=27080] - [2026-08-13 20:19:00,160] - [core.database.database] - [INFO] - [MongoDB connection established successfully]
[pid=27080] - [2026-08-13 20:19:00,160] - [core.database.database] - [INFO] - [Executing MongoDatabase function]
[pid=27080] - [2026-08-13 20:19:00,162] - [commons.auth] - [INFO] - [Executing hash_password function]
[pid=27080] - [2026-08-13 20:19:00,515] - [__main__] - [INFO] - [Initial Owner account created successfully! ID: 6a7dd95c1c9f4bf7ba478777 | Email: owner@whitfield.com]
[pid=27080] - [2026-08-13 20:19:00,516] - [core.database.database] - [INFO] - [Executing close_mongo_connection function]
[pid=27080] - [2026-08-13 20:19:00,517] - [core.database.database] - [INFO] - [MongoDB connection closed successfully]
[pid=9328] - [2026-08-13 20:19:46,055] - [core.apis.routes.auth_router] - [INFO] - [Calling POST /auth/login endpoint]
[pid=9328] - [2026-08-13 20:19:46,057] - [core.controllers.auth_controller] - [INFO] - [Executing AuthController.login]
[pid=9328] - [2026-08-13 20:19:46,057] - [core.cruds.user_crud] - [INFO] - [Executing CRUDUser.get_by_email for: owner@whitfieldwms.com]
[pid=9328] - [2026-08-13 20:19:46,058] - [core.database.database] - [INFO] - [Executing MongoDatabase function]
[pid=9328] - [2026-08-13 20:19:46,069] - [core.controllers.auth_controller] - [WARNING] - [Login failed: user email not found (owner@whitfieldwms.com)]
[pid=9328] - [2026-08-13 20:19:46,069] - [core.apis.routes.auth_router] - [ERROR] - [Error in POST /auth/login endpoint: 401: Invalid email or password]
[pid=9328] - [2026-08-13 20:19:54,346] - [core.apis.routes.auth_router] - [INFO] - [Calling POST /auth/login endpoint]
[pid=9328] - [2026-08-13 20:19:54,346] - [core.controllers.auth_controller] - [INFO] - [Executing AuthController.login]
[pid=9328] - [2026-08-13 20:19:54,347] - [core.cruds.user_crud] - [INFO] - [Executing CRUDUser.get_by_email for: owner@whitfield.com]
[pid=9328] - [2026-08-13 20:19:54,348] - [core.database.database] - [INFO] - [Executing MongoDatabase function]
[pid=9328] - [2026-08-13 20:19:54,351] - [commons.auth] - [INFO] - [Executing verify_password function]
[pid=9328] - [2026-08-13 20:19:54,782] - [core.controllers.auth_controller] - [WARNING] - [Login failed: invalid password for user (owner@whitfield.com)]
[pid=9328] - [2026-08-13 20:19:54,784] - [core.apis.routes.auth_router] - [ERROR] - [Error in POST /auth/login endpoint: 401: Invalid email or password]
[pid=9328] - [2026-08-13 20:20:20,724] - [core.apis.routes.auth_router] - [INFO] - [Calling POST /auth/login endpoint]
[pid=9328] - [2026-08-13 20:20:20,724] - [core.controllers.auth_controller] - [INFO] - [Executing AuthController.login]
[pid=9328] - [2026-08-13 20:20:20,725] - [core.cruds.user_crud] - [INFO] - [Executing CRUDUser.get_by_email for: owner@whitfield.com]
[pid=9328] - [2026-08-13 20:20:20,725] - [core.database.database] - [INFO] - [Executing MongoDatabase function]
[pid=9328] - [2026-08-13 20:20:20,728] - [commons.auth] - [INFO] - [Executing verify_password function]
[pid=9328] - [2026-08-13 20:20:21,292] - [commons.auth] - [INFO] - [Executing create_access_token function]
[pid=9328] - [2026-08-13 20:20:21,295] - [commons.auth] - [INFO] - [Executing create_refresh_token function]
[pid=9328] - [2026-08-13 20:20:21,297] - [core.controllers.auth_controller] - [INFO] - [User login successful: owner@whitfield.com (OWNER)]
[pid=9328] - [2026-08-13 20:29:11,223] - [commons.auth] - [INFO] - [Executing get_current_user dependency]
[pid=9328] - [2026-08-13 20:29:11,225] - [commons.auth] - [WARNING] - [Missing authentication token in request]
[pid=22224] - [2026-08-13 20:32:14,389] - [core.config.settings] - [INFO] - [Executing get_settings function]
[pid=9328] - [2026-08-13 20:32:15,190] - [core.apis.api] - [INFO] - [Executing application shutdown lifespan]
[pid=9328] - [2026-08-13 20:32:15,190] - [core.database.database] - [INFO] - [Executing close_mongo_connection function]
[pid=9328] - [2026-08-13 20:32:15,192] - [core.database.database] - [INFO] - [MongoDB connection closed successfully]
[pid=9328] - [2026-08-13 20:32:15,192] - [core.apis.api] - [INFO] - [Shutdown lifespan completed successfully]
[pid=22224] - [2026-08-13 20:32:15,266] - [core.apis.api] - [INFO] - [Executing application startup lifespan]
[pid=22224] - [2026-08-13 20:32:15,267] - [core.database.database] - [INFO] - [Executing connect_to_mongo function]
[pid=22224] - [2026-08-13 20:32:15,267] - [core.database.database] - [INFO] - [Executing _MongoClientSingleton.__new__ | DB: wms]
[pid=22224] - [2026-08-13 20:32:15,279] - [core.database.database] - [INFO] - [MongoDB singleton initialized successfully | URI: mongodb://localhost:27017/?replicaSet=rs0&directConnection=true]
[pid=22224] - [2026-08-13 20:32:15,279] - [core.database.database] - [INFO] - [Executing ping function]
[pid=22224] - [2026-08-13 20:32:15,279] - [core.database.database] - [INFO] - [Executing MongoDatabase function]
[pid=22224] - [2026-08-13 20:32:15,294] - [core.database.database] - [INFO] - [MongoDB ping successful]
[pid=22224] - [2026-08-13 20:32:15,295] - [core.database.database] - [INFO] - [MongoDB connection established successfully]
[pid=22224] - [2026-08-13 20:32:15,296] - [core.database.init_db] - [INFO] - [Executing init_db function]
[pid=22224] - [2026-08-13 20:32:15,296] - [core.database.database] - [INFO] - [Executing MongoDatabase function]
[pid=22224] - [2026-08-13 20:32:15,298] - [core.database.init_db] - [INFO] - [Index created: users.email (unique)]
[pid=22224] - [2026-08-13 20:32:15,300] - [core.database.init_db] - [INFO] - [Index created: warehouses.code (unique)]
[pid=22224] - [2026-08-13 20:32:15,301] - [core.database.init_db] - [INFO] - [Index created: inbox_shipments.tracking_number (unique, sparse)]
[pid=22224] - [2026-08-13 20:32:15,302] - [core.database.init_db] - [INFO] - [Index created: tickets.ticket_id (unique)]
[pid=22224] - [2026-08-13 20:32:15,305] - [core.database.init_db] - [INFO] - [Indexes created: items.ticket_id + unit_seq (unique), items.barcode]
[pid=22224] - [2026-08-13 20:32:15,307] - [core.database.init_db] - [INFO] - [Index created: orders.order_id (unique)]
[pid=22224] - [2026-08-13 20:32:15,308] - [core.database.init_db] - [INFO] - [Index created: storage_locations.warehouse_id + location_code (unique)]
[pid=22224] - [2026-08-13 20:32:15,310] - [core.database.init_db] - [INFO] - [Index created: counters.wh_code + date_str (unique)]
[pid=22224] - [2026-08-13 20:32:15,311] - [core.database.init_db] - [INFO] - [Index created: api_keys.key_hash (unique)]
[pid=22224] - [2026-08-13 20:32:15,312] - [core.database.init_db] - [INFO] - [Index created: idempotency_keys.key (unique)]
[pid=22224] - [2026-08-13 20:32:15,313] - [core.database.init_db] - [INFO] - [Database initialization and index creation completed successfully]
[pid=22224] - [2026-08-13 20:32:15,313] - [core.apis.api] - [INFO] - [Startup lifespan completed successfully]
[pid=21132] - [2026-08-13 20:32:17,574] - [core.config.settings] - [INFO] - [Executing get_settings function]
[pid=21132] - [2026-08-13 20:32:18,282] - [core.apis.api] - [INFO] - [Executing application startup lifespan]
[pid=21132] - [2026-08-13 20:32:18,283] - [core.database.database] - [INFO] - [Executing connect_to_mongo function]
[pid=21132] - [2026-08-13 20:32:18,283] - [core.database.database] - [INFO] - [Executing _MongoClientSingleton.__new__ | DB: wms]
[pid=21132] - [2026-08-13 20:32:18,292] - [core.database.database] - [INFO] - [MongoDB singleton initialized successfully | URI: mongodb://localhost:27017/?replicaSet=rs0&directConnection=true]
[pid=21132] - [2026-08-13 20:32:18,292] - [core.database.database] - [INFO] - [Executing ping function]
[pid=21132] - [2026-08-13 20:32:18,293] - [core.database.database] - [INFO] - [Executing MongoDatabase function]
[pid=21132] - [2026-08-13 20:32:18,309] - [core.database.database] - [INFO] - [MongoDB ping successful]
[pid=21132] - [2026-08-13 20:32:18,310] - [core.database.database] - [INFO] - [MongoDB connection established successfully]
[pid=21132] - [2026-08-13 20:32:18,311] - [core.database.init_db] - [INFO] - [Executing init_db function]
[pid=21132] - [2026-08-13 20:32:18,312] - [core.database.database] - [INFO] - [Executing MongoDatabase function]
[pid=21132] - [2026-08-13 20:32:18,314] - [core.database.init_db] - [INFO] - [Index created: users.email (unique)]
[pid=21132] - [2026-08-13 20:32:18,317] - [core.database.init_db] - [INFO] - [Index created: warehouses.code (unique)]
[pid=21132] - [2026-08-13 20:32:18,319] - [core.database.init_db] - [INFO] - [Index created: inbox_shipments.tracking_number (unique, sparse)]
[pid=21132] - [2026-08-13 20:32:18,321] - [core.database.init_db] - [INFO] - [Index created: tickets.ticket_id (unique)]
[pid=21132] - [2026-08-13 20:32:18,325] - [core.database.init_db] - [INFO] - [Indexes created: items.ticket_id + unit_seq (unique), items.barcode]
[pid=21132] - [2026-08-13 20:32:18,327] - [core.database.init_db] - [INFO] - [Index created: orders.order_id (unique)]
[pid=21132] - [2026-08-13 20:32:18,329] - [core.database.init_db] - [INFO] - [Index created: storage_locations.warehouse_id + location_code (unique)]
[pid=21132] - [2026-08-13 20:32:18,331] - [core.database.init_db] - [INFO] - [Index created: counters.wh_code + date_str (unique)]
[pid=21132] - [2026-08-13 20:32:18,334] - [core.database.init_db] - [INFO] - [Index created: api_keys.key_hash (unique)]
[pid=21132] - [2026-08-13 20:32:18,336] - [core.database.init_db] - [INFO] - [Index created: idempotency_keys.key (unique)]
[pid=21132] - [2026-08-13 20:32:18,336] - [core.database.init_db] - [INFO] - [Database initialization and index creation completed successfully]
[pid=21132] - [2026-08-13 20:32:18,336] - [core.apis.api] - [INFO] - [Startup lifespan completed successfully]
[pid=21132] - [2026-08-13 20:32:59,451] - [core.apis.routes.auth_router] - [INFO] - [Calling POST /auth/login endpoint]
[pid=21132] - [2026-08-13 20:32:59,451] - [core.controllers.auth_controller] - [INFO] - [Executing AuthController.login]
[pid=21132] - [2026-08-13 20:32:59,452] - [core.cruds.user_crud] - [INFO] - [Executing CRUDUser.get_by_email for: owner@whitfield.com]
[pid=21132] - [2026-08-13 20:32:59,452] - [core.database.database] - [INFO] - [Executing MongoDatabase function]
[pid=21132] - [2026-08-13 20:32:59,458] - [commons.auth] - [INFO] - [Executing verify_password function]
[pid=21132] - [2026-08-13 20:32:59,949] - [core.controllers.auth_controller] - [WARNING] - [Login failed: invalid password for user (owner@whitfield.com)]
[pid=21132] - [2026-08-13 20:32:59,951] - [core.apis.routes.auth_router] - [ERROR] - [Error in POST /auth/login endpoint: 401: Invalid email or password]
[pid=21132] - [2026-08-13 20:33:38,000] - [core.apis.routes.auth_router] - [INFO] - [Calling POST /auth/login endpoint]
[pid=21132] - [2026-08-13 20:33:38,001] - [core.controllers.auth_controller] - [INFO] - [Executing AuthController.login]
[pid=21132] - [2026-08-13 20:33:38,001] - [core.cruds.user_crud] - [INFO] - [Executing CRUDUser.get_by_email for: owner@whitfield.com]
[pid=21132] - [2026-08-13 20:33:38,005] - [core.database.database] - [INFO] - [Executing MongoDatabase function]
[pid=21132] - [2026-08-13 20:33:38,008] - [commons.auth] - [INFO] - [Executing verify_password function]
[pid=21132] - [2026-08-13 20:33:38,431] - [core.controllers.auth_controller] - [WARNING] - [Login failed: invalid password for user (owner@whitfield.com)]
[pid=21132] - [2026-08-13 20:33:38,432] - [core.apis.routes.auth_router] - [ERROR] - [Error in POST /auth/login endpoint: 401: Invalid email or password]
[pid=21132] - [2026-08-13 20:34:26,202] - [core.apis.routes.auth_router] - [INFO] - [Calling POST /auth/login endpoint]
[pid=21132] - [2026-08-13 20:34:26,202] - [core.controllers.auth_controller] - [INFO] - [Executing AuthController.login]
[pid=21132] - [2026-08-13 20:34:26,203] - [core.cruds.user_crud] - [INFO] - [Executing CRUDUser.get_by_email for: owner@whitfield.com]
[pid=21132] - [2026-08-13 20:34:26,203] - [core.database.database] - [INFO] - [Executing MongoDatabase function]
[pid=21132] - [2026-08-13 20:34:26,207] - [commons.auth] - [INFO] - [Executing verify_password function]
[pid=21132] - [2026-08-13 20:34:26,672] - [commons.auth] - [INFO] - [Executing create_access_token function]
[pid=21132] - [2026-08-13 20:34:26,673] - [commons.auth] - [INFO] - [Executing create_refresh_token function]
[pid=21132] - [2026-08-13 20:34:26,674] - [core.controllers.auth_controller] - [INFO] - [User login successful: owner@whitfield.com (OWNER)]
[pid=21132] - [2026-08-13 20:40:44,531] - [commons.auth] - [INFO] - [Executing get_current_user dependency]
[pid=21132] - [2026-08-13 20:40:44,531] - [commons.auth] - [INFO] - [Executing decodeJWT function]
[pid=21132] - [2026-08-13 20:40:44,535] - [commons.auth] - [WARNING] - [Failed to decode JWT token: Signature verification failed]
[pid=21132] - [2026-08-13 20:40:44,536] - [commons.auth] - [WARNING] - [Invalid or expired JWT access token]
[pid=21132] - [2026-08-13 20:42:50,955] - [core.apis.routes.auth_router] - [INFO] - [Calling POST /auth/login endpoint]
[pid=21132] - [2026-08-13 20:42:50,959] - [core.controllers.auth_controller] - [INFO] - [Executing AuthController.login]
[pid=21132] - [2026-08-13 20:42:50,959] - [core.cruds.user_crud] - [INFO] - [Executing CRUDUser.get_by_email for: manager@whitfield.com]
[pid=21132] - [2026-08-13 20:42:50,959] - [core.database.database] - [INFO] - [Executing MongoDatabase function]
[pid=21132] - [2026-08-13 20:42:50,963] - [core.controllers.auth_controller] - [WARNING] - [Login failed: user email not found (manager@whitfield.com)]
[pid=21132] - [2026-08-13 20:42:50,967] - [core.apis.routes.auth_router] - [ERROR] - [Error in POST /auth/login endpoint: 401: Invalid email or password]
[pid=21132] - [2026-08-13 20:53:52,341] - [core.apis.api] - [INFO] - [Executing application shutdown lifespan]
[pid=21132] - [2026-08-13 20:53:52,342] - [core.database.database] - [INFO] - [Executing close_mongo_connection function]
[pid=21132] - [2026-08-13 20:53:52,344] - [core.database.database] - [INFO] - [MongoDB connection closed successfully]
[pid=21132] - [2026-08-13 20:53:52,345] - [core.apis.api] - [INFO] - [Shutdown lifespan completed successfully]
[pid=22224] - [2026-08-13 20:53:53,877] - [core.apis.api] - [INFO] - [Executing application shutdown lifespan]
[pid=22224] - [2026-08-13 20:53:53,878] - [core.database.database] - [INFO] - [Executing close_mongo_connection function]
[pid=22224] - [2026-08-13 20:53:53,884] - [core.database.database] - [INFO] - [MongoDB connection closed successfully]
[pid=22224] - [2026-08-13 20:53:53,885] - [core.apis.api] - [INFO] - [Shutdown lifespan completed successfully]
[pid=16204] - [2026-08-13 20:53:54,299] - [core.config.settings] - [INFO] - [Executing get_settings function]
[pid=16204] - [2026-08-13 20:53:55,124] - [core.apis.api] - [INFO] - [Executing application startup lifespan]
[pid=16204] - [2026-08-13 20:53:55,127] - [core.database.database] - [INFO] - [Executing connect_to_mongo function]
[pid=16204] - [2026-08-13 20:53:55,127] - [core.database.database] - [INFO] - [Executing _MongoClientSingleton.__new__ | DB: wms]
[pid=16204] - [2026-08-13 20:53:55,146] - [core.database.database] - [INFO] - [MongoDB singleton initialized successfully | URI: mongodb://localhost:27017/?replicaSet=rs0&directConnection=true]
[pid=16204] - [2026-08-13 20:53:55,149] - [core.database.database] - [INFO] - [Executing ping function]
[pid=16204] - [2026-08-13 20:53:55,150] - [core.database.database] - [INFO] - [Executing MongoDatabase function]
[pid=16204] - [2026-08-13 20:53:55,191] - [core.database.database] - [INFO] - [MongoDB ping successful]
[pid=16204] - [2026-08-13 20:53:55,191] - [core.database.database] - [INFO] - [MongoDB connection established successfully]
[pid=16204] - [2026-08-13 20:53:55,191] - [core.database.init_db] - [INFO] - [Executing init_db function]
[pid=16204] - [2026-08-13 20:53:55,192] - [core.database.database] - [INFO] - [Executing MongoDatabase function]
[pid=16204] - [2026-08-13 20:53:55,194] - [core.database.init_db] - [INFO] - [Index created: users.email (unique)]
[pid=16204] - [2026-08-13 20:53:55,195] - [core.database.init_db] - [INFO] - [Index created: warehouses.code (unique)]
[pid=16204] - [2026-08-13 20:53:55,197] - [core.database.init_db] - [INFO] - [Index created: inbox_shipments.tracking_number (unique, sparse)]
[pid=16204] - [2026-08-13 20:53:55,200] - [core.database.init_db] - [INFO] - [Index created: tickets.ticket_id (unique)]
[pid=16204] - [2026-08-13 20:53:55,204] - [core.database.init_db] - [INFO] - [Indexes created: items.ticket_id + unit_seq (unique), items.barcode]
[pid=16204] - [2026-08-13 20:53:55,206] - [core.database.init_db] - [INFO] - [Index created: orders.order_id (unique)]
[pid=16204] - [2026-08-13 20:53:55,208] - [core.database.init_db] - [INFO] - [Index created: storage_locations.warehouse_id + location_code (unique)]
[pid=16204] - [2026-08-13 20:53:55,209] - [core.database.init_db] - [INFO] - [Index created: counters.wh_code + date_str (unique)]
[pid=16204] - [2026-08-13 20:53:55,212] - [core.database.init_db] - [INFO] - [Index created: api_keys.key_hash (unique)]
[pid=16204] - [2026-08-13 20:53:55,214] - [core.database.init_db] - [INFO] - [Index created: idempotency_keys.key (unique)]
[pid=16204] - [2026-08-13 20:53:55,214] - [core.database.init_db] - [INFO] - [Database initialization and index creation completed successfully]
[pid=16204] - [2026-08-13 20:53:55,215] - [core.apis.api] - [INFO] - [Startup lifespan completed successfully]
[pid=9416] - [2026-08-13 20:53:55,650] - [core.config.settings] - [INFO] - [Executing get_settings function]
[pid=9416] - [2026-08-13 20:53:56,375] - [core.apis.api] - [INFO] - [Executing application startup lifespan]
[pid=9416] - [2026-08-13 20:53:56,375] - [core.database.database] - [INFO] - [Executing connect_to_mongo function]
[pid=9416] - [2026-08-13 20:53:56,376] - [core.database.database] - [INFO] - [Executing _MongoClientSingleton.__new__ | DB: wms]
[pid=9416] - [2026-08-13 20:53:56,386] - [core.database.database] - [INFO] - [MongoDB singleton initialized successfully | URI: mongodb://localhost:27017/?replicaSet=rs0&directConnection=true]
[pid=9416] - [2026-08-13 20:53:56,387] - [core.database.database] - [INFO] - [Executing ping function]
[pid=9416] - [2026-08-13 20:53:56,388] - [core.database.database] - [INFO] - [Executing MongoDatabase function]
[pid=9416] - [2026-08-13 20:53:56,431] - [core.database.database] - [INFO] - [MongoDB ping successful]
[pid=9416] - [2026-08-13 20:53:56,431] - [core.database.database] - [INFO] - [MongoDB connection established successfully]
[pid=9416] - [2026-08-13 20:53:56,433] - [core.database.init_db] - [INFO] - [Executing init_db function]
[pid=9416] - [2026-08-13 20:53:56,434] - [core.database.database] - [INFO] - [Executing MongoDatabase function]
[pid=9416] - [2026-08-13 20:53:56,438] - [core.database.init_db] - [INFO] - [Index created: users.email (unique)]
[pid=9416] - [2026-08-13 20:53:56,443] - [core.database.init_db] - [INFO] - [Index created: warehouses.code (unique)]
[pid=9416] - [2026-08-13 20:53:56,447] - [core.database.init_db] - [INFO] - [Index created: inbox_shipments.tracking_number (unique, sparse)]
[pid=9416] - [2026-08-13 20:53:56,450] - [core.database.init_db] - [INFO] - [Index created: tickets.ticket_id (unique)]
[pid=9416] - [2026-08-13 20:53:56,454] - [core.database.init_db] - [INFO] - [Indexes created: items.ticket_id + unit_seq (unique), items.barcode]
[pid=9416] - [2026-08-13 20:53:56,458] - [core.database.init_db] - [INFO] - [Index created: orders.order_id (unique)]
[pid=9416] - [2026-08-13 20:53:56,463] - [core.database.init_db] - [INFO] - [Index created: storage_locations.warehouse_id + location_code (unique)]
[pid=9416] - [2026-08-13 20:53:56,467] - [core.database.init_db] - [INFO] - [Index created: counters.wh_code + date_str (unique)]
[pid=9416] - [2026-08-13 20:53:56,471] - [core.database.init_db] - [INFO] - [Index created: api_keys.key_hash (unique)]
[pid=9416] - [2026-08-13 20:53:56,475] - [core.database.init_db] - [INFO] - [Index created: idempotency_keys.key (unique)]
[pid=9416] - [2026-08-13 20:53:56,477] - [core.database.init_db] - [INFO] - [Database initialization and index creation completed successfully]
[pid=9416] - [2026-08-13 20:53:56,478] - [core.apis.api] - [INFO] - [Startup lifespan completed successfully]
[pid=16204] - [2026-08-13 20:57:09,438] - [core.apis.routes.auth_router] - [INFO] - [Calling POST /auth/login endpoint]
[pid=16204] - [2026-08-13 20:57:09,441] - [core.controllers.auth_controller] - [INFO] - [Executing AuthController.login]
[pid=16204] - [2026-08-13 20:57:09,443] - [core.cruds.user_crud] - [INFO] - [Executing CRUDUser.get_by_email for: owner@whitfield.com]
[pid=16204] - [2026-08-13 20:57:09,444] - [core.database.database] - [INFO] - [Executing MongoDatabase function]
[pid=16204] - [2026-08-13 20:57:09,449] - [commons.auth] - [INFO] - [Executing verify_password function]
[pid=16204] - [2026-08-13 20:57:09,860] - [commons.auth] - [INFO] - [Executing create_access_token function]
[pid=16204] - [2026-08-13 20:57:09,862] - [commons.auth] - [INFO] - [Executing create_refresh_token function]
[pid=16204] - [2026-08-13 20:57:09,863] - [core.controllers.auth_controller] - [INFO] - [User login successful: owner@whitfield.com (OWNER)]
[pid=16204] - [2026-08-13 20:58:18,525] - [commons.auth] - [INFO] - [Executing get_current_user dependency]
[pid=16204] - [2026-08-13 20:58:18,525] - [commons.auth] - [INFO] - [Executing decodeJWT function]
[pid=16204] - [2026-08-13 20:58:18,526] - [core.cruds.user_crud] - [INFO] - [Executing CRUDUser.get_by_id for ID: 6a7dd95c1c9f4bf7ba478777]
[pid=16204] - [2026-08-13 20:58:18,526] - [core.database.database] - [INFO] - [Executing MongoDatabase function]
[pid=16204] - [2026-08-13 20:58:18,533] - [commons.auth] - [INFO] - [Executing require_roles dependency check]
[pid=16204] - [2026-08-13 20:58:18,541] - [core.apis.routes.user_router] - [INFO] - [Calling POST /users/managers endpoint]
[pid=16204] - [2026-08-13 20:58:18,541] - [core.services.wms_service] - [INFO] - [Executing AuditService.__init__]
[pid=16204] - [2026-08-13 20:58:18,542] - [core.controllers.user_controller] - [INFO] - [Executing UserController.create_manager]
[pid=16204] - [2026-08-13 20:58:18,543] - [core.cruds.user_crud] - [INFO] - [Executing CRUDUser.get_by_email for: manager@whitfield.com]
[pid=16204] - [2026-08-13 20:58:18,547] - [core.database.database] - [INFO] - [Executing MongoDatabase function]
[pid=16204] - [2026-08-13 20:58:18,552] - [core.cruds.wms_crud] - [INFO] - [Executing CRUDWarehouse.get_by_id for ID: wh_001]
[pid=16204] - [2026-08-13 20:58:18,553] - [core.database.database] - [INFO] - [Executing MongoDatabase function]
[pid=16204] - [2026-08-13 20:58:18,557] - [core.controllers.user_controller] - [WARNING] - [Manager creation rejected: warehouse wh_001 not found]
[pid=16204] - [2026-08-13 20:58:18,558] - [core.apis.routes.user_router] - [ERROR] - [Error in POST /users/managers endpoint: 404: Warehouse ID 'wh_001' does not exist]
[pid=16204] - [2026-08-13 21:00:26,428] - [commons.auth] - [INFO] - [Executing get_current_user dependency]
[pid=16204] - [2026-08-13 21:00:26,428] - [commons.auth] - [INFO] - [Executing decodeJWT function]
[pid=16204] - [2026-08-13 21:00:26,428] - [core.cruds.user_crud] - [INFO] - [Executing CRUDUser.get_by_id for ID: 6a7dd95c1c9f4bf7ba478777]
[pid=16204] - [2026-08-13 21:00:26,429] - [core.database.database] - [INFO] - [Executing MongoDatabase function]
[pid=16204] - [2026-08-13 21:00:26,430] - [commons.auth] - [INFO] - [Executing require_roles dependency check]
[pid=16204] - [2026-08-13 21:00:26,432] - [core.apis.routes.wms_router] - [INFO] - [Calling POST /warehouses endpoint]
[pid=16204] - [2026-08-13 21:00:26,432] - [core.apis.routes.wms_router] - [INFO] - [Calling POST /warehouses endpoint]
[pid=16204] - [2026-08-13 21:00:26,432] - [core.apis.routes.wms_router] - [INFO] - [Calling POST /warehouses endpoint]
[pid=16204] - [2026-08-13 21:00:26,432] - [core.apis.routes.wms_router] - [INFO] - [Calling POST /warehouses endpoint]
[pid=16204] - [2026-08-13 21:00:26,432] - [core.apis.routes.wms_router] - [INFO] - [Calling POST /warehouses endpoint]
[pid=16204] - [2026-08-13 21:00:26,432] - [core.apis.routes.wms_router] - [INFO] - [Calling POST /warehouses endpoint]
[pid=16204] - [2026-08-13 21:00:26,432] - [core.apis.routes.wms_router] - [INFO] - [Calling POST /warehouses endpoint]
[pid=16204] - [2026-08-13 21:00:26,432] - [core.apis.routes.wms_router] - [INFO] - [Calling POST /warehouses endpoint]
[pid=16204] - [2026-08-13 21:00:26,432] - [core.apis.routes.wms_router] - [INFO] - [Calling POST /warehouses endpoint]
[pid=16204] - [2026-08-13 21:00:26,432] - [core.apis.routes.wms_router] - [INFO] - [Calling POST /warehouses endpoint]
[pid=16204] - [2026-08-13 21:00:26,432] - [core.apis.routes.wms_router] - [INFO] - [Calling POST /warehouses endpoint]
[pid=16204] - [2026-08-13 21:00:26,432] - [core.apis.routes.wms_router] - [INFO] - [Calling POST /warehouses endpoint]
[pid=16204] - [2026-08-13 21:00:26,432] - [core.apis.routes.wms_router] - [INFO] - [Calling POST /warehouses endpoint]
[pid=16204] - [2026-08-13 21:00:26,432] - [core.apis.routes.wms_router] - [INFO] - [Calling POST /warehouses endpoint]
[pid=16204] - [2026-08-13 21:00:26,455] - [core.controllers.wms_controller] - [INFO] - [Executing WarehouseController.create_warehouse]
[pid=16204] - [2026-08-13 21:00:26,457] - [core.cruds.wms_crud] - [INFO] - [Executing CRUDWarehouse.get_by_code for code: RNO]
[pid=16204] - [2026-08-13 21:00:26,458] - [core.database.database] - [INFO] - [Executing MongoDatabase function]
[pid=16204] - [2026-08-13 21:00:26,462] - [core.cruds.wms_crud] - [INFO] - [Executing CRUDWarehouse.create]
[pid=16204] - [2026-08-13 21:00:26,462] - [core.database.database] - [INFO] - [Executing MongoDatabase function]
[pid=16204] - [2026-08-13 21:00:26,474] - [core.services.wms_service] - [INFO] - [Executing AuditService.log_mutation | Action: CREATE | Collection: warehouses]
[pid=16204] - [2026-08-13 21:00:26,476] - [core.cruds.wms_crud] - [INFO] - [Executing CRUDAuditLog.create]
[pid=16204] - [2026-08-13 21:00:26,478] - [core.database.database] - [INFO] - [Executing MongoDatabase function]
[pid=16204] - [2026-08-13 21:00:26,525] - [core.controllers.wms_controller] - [INFO] - [Warehouse created successfully: RNO]
[pid=16204] - [2026-08-13 21:01:10,527] - [commons.auth] - [INFO] - [Executing get_current_user dependency]
[pid=16204] - [2026-08-13 21:01:10,527] - [commons.auth] - [INFO] - [Executing decodeJWT function]
[pid=16204] - [2026-08-13 21:01:10,528] - [core.cruds.user_crud] - [INFO] - [Executing CRUDUser.get_by_id for ID: 6a7dd95c1c9f4bf7ba478777]
[pid=16204] - [2026-08-13 21:01:10,528] - [core.database.database] - [INFO] - [Executing MongoDatabase function]
[pid=16204] - [2026-08-13 21:01:10,531] - [commons.auth] - [INFO] - [Executing require_roles dependency check]
[pid=16204] - [2026-08-13 21:01:10,538] - [core.apis.routes.user_router] - [INFO] - [Calling POST /users/managers endpoint]
[pid=16204] - [2026-08-13 21:01:10,539] - [core.controllers.user_controller] - [INFO] - [Executing UserController.create_manager]
[pid=16204] - [2026-08-13 21:01:10,541] - [core.cruds.user_crud] - [INFO] - [Executing CRUDUser.get_by_email for: manager@whitfield.com]
[pid=16204] - [2026-08-13 21:01:10,542] - [core.database.database] - [INFO] - [Executing MongoDatabase function]
[pid=16204] - [2026-08-13 21:01:10,544] - [core.cruds.wms_crud] - [INFO] - [Executing CRUDWarehouse.get_by_id for ID: wh_001]
[pid=16204] - [2026-08-13 21:01:10,545] - [core.database.database] - [INFO] - [Executing MongoDatabase function]
[pid=16204] - [2026-08-13 21:01:10,548] - [core.controllers.user_controller] - [WARNING] - [Manager creation rejected: warehouse wh_001 not found]
[pid=16204] - [2026-08-13 21:01:10,549] - [core.apis.routes.user_router] - [ERROR] - [Error in POST /users/managers endpoint: 404: Warehouse ID 'wh_001' does not exist]
[pid=16204] - [2026-08-13 21:05:31,143] - [commons.auth] - [INFO] - [Executing get_current_user dependency]
[pid=16204] - [2026-08-13 21:05:31,147] - [commons.auth] - [INFO] - [Executing decodeJWT function]
[pid=16204] - [2026-08-13 21:05:31,155] - [core.cruds.user_crud] - [INFO] - [Executing CRUDUser.get_by_id for ID: 6a7dd95c1c9f4bf7ba478777]
[pid=16204] - [2026-08-13 21:05:31,156] - [core.database.database] - [INFO] - [Executing MongoDatabase function]
[pid=16204] - [2026-08-13 21:05:31,160] - [commons.auth] - [INFO] - [Executing require_roles dependency check]
[pid=16204] - [2026-08-13 21:05:31,161] - [core.apis.routes.user_router] - [INFO] - [Calling POST /users/managers endpoint]
[pid=16204] - [2026-08-13 21:05:31,161] - [core.controllers.user_controller] - [INFO] - [Executing UserController.create_manager]
[pid=16204] - [2026-08-13 21:05:31,163] - [core.cruds.user_crud] - [INFO] - [Executing CRUDUser.get_by_email for: manager@whitfield.com]
[pid=16204] - [2026-08-13 21:05:31,167] - [core.database.database] - [INFO] - [Executing MongoDatabase function]
[pid=16204] - [2026-08-13 21:05:31,174] - [core.cruds.wms_crud] - [INFO] - [Executing CRUDWarehouse.get_by_id for ID: 6a7de31233056991c541a004]
[pid=16204] - [2026-08-13 21:05:31,175] - [core.database.database] - [INFO] - [Executing MongoDatabase function]
[pid=16204] - [2026-08-13 21:05:31,181] - [commons.auth] - [INFO] - [Executing hash_password function]
[pid=16204] - [2026-08-13 21:05:31,636] - [core.cruds.user_crud] - [INFO] - [Executing CRUDUser.create]
[pid=16204] - [2026-08-13 21:05:31,637] - [core.database.database] - [INFO] - [Executing MongoDatabase function]
[pid=16204] - [2026-08-13 21:05:31,646] - [core.cruds.wms_crud] - [INFO] - [Executing CRUDWarehouse.update for ID: 6a7de31233056991c541a004]
[pid=16204] - [2026-08-13 21:05:31,649] - [core.database.database] - [INFO] - [Executing MongoDatabase function]
[pid=16204] - [2026-08-13 21:05:31,656] - [core.services.wms_service] - [INFO] - [Executing AuditService.log_mutation | Action: CREATE | Collection: users]
[pid=16204] - [2026-08-13 21:05:31,657] - [core.cruds.wms_crud] - [INFO] - [Executing CRUDAuditLog.create]
[pid=16204] - [2026-08-13 21:05:31,658] - [core.database.database] - [INFO] - [Executing MongoDatabase function]
[pid=16204] - [2026-08-13 21:05:31,665] - [core.controllers.user_controller] - [INFO] - [Manager user created successfully: manager@whitfield.com]
[pid=16204] - [2026-08-13 21:27:31,377] - [core.apis.api] - [INFO] - [Executing application shutdown lifespan]
[pid=16204] - [2026-08-13 21:27:31,377] - [core.database.database] - [INFO] - [Executing close_mongo_connection function]
[pid=16204] - [2026-08-13 21:27:31,381] - [core.database.database] - [INFO] - [MongoDB connection closed successfully]
[pid=16204] - [2026-08-13 21:27:31,382] - [core.apis.api] - [INFO] - [Shutdown lifespan completed successfully]
[pid=9416] - [2026-08-13 21:27:31,410] - [core.apis.api] - [INFO] - [Executing application shutdown lifespan]
[pid=9416] - [2026-08-13 21:27:31,411] - [core.database.database] - [INFO] - [Executing close_mongo_connection function]
[pid=9416] - [2026-08-13 21:27:31,415] - [core.database.database] - [INFO] - [MongoDB connection closed successfully]
[pid=9416] - [2026-08-13 21:27:31,416] - [core.apis.api] - [INFO] - [Shutdown lifespan completed successfully]
